run_pos,sensor_059__value,sensor_059__z,sensor_021__value,sensor_021__z,sensor_000__value,sensor_000__z,sensor_477__value,sensor_477__z,sensor_341__value,sensor_341__z,sensor_205__value,sensor_205__z,sensor_128__value,sensor_128__z,sensor_126__value,sensor_126__z,sensor_022__value,sensor_022__z,sensor_122__value,sensor_122__z
0,-1.7264,-1.012595565887176,-5419.0,0.5516629958796838,3030.93,0.3662392636537133,5.8142,-0.35396784466233067,2.8551,-0.1495967835870977,8.64,-0.31568110857425685,3.188,0.1582804508400993,3.353,5.088330177732808,2916.5,0.4721946838884611,2.639,-3.6370161086191417
1,0.8073,-0.7192855157425899,-5441.5,0.5132272471285657,3095.78,1.3734375893683195,5.8042,-0.356495026428983,2.4278,-0.4304981260430316,8.96,-0.2549234777111539,3.272,0.9581526187102136,2.771,0.5276900665817241,2604.25,-0.6688018843072601,2.541,-3.943842306341165
2,23.8245,1.9452667541346524,-5447.75,0.5025506502532552,2932.61,-1.1607883290102687,9.1221,0.4819986119286176,3.7663,0.4494139892793822,13.3,0.5691018908696783,3.272,0.9581526187102136,3.094,3.058766966756637,2701.75,-0.3125259342701654,2.882,-2.8762123734512666
3,24.3791,2.0094692065995012,-5468.25,0.4675314125022365,2988.72,-0.2893326920658446,6.4746,-0.18707276079260599,3.0229,-0.039287293149218895,9.56,-0.1410029198428362,3.119,-0.49875740133892554,2.48,-1.752629988993816,2648.25,-0.5080209427520583,3.132,-2.093492481303248
4,-12.2945,-2.2359961030198283,-5476.25,0.45386536850183895,3032.24,0.38658513576915005,6.1979,-0.25699988027587795,3.0939,0.007387163472291394,9.09,-0.2302406901730186,3.299,1.2152543869541812,3.027,2.5337448233767033,2635.25,-0.5555244027570043,3.148,-2.0433984082057743
5,28.2955,2.4628454865009335,-6058.0,-0.5399122686520691,2946.25,-0.9489427598083101,8.5143,0.32839650415148475,3.7242,0.42173800866296557,12.32,0.3830316463514258,3.272,0.9581526187102136,2.771,0.5276900665817241,2953.75,0.6083103673641717,2.541,-3.943842306341165
6,2.1109,-0.5683761810271608,-6154.0,-0.7039047966568395,3030.27,0.3559886715955562,8.8016,0.4010024363074083,4.1816,0.7224266911795679,13.41,0.5899873264788698,3.383,2.0151265548243,2.854,1.1780906322613471,2691.75,-0.34906705735089305,2.575,-3.8373924010090334
7,29.1309,2.5595543375451717,-5395.5,0.5918070001308515,3058.88,0.8003363061166796,11.8759,1.1779339268293563,4.958,1.232821735136476,17.14,1.2981934612269124,3.442,2.5769415298759317,2.645,-0.4596650090283029,2551.75,-0.8606427804810803,2.27,-4.792310669429617
8,26.9791,2.310454378630888,-4196.5,2.6400053446904317,2967.68,-0.6161091419198949,4.9673,-0.5679948684801226,2.7826,-0.19725732027807655,7.18,-0.5928877993871637,3.442,2.5769415298759317,2.645,-0.4596650090283029,2059.5,-2.659379564129899,2.27,-4.792310669429617
9,28.3118,2.464732432002515,-5357.5,0.6567207091327398,3016.11,0.13606687834777517,16.9701,2.4653308623974226,6.2758,2.0991259455002242,24.97,2.7848567414084595,3.442,2.5769415298759317,2.645,-0.4596650090283029,2872.5,0.3114137423332594,2.27,-4.792310669429617
10,27.8373,2.409802638106786,-2727.5,5.149432674263428,2994.05,-0.2065513955961575,8.8454,0.41207149244534563,3.27,0.12315296362789616,12.79,0.4722694166816078,3.299,1.2152543869541812,3.027,2.5337448233767033,1400.0,-5.069266631303888,3.148,-2.0433984082057743
11,25.0836,2.091024611867237,-6097.75,-0.6078154247790443,2928.84,-1.219340953342482,8.3929,0.29771651750432426,3.9784,0.5888457111022316,12.1,0.3412607751330424,3.267,0.9105411801465171,2.78,0.5982154291252968,2808.0,0.075723498462566,2.661,-3.5681367581101155
12,22.6227,1.806142146539529,-5521.25,0.37699387099960285,2920.07,-1.3555495781152966,4.5258,-0.6795699434778261,1.955,-0.7413105639395106,6.45,-0.731491144793617,3.383,2.0151265548243,2.854,1.1780906322613471,2592.75,-0.7108241758500968,2.575,-3.8373924010090334
13,-1.1927,-0.9508125711513488,-6069.75,-0.5599842707776529,3051.44,0.6847841774610638,4.3639,-0.7204850162799284,1.9278,-0.7591914825325399,6.34,-0.7523765804028086,3.171,-0.00359844027647546,2.572,-1.0317040607706203,2858.25,0.2593426419432225,3.038,-2.387795160750904
14,17.6382,1.2291188426970503,-1431.5,7.363331802327829,2963.97,-0.6737298942468217,5.096,-0.5354700391433062,2.4251,-0.4322730701680749,7.65,-0.5036500290569813,3.171,-0.00359844027647546,2.572,-1.0317040607706203,619.5,-7.921301287754682,3.038,-2.387795160750904
15,20.4209,1.5512540112400266,-2694.75,5.2053780418900555,2988.31,-0.29570048410197164,8.0698,0.21606327462378555,3.6206,0.35363274519833937,12.13,0.34695680302645854,3.207,0.3392039173821467,2.77,0.5198539151879946,1476.25,-4.79064056781334,3.263,-1.6833472578176867
16,-8.1182,-1.7525328822680286,-5757.25,-0.026154427012124348,3028.02,0.3210434713972855,4.1477,-0.7751226860749534,2.049,-0.679516212919483,6.23,-0.7732620160120001,3.207,0.3392039173821467,2.77,0.5198539151879946,2675.75,-0.4075328542800573,3.263,-1.6833472578176867
17,-5.5327,-1.4532262813883554,-5612.5,0.2211155566200685,3032.73,0.39419542381233263,4.2575,-0.74737423027711,2.1292,-0.626793798538566,6.54,-0.7144030611133693,3.207,0.3392039173821467,2.77,0.5198539151879946,3417.75,2.303818478309935,3.263,-1.6833472578176867
18,0.4836,-0.7567581696604975,-5575.25,0.2847480739969195,3040.34,0.5123878564829301,3.9691,-0.8202581524273653,1.8126,-0.8349224318677225,5.95,-0.8264249430172151,3.555,3.652960041415495,2.582,-0.9533425468333182,2755.5,-0.11611739771125422,3.15,-2.037136649068591
19,22.4736,1.7888818045588066,-5469.25,0.4658231570021868,2988.3,-0.2958557961028492,18.3408,2.8117316671524684,7.5898,2.962932086354652,27.08,3.1854773699120438,3.555,3.652960041415495,2.582,-0.9533425468333182,2685.5,-0.3719052592763478,3.15,-2.037136649068591
20,3.97,-0.353160206671949,-5441.0,0.5140813748785906,2987.32,-0.31107637218920736,6.5183,-0.17602897647233492,3.0877,0.003311365851821356,9.29,-0.19226717088357945,3.555,3.652960041415495,2.582,-0.9533425468333182,2547.0,-0.8779998139444259,3.15,-2.037136649068591
21,0.12,-0.7988497883338098,-5434.0,0.5260391633789384,3010.41,0.04753903784548529,5.817,-0.35326023376766785,2.9003,-0.11988290416044621,8.33,-0.3745400634728878,3.555,3.652960041415495,2.582,-0.9533425468333182,2617.5,-0.6203848962252959,3.15,-2.037136649068591
22,-3.6564,-1.2360191743566282,-5310.25,0.7374357815100877,3002.27,-0.07888493087181186,4.4621,-0.6956680913314018,2.2724,-0.5326560212399706,6.93,-0.6403546984989628,2.996,-1.669998790005886,2.631,-0.5693711285405301,2717.5,-0.2549736654180193,3.361,-1.3765210600956623
23,18.3936,1.3165666115249381,-2664.25,5.257479834641572,2884.74,-1.9042668772285922,4.2732,-0.7434065549034657,1.9061,-0.7734567742041846,6.28,-0.7637686361896403,3.192,0.19636960169105733,2.671,-0.25592507279131455,1542.0,-4.550382683557555,3.034,-2.400318679025272
24,15.3536,0.9646454873036248,-2681.75,5.227585363390702,3010.41,0.04753903784548529,4.0729,-0.7940260056895135,1.987,-0.7202741891241821,6.14,-0.7903500996922479,3.765,5.6526404610907885,2.955,1.9695419230281155,1496.25,-4.717558321651885,1.877,-6.022746339886303
25,2.9964,-0.4658675772449329,-2706.0,5.186160167514497,2979.74,-0.42880286885716506,6.8058,-0.10337250068107842,2.7998,-0.18595026881483753,10.08,-0.04227176969029415,2.945,-2.1556354633556016,2.685,-0.1462189532790874,1445.75,-4.902090993209559,3.421,-1.188668285980139
26,-6.9155,-1.6133040874979714,-5611.75,0.22239674824510577,3067.35,0.9318855708630553,2.1242,-1.2864979165570671,1.0309,-1.3488016254034199,3.24,-1.3409661293891173,2.945,-2.1556354633556016,2.685,-0.1462189532790874,2736.25,-0.18645905964165496,3.421,-1.188668285980139
27,17.3873,1.2000737735960212,-5369.0,0.6370757708821684,2988.99,-0.28513926804205236,5.7628,-0.3669575589429238,2.4997,-0.3832320213798404,8.26,-0.3878307952241916,3.356,1.758024786580332,3.002,2.337841038533441,2732.0,-0.2019890369509642,3.759,-0.13043099179601741
28,13.1136,0.7053351852458148,-5217.5,0.8958764791396966,2972.78,-0.5369000214704758,5.8357,-0.3485344038640279,2.3546,-0.4786188334330956,8.32,-0.3764387394373597,2.945,-2.1556354633556016,2.685,-0.1462189532790874,3015.25,0.8330382743106468,3.421,-1.188668285980139
29,14.7073,0.8898275193482844,-5416.0,0.5567877623798329,2981.85,-0.39603203667122927,6.1651,-0.26528903647049784,2.9321,-0.09897800668771345,9.1,-0.22834201420854666,3.491,3.0435336278001666,3.124,3.29385150856855,2588.0,-0.7281812093134425,2.647,-3.6119690720704054
30,29.5109,2.6035444780728354,-5500.5,0.4124401726256339,2975.88,-0.48875330119730426,4.0444,-0.8012284737244727,1.6795,-0.9224206033652297,5.88,-0.8397156747685189,3.356,1.758024786580332,3.002,2.337841038533441,2739.5,-0.17458319464041847,3.759,-0.13043099179601741
31,13.1482,0.7093406033043863,-5497.75,0.4171378752507706,3058.61,0.7961428820928874,4.6964,-0.6364562225387362,2.1644,-0.6036537862417045,6.98,-0.6308613186766029,2.945,-2.1556354633556016,2.685,-0.1462189532790874,2535.75,-0.9191085774102445,3.421,-1.188668285980139
32,-3.3864,-1.204763021876446,-5507.75,0.4000553202502737,3047.19,0.6187765770865525,5.3197,-0.47893698302329185,2.6986,-0.252477804168314,8.04,-0.4296016664425749,3.569,3.7862720693938456,2.947,1.9068527118782723,2637.25,-0.5482161781408588,2.322,-4.6295049318628285
33,4.4036,-0.3029651410593301,-2622.5,5.328799501768646,2981.31,-0.40441888471881365,4.6098,-0.658341616637946,2.1024,-0.6444117624464036,6.8,-0.6650374860370983,3.569,3.7862720693938456,2.947,1.9068527118782723,1550.0,-4.521149785092974,2.322,-4.6295049318628285
34,17.5473,1.218595938028722,-6010.25,-0.4583430685246963,2963.83,-0.6759042622591566,4.4298,-0.7038308884376892,1.9537,-0.7421651666663833,6.38,-0.7447818765449208,3.491,3.0435336278001666,3.124,3.29385150856855,2805.75,0.06750174576940228,2.647,-3.6119690720704054
35,-10.1245,-1.984789247901325,-5548.0,0.3312980363732736,3040.72,0.5182897125164103,4.3614,-0.7211168117215917,2.3304,-0.49452759188718776,6.59,-0.7049096812910095,3.569,3.7862720693938456,2.947,1.9068527118782723,2637.0,-0.5491297062178769,2.322,-4.6295049318628285
36,13.9782,0.8054243312990212,-1362.0,7.4820555595812825,2989.47,-0.27768429199975436,6.0235,-0.3010739302862957,2.7344,-0.22894335984366515,8.67,-0.3099850806808411,3.491,3.0435336278001666,3.124,3.29385150856855,710.25,-7.589690595797079,2.647,-3.6119690720704054
37,13.4891,0.7488043898988094,-5452.75,0.4940093727530067,2981.54,-0.4008467086985457,6.9725,-0.061244380630982746,2.9765,-0.06979003663144512,10.38,0.014688509243864898,3.491,3.0435336278001666,3.124,3.29385150856855,2574.25,-0.778425253549443,2.647,-3.6119690720704054
38,24.9027,2.0700829897055146,-5493.75,0.42397089725096937,2958.09,-0.7650533507649636,6.9238,-0.07355175583458,3.1546,0.047290536950117534,9.93,-0.07075190915737367,3.491,3.0435336278001666,3.124,3.29385150856855,2550.5,-0.8652104208661713,2.647,-3.6119690720704054
39,23.4736,1.9046453322631862,-5525.5,0.36973378512439165,3017.21,0.15315119844470607,2.6882,-1.1439648649178715,1.2161,-1.227053606159706,3.92,-1.2118561638050238,3.335,1.5580567446128035,3.148,3.4819191420180795,2684.25,-0.3764728996614388,3.207,-1.858676513658843
40,15.1509,0.9411802202379471,-5085.25,1.1217932690212684,2962.14,-0.7021519904080807,5.1087,-0.5322605182996576,2.4526,-0.41419493556115206,7.37,-0.5568129560621963,3.491,3.0435336278001666,3.124,3.29385150856855,3493.75,2.5815310137234655,2.647,-3.6119690720704054
41,-2.6636,-1.1210891440517206,-5626.25,0.19762704349438523,3017.1,0.15144276643501087,3.9721,-0.8194999978973696,1.9726,-0.7297405577910799,6.0,-0.8169315631948554,3.569,3.7862720693938456,2.947,1.9068527118782723,2776.75,-0.03846751116470794,2.322,-4.6295049318628285
42,-2.4636,-1.0979364385108445,-6033.25,-0.4976329450258392,3021.26,0.21605255880159607,3.3684,-0.9720659611501752,1.6958,-0.9117051999436717,5.09,-0.9897110759618041,3.569,3.7862720693938456,2.947,1.9068527118782723,2642.5,-0.5290320885234768,2.322,-4.6295049318628285
43,19.3136,1.4230690570129674,-5415.75,0.5572148262548453,3000.36,-0.10854952304011936,7.128,-0.021946704159537894,3.2591,0.11598744845642493,10.13,-0.032778389867934195,2.949,-2.117546312504644,2.734,0.2377524650137007,2569.0,-0.7976093431668251,3.861,0.18891872420037523
44,8.3045,0.14861680416268377,-4731.0,1.7269427799138715,3047.78,0.6279399851385458,4.665,-0.6443915732860247,2.1769,-0.595436452329467,7.09,-0.6099758830674114,3.142,-0.27974478394592006,2.622,-0.6398964910841026,2148.5,-2.334163568711423,3.2,-1.8805926706389866
45,5.03,-0.23045086730530676,-5546.5,0.3338604196233481,2912.87,-1.467374218749767,13.4098,1.5655783380161685,6.6739,2.3608315959371704,20.78,1.9893115122947072,3.142,-0.27974478394592006,2.622,-0.6398964910841026,2632.75,-0.5646596835271862,3.2,-1.8805926706389866
46,12.0945,0.5873605741622817,-3281.0,4.203913254985924,3076.38,1.0721323076587845,5.2191,-0.504360431595815,2.3972,-0.45061415946018935,7.93,-0.4504871020517664,3.016,-1.4795530357510958,2.564,-1.0943932719204634,1523.25,-4.61889728933392,3.628,-0.5405762152815785
47,23.1373,1.8657140578962033,-4667.25,1.8358440680420394,3055.97,0.7551405138602447,9.4939,0.575959230012754,3.5742,0.32313000171611284,13.94,0.6906171525958837,3.016,-1.4795530357510958,2.564,-1.0943932719204634,2265.5,-1.9066324286669096,3.628,-0.5405762152815785
48,25.0382,2.0857689477094583,-5300.25,0.7545183365105846,2993.59,-0.2136957476366934,13.2681,1.529768172382704,5.6218,1.6691950352119476,19.73,1.7899505360251509,3.335,1.5580567446128035,3.148,3.4819191420180795,2631.0,-0.5710543800663136,3.207,-1.858676513658843
49,23.3109,1.8858106063056834,-5553.0,0.32275675887302513,2946.86,-0.9394687277545547,4.9295,-0.5775476155580687,2.3758,-0.4646822351179405,7.37,-0.5568129560621963,3.142,-0.27974478394592006,2.622,-0.6398964910841026,2616.5,-0.6240390085333687,3.2,-1.8805926706389866
50,23.9555,1.960431776263926,-5394.0,0.594369383380926,2942.31,-1.0101356881555048,4.3641,-0.7204344726445956,2.2094,-0.5740713841576488,6.49,-0.7238964409357291,3.142,-0.27974478394592006,2.622,-0.6398964910841026,2621.75,-0.6048549189159866,3.2,-1.8805926706389866
51,21.39,1.663440445938341,-2575.5,5.4090875102709814,2993.14,-0.22068478767635177,3.0761,-1.045935484189425,1.3506,-1.1386350932640281,4.5,-1.1017329578656498,3.008,-1.5557313374530117,2.598,-0.827964124533632,1544.5,-4.5412474027873735,3.434,-1.147966851588441
52,1.5882,-0.6288857769582399,-5175.5,0.9676232101417837,2938.41,-1.0707073684991755,2.8513,-1.102746530303771,1.2342,-1.2151549066547858,4.34,-1.1321117732972015,3.008,-1.5557313374530117,2.598,-0.827964124533632,2589.75,-0.7217865127743152,3.434,-1.147966851588441
53,0.6782,-0.7342305871692252,-5545.0,0.3364228028734227,3058.98,0.8018894261254902,4.7511,-0.6226325382751474,1.939,-0.7518287513471749,7.24,-0.5814957436003318,3.016,-1.4795530357510958,2.564,-1.0943932719204634,2624.0,-0.5966331662228229,3.628,-0.5405762152815785
54,20.0455,1.5077963829398027,-4520.75,2.0861034987993192,2950.46,-0.8835564074373231,6.4725,-0.1876034689636029,2.5763,-0.33287619916564776,9.6,-0.13340821598494848,3.016,-1.4795530357510958,2.564,-1.0943932719204634,2277.75,-1.8618695528930183,3.628,-0.5405762152815785
55,21.8964,1.7220630963678385,-5683.75,0.09940235224152798,3060.03,0.8181971862180193,9.6853,0.6243294890264809,4.1814,0.7222952138369718,14.76,0.8463085816825848,3.016,-1.4795530357510958,2.564,-1.0943932719204634,2713.25,-0.2705036427273286,3.628,-0.5405762152815785
56,22.8809,1.8360322893928003,-5460.5,0.4807703926276216,2983.09,-0.37677334856195643,5.2902,-0.48639216923491657,2.0947,-0.649473640136342,7.69,-0.4960553251990934,2.88,-2.7745841646836684,2.559,-1.1335740288891145,2677.75,-0.40022462966391176,3.584,-0.6783349162996299
57,2.5209,-0.5209131346683652,-1368.75,7.470524834955947,2935.94,-1.1090694327168293,4.3093,-0.7342834287258505,1.9747,-0.7283600456938241,6.76,-0.6726321898949862,3.008,-1.5557313374530117,2.598,-0.827964124533632,653.75,-7.79614794120319,3.434,-1.147966851588441
58,15.9527,1.0339994167513185,-4490.5,2.137778227675822,3004.09,-0.0506181467114304,3.614,-0.9099983769611922,1.841,-0.8162526492191186,5.36,-0.938446824921061,2.965,-1.9651897091008115,2.529,-1.368658570701028,2320.25,-1.7065697797999255,3.564,-0.7409525076714716
59,-1.6545,-1.0042721682452311,-5433.25,0.5273203550039757,3020.76,0.20828695875753592,6.5713,-0.16263491310907718,2.7673,-0.2073153369866554,9.88,-0.08024528897973329,3.35,1.7008910603038971,2.855,1.1859267836550766,2727.25,-0.21934607041430987,2.96,-2.6320037671010854
60,6.7391,-0.03259942210575193,-5493.75,0.42397089725096937,3042.08,0.539412144636256,6.9887,-0.05715034616900597,3.5515,0.3082073233314892,10.91,0.11531833536087885,3.355,1.7485024988675937,2.837,1.0448760585679315,2597.25,-0.6943806704637694,3.327,-1.4829709654277936
61,13.8118,0.7861612802890126,-2597.0,5.372360017019913,3000.56,-0.10544328302249813,4.9417,-0.5744644538027527,1.8133,-0.8344622611686373,6.67,-0.6897202735752338,3.338,1.5866236077510232,2.83,0.9900229988118179,1474.25,-4.7979487924294855,3.133,-2.090361601734656
62,18.3209,1.30815060306083,-5507.5,0.4004823841252861,2990.22,-0.26603589193366417,2.2849,-1.2458861055669632,0.9517,-1.400866653071358,3.25,-1.3390674534246454,3.338,1.5866236077510232,2.83,0.9900229988118179,2658.25,-0.47147981967133074,3.133,-2.090361601734656
63,16.4582,1.0925178800058826,-5667.5,0.12716150411733546,3016.64,0.14429841439447497,4.9435,-0.5740095610847552,2.2359,-0.5566506362637048,7.31,-0.5682050118490282,3.153,-0.17499961910578446,2.799,0.7471023056061751,2458.25,-1.202302281285884,3.478,-1.0102081505703895
64,9.05,0.23491851406629863,-5501.75,0.4103048532505718,2980.84,-0.41171854876022707,6.364,-0.2150233911317815,2.7566,-0.21434937481553085,9.21,-0.20745657859935485,3.034,-1.3081518569217867,2.642,-0.48317346320949495,2698.25,-0.32531532734842006,3.566,-0.7346907485342881
65,18.8309,1.3671900021900634,-5382.5,0.6140143216314975,2847.81,-2.477834096482872,3.4336,-0.9555887360316014,1.5014,-1.0395011769467926,4.92,-1.0219885673578275,3.08,-0.8701266221357673,2.713,0.07319328574536345,2614.5,-0.6313472331495142,3.448,-1.1041345376281526
66,18.2809,1.3035200619526546,-5659.25,0.14125461199274542,3010.41,0.04753903784548529,4.5369,-0.6767647717168419,2.0287,-0.692861163192957,6.52,-0.7182004130423133,3.08,-0.8701266221357673,2.713,0.07319328574536345,2597.5,-0.6934671423867512,3.448,-1.1041345376281526
67,19.8,1.4793764368883777,-5349.0,0.6712408808831622,2975.64,-0.49248078921845684,7.0096,-0.05186853627670241,3.0385,-0.0290320604267462,10.58,0.05266202853330404,3.08,-0.8701266221357673,2.713,0.07319328574536345,2655.0,-0.4833556846725672,3.448,-1.1041345376281526
68,11.6818,0.5395849662786845,-5597.0,0.24759351687083872,3066.19,0.9138693787608381,6.6665,-0.13857614269054627,2.6145,-0.30776402672984915,9.14,-0.22074731035065864,3.08,-0.8701266221357673,2.713,0.07319328574536345,2582.5,-0.7482788270078428,3.448,-1.1041345376281526
69,22.4345,1.7843554506255652,-5440.5,0.5149355026286154,2873.35,-2.0811672462322806,6.0666,-0.2901817768720239,2.8337,-0.16366485924484886,8.88,-0.2701128854269297,3.08,-0.8701266221357673,2.713,0.07319328574536345,2584.25,-0.7418841304687154,3.448,-1.1041345376281526
70,17.1627,1.1740732852736178,-5614.25,0.21812610949498154,3045.03,0.585229184896215,6.3071,-0.2294030553840336,2.3283,-0.49590810398444374,9.25,-0.19986187474146716,3.08,-0.8701266221357673,2.713,0.07319328574536345,2771.0,-0.05947865693612634,3.448,-1.1041345376281526
71,25.4573,2.1342854421703636,-5534.5,0.3543594856239444,3090.18,1.2864628688748403,12.1942,1.2583741224619023,4.3278,0.8185366286170997,17.77,1.4178100469886459,3.41,2.2722283230682674,3.198,3.873726711704597,2629.25,-0.5774490766054409,3.776,-0.07720603912995243
72,20.5509,1.566303269841596,-2649.25,5.283103667142317,2955.85,-0.7998432389623568,4.0288,-0.8051708772804504,1.578,-0.9891453547325998,5.76,-0.8624997863421825,3.361,1.8056362251440328,2.914,1.6482597158851704,1461.25,-4.8454522524344315,3.62,-0.5656232518303151
73,18.6827,1.3500338473842743,-5554.25,0.320621439497963,3006.23,-0.017381378522854964,7.4078,0.04876384167139629,3.5425,0.3022908429146781,11.21,0.1722786142950379,3.41,2.2722283230682674,3.198,3.873726711704597,2624.75,-0.5938925819917684,3.776,-0.07720603912995243
74,25.4427,2.1325952946658795,-6566.0,-1.4077060626773124,2958.05,-0.7656745987684879,6.2376,-0.24696696866226794,2.6175,-0.30579186659091206,9.34,-0.1827737910612195,3.42,2.3674512001956605,2.951,1.938197317453194,2975.5,0.6877873100647544,2.438,-4.266322901906148
75,17.6373,1.2290146555221162,-5613.75,0.21898023724500637,2999.72,-0.11848949109652142,5.0493,-0.547271977993573,2.0763,-0.6615695556551561,7.48,-0.5359275204530046,3.361,1.8056362251440328,2.914,1.6482597158851704,3418.5,2.3065590625409897,3.62,-0.5656232518303151
76,24.3509,2.006204675118238,-6546.5,-1.3743950804263434,2918.9,-1.3737210822183985,5.3992,-0.45884588797840514,2.4299,-0.4291176139457757,7.97,-0.44289239819387854,3.42,2.3674512001956605,2.951,1.938197317453194,3058.0,0.9892515754807575,2.438,-4.266322901906148
77,12.0627,0.5836792939812825,-5652.0,0.1536394643681057,2926.07,-1.2623623775865749,5.309,-0.4816410675136099,2.5452,-0.3533209259392951,7.48,-0.5359275204530046,3.42,2.3674512001956605,2.951,1.938197317453194,2711.25,-0.27781186734347413,2.438,-4.266322901906148
78,9.5227,0.2896399336121588,-6656.75,-1.5627302493068218,3032.89,0.39668041582642966,6.3951,-0.20716385583749244,2.4372,-0.424318690941029,8.87,-0.2720115613914019,3.361,1.8056362251440328,2.914,1.6482597158851704,2883.5,0.35160897772205985,3.62,-0.5656232518303151
79,22.9245,1.8410795792007109,-5681.5,0.10324592711663978,2865.31,-2.206038094940767,6.6984,-0.13051443285492506,2.652,-0.283112024993136,10.01,-0.05556250144159795,3.41,2.2722283230682674,3.198,3.873726711704597,2670.0,-0.4285440000514757,3.776,-0.07720603912995243
80,9.3336,0.26774905052326065,-5537.5,0.34923471912379533,2855.8,-2.3537398077787874,8.5107,0.3274867187154898,3.8128,0.47998247143290645,12.04,0.3298687193462106,3.42,2.3674512001956605,2.951,1.938197317453194,2483.5,-1.1100359455070465,2.438,-4.266322901906148
81,12.5391,0.6388290385796488,-5349.25,0.6708138170081498,2930.22,-1.1979078972208814,9.0303,0.4587990833107487,3.7387,0.4312701160011613,12.97,0.5064455840421035,3.085,-0.8225151835720709,2.692,-0.09136589352297382,2536.75,-0.9154544651021718,3.777,-0.07407515956135931
82,12.4309,0.6263034248820349,-5495.75,0.42055438625087,2971.99,-0.5491696695400973,10.2688,0.7717905451106488,4.3472,0.8312899308488927,15.98,1.0779470493481644,3.034,-1.3081518569217867,2.642,-0.48317346320949495,2703.75,-0.30521770965401984,3.566,-0.7346907485342881
83,28.6355,2.502205085920422,-6518.25,-1.3261368625499397,2940.53,-1.037781224312355,2.6817,-1.1456075330661957,1.2652,-1.1947759185524363,3.96,-1.204261459947136,3.085,-0.8225151835720709,2.692,-0.09136589352297382,3073.5,1.0458903162558855,3.777,-0.07407515956135931
84,8.6927,0.19355620561752382,-4556.0,2.0258874924225676,2916.41,-1.4123937704378218,3.0731,-1.0466936387194206,1.5264,-1.0230665091223172,4.34,-1.1321117732972015,3.361,1.8056362251440328,2.914,1.6482597158851704,2259.25,-1.9294706305923643,3.62,-0.5656232518303151
85,-5.3055,-1.4269248078939205,-5432.5,0.5286015466290129,3047.67,0.6262315531288506,3.6862,-0.8917521246059619,1.5845,-0.9848723410982362,5.36,-0.938446824921061,3.085,-0.8225151835720709,2.692,-0.09136589352297382,2674.0,-0.41392755081918464,3.777,-0.07407515956135931
86,-8.7491,-1.8255680918967216,-5677.75,0.10965188524182612,3082.45,1.1664066921936702,5.0449,-0.5483839379708999,2.3007,-0.5140519772626646,7.46,-0.5397248723819487,3.085,-0.8225151835720709,2.692,-0.09136589352297382,2791.75,0.016344173456383553,3.777,-0.07407515956135931
87,26.6582,2.2733058625905525,-6174.5,-0.7389240344078581,3088.82,1.2653404367550019,4.8666,-0.5934435888703122,2.1337,-0.6238355583301602,6.94,-0.6384560225344907,3.136,-0.336878510222355,2.66,-0.3421227381223462,2919.0,0.48132996465864303,3.276,-1.64264582342599
88,28.7064,2.5104127200346626,-5367.75,0.6392110902572304,3090.42,1.290190356895993,3.7282,-0.8811379611860217,1.5644,-0.9980858140291144,5.34,-0.9422441768500049,3.136,-0.336878510222355,2.66,-0.3421227381223462,2560.25,-0.8295828258624618,3.276,-1.64264582342599
89,-8.2255,-1.7649543087907085,-5393.25,0.5956505750059634,3031.9,0.38130452773919393,5.2293,-0.5017827061938295,2.0766,-0.6613723396412622,7.58,-0.5169407608082851,3.145,-0.2511779208077005,2.692,-0.09136589352297382,2662.25,-0.45686337043903963,3.901,0.314153906944057
90,28.1191,2.442424800213881,-5594.25,0.2522912194959754,3029.16,0.33874903949774066,3.5796,-0.9186918822384764,1.5086,-1.0347679926133437,5.06,-0.99540710385522,3.136,-0.336878510222355,2.66,-0.3421227381223462,2949.0,0.590953333900826,3.276,-1.64264582342599
91,8.6673,0.19061581201383243,-2665.5,5.2553445152665095,3040.63,0.5168919045084843,3.5482,-0.926627232985765,1.3513,-1.138174922564943,5.2,-0.9688256403526124,3.41,2.2722283230682674,3.198,3.873726711704597,1485.75,-4.755926500886649,3.776,-0.07720603912995243
92,3.8509,-0.3669476428215406,-5527.0,0.3671714018743171,3039.93,0.5060200644467959,3.3876,-0.9672137721582026,1.9747,-0.7283600456938241,5.05,-0.9973057798196919,3.361,1.8056362251440328,2.914,1.6482597158851704,2560.25,-0.8295828258624618,3.62,-0.5656232518303151
93,-15.1964,-2.571930284065167,-4695.25,1.788012914040648,2922.94,-1.3109750338623931,2.1475,-1.280609583040767,1.1931,-1.2421735005582233,3.35,-1.3200806937799259,3.145,-0.2511779208077005,2.692,-0.09136589352297382,2105.0,-2.4931174541125887,3.901,0.314153906944057
94,-6.4836,-1.56330581988245,-5491.5,0.42781447212608115,3046.33,0.6054197450107671,4.0269,-0.8056510418161144,1.9658,-0.7342107874393372,5.94,-0.828323618981687,3.158,-0.12738818054208798,2.746,0.33178628173846536,2578.5,-0.7628952762401338,3.428,-1.166752128999994
95,-11.2182,-2.1113998181516047,-5463.25,0.476072690002485,3081.07,1.1449736360720697,4.1015,-0.7867982658368876,1.9708,-0.730923853874442,6.06,-0.8055395074080236,3.145,-0.2511779208077005,2.692,-0.09136589352297382,2652.0,-0.4943180215967855,3.901,0.314153906944057
96,11.5591,0.5253807814293571,-2609.25,5.351433887144305,2992.4,-0.2321778757415574,13.3252,1.5441983802702892,6.1589,2.022277438752977,19.65,1.774761128309375,3.361,1.8056362251440328,2.914,1.6482597158851704,1505.5,-4.6837577828022114,3.62,-0.5656232518303151
97,28.4227,2.47757060722493,-5497.75,0.4171378752507706,3049.31,0.6517027212733659,6.5265,-0.17395668742367984,3.0585,-0.015884326167165855,9.77,-0.10113072458892512,3.042,-1.2319735552198707,2.643,-0.47533731181576544,2598.75,-0.6888995020016603,3.617,-0.5750158905360918
98,24.4727,2.0203046727926317,-5522.25,0.37528561549955314,3011.49,0.06431273394065408,4.8236,-0.6043104704669175,2.3407,-0.4877565087435039,7.35,-0.5606103079911403,3.042,-1.2319735552198707,2.643,-0.47533731181576544,2935.25,0.5407092896648255,3.617,-0.5750158905360918
99,5.1345,-0.21835357866019914,-1502.75,7.241618597949288,2913.15,-1.4630254827250901,3.1492,-1.027461785475196,1.528,-1.0220146903815506,4.75,-1.0542660587538508,3.136,-0.336878510222355,2.66,-0.3421227381223462,606.5,-7.968804747759628,3.276,-1.64264582342599
100,24.8064,2.0589349619875827,-5443.0,0.5106648638784912,3080.26,1.132393364000693,7.1654,-0.01249504435225794,2.7483,-0.2198056845332568,10.74,0.08304084396485549,3.042,-1.2319735552198707,2.643,-0.47533731181576544,2524.5,-0.9602173408760631,3.617,-0.5750158905360918
101,27.6182,2.3844388491867567,-5668.0,0.12630737636731063,3070.5,0.9808088511406357,6.3688,-0.21381034388378828,2.4065,-0.4445004630294847,9.05,-0.23783539403090628,3.081,-0.8606043344230289,2.593,-0.8671448815022831,2817.0,0.10861050923522089,3.663,-0.43099543038085686
102,20.5864,1.5704128750751016,-6274.75,-0.9101766482878397,2960.18,-0.732593142580797,4.7979,-0.6108053276072142,2.1202,-0.632710278955377,6.97,-0.6327599946410749,3.081,-0.8606043344230289,2.593,-0.8671448815022831,3010.25,0.8147677127702829,3.663,-0.43099543038085686
103,27.6655,2.389914464047174,-5609.5,0.22624032312021758,2960.65,-0.7252934785393765,3.9899,-0.8150016143527283,1.9457,-0.7474242603702155,5.63,-0.8871825738803181,3.042,-1.2319735552198707,2.643,-0.47533731181576544,2934.5,0.5379687054337708,3.617,-0.5750158905360918
104,29.0264,2.547457048900064,-6487.25,-1.273180942048399,3000.46,-0.10699640303130874,6.8027,-0.10415592702874064,2.4929,-0.3877022510280975,9.99,-0.059359853370541796,3.158,-0.12738818054208798,2.746,0.33178628173846536,2943.5,0.5708557162064258,3.428,-1.166752128999994
105,27.7364,2.398122098161415,-6361.5,-1.0583678129171505,2946.86,-0.9394687277545547,5.9742,-0.3135329363958922,2.2563,-0.543239947318933,8.72,-0.3004917008584811,3.136,-0.336878510222355,2.66,-0.3421227381223462,2988.5,0.7352907700697002,3.276,-1.64264582342599
106,24.8282,2.0614586068915384,-6514.0,-1.3188767766747285,2831.91,-2.724780177883986,5.0971,-0.5351920491489743,2.1787,-0.5942531562461045,7.17,-0.5947864753516356,3.158,-0.12738818054208798,2.746,0.33178628173846536,3037.75,0.915255801242284,3.428,-1.166752128999994
107,24.6118,2.0364073794963105,-6541.25,-1.3654267390510826,2872.4,-2.095921886315992,2.9844,-1.0691097409896275,1.5038,-1.0379234488356428,4.41,-1.1188210415458977,3.158,-0.12738818054208798,2.746,0.33178628173846536,3022.75,0.8604441166211925,3.428,-1.166752128999994
108,27.7155,2.3957026404323924,-5147.25,1.0158814280181874,3054.78,0.7366583857553878,10.2301,0.7620103516737039,4.0428,0.6311814154180799,15.56,0.9982026588403421,3.158,-0.12738818054208798,2.746,0.33178628173846536,2420.25,-1.341158548992649,3.428,-1.166752128999994
109,23.7864,1.9408561637291155,-6485.5,-1.2701914949233122,3086.88,1.2352099085840476,4.8968,-0.585811499935022,1.9311,-0.7570221063797091,6.89,-0.6479494023568506,3.042,-1.2319735552198707,2.643,-0.47533731181576544,3043.0,0.9344398908596661,3.617,-0.5750158905360918
110,20.6,1.5719872590518813,-5409.0,0.5687455508801808,2913.42,-1.458832058701298,4.3662,-0.7199037644735985,1.6885,-0.9165041229484185,6.55,-0.7125043851488974,3.18,0.08210214913818327,2.931,1.7814742895785862,2664.75,-0.44772808966885774,3.865,0.20144224247474354
111,29.7509,2.6313277247218867,-6463.0,-1.2317557461721942,3039.57,0.5004288324150776,9.2718,0.5198305229754043,3.9229,0.552360748531896,13.83,0.6697317169866922,3.042,-1.2319735552198707,2.643,-0.47533731181576544,3027.0,0.8759740939305017,3.617,-0.5750158905360918
112,23.9945,1.964946553844397,-5301.0,0.7532371448855474,2958.13,-0.7644321027614394,3.61,-0.9110092496678531,1.9468,-0.7467011349859385,5.36,-0.938446824921061,3.136,-0.336878510222355,2.66,-0.3421227381223462,2437.0,-1.2799521678324302,3.276,-1.64264582342599
113,16.7909,1.1310324056731293,-5401.75,0.581130403255541,2928.16,-1.2299021694024084,3.5774,-0.9192478622271401,1.5979,-0.9760633591443173,5.11,-0.98591372403286,3.18,0.08210214913818327,2.931,1.7814742895785862,2672.25,-0.420322247358312,3.865,0.20144224247474354
114,23.7136,1.9324285789122366,-6470.75,-1.2449947262975793,2951.2,-0.8720633193721175,8.0391,0.20830482660016233,3.5884,0.33246489304041504,12.02,0.3260713674172667,3.042,-1.2319735552198707,2.643,-0.47533731181576544,3081.0,1.0732961585664311,3.617,-0.5750158905360918
115,18.5764,1.3377281843892987,-5432.75,0.5281744827540006,3002.85,-0.06987683482070323,13.5349,1.59719338191699,5.858,1.8244697768175908,19.62,1.7690651004159594,3.136,-0.336878510222355,2.66,-0.3421227381223462,2579.75,-0.7583276358550428,3.276,-1.64264582342599
116,24.2918,1.999363050630909,-5856.75,-0.19612584926706866,3046.34,0.6055750570116517,4.2267,-0.7551579501183995,1.594,-0.9786271673249355,6.14,-0.7903500996922479,3.042,-1.2319735552198707,2.643,-0.47533731181576544,3085.0,1.0879126077987222,3.617,-0.5750158905360918
117,25.5127,2.140698741605186,-5657.75,0.14381699524281996,3010.41,0.04753903784548529,5.1949,-0.510476211471114,2.5308,-0.3627872946061928,7.74,-0.48656194537673364,3.18,0.08210214913818327,2.931,1.7814742895785862,2628.75,-0.5792761327594773,3.865,0.20144224247474354
118,26.7064,2.278885664625904,-5560.75,0.30951777874764,2985.11,-0.34540032438395374,7.0574,-0.0397886074321038,2.6167,-0.3063177759612955,10.12,-0.034677065832406456,3.136,-0.336878510222355,2.66,-0.3421227381223462,2602.5,-0.6751965808463875,3.276,-1.64264582342599
119,8.9136,0.21912836888742127,-5474.25,0.4572818795019383,2943.58,-0.9904110640435924,7.1799,-0.008830630790611967,2.9373,-0.09555959578022265,10.22,-0.015690306187686548,3.323,1.4437892920599293,2.675,-0.22458046721639302,2532.0,-0.9328114985655174,3.316,-1.517410640682307
120,8.9418,0.22239290036868478,-5600.5,0.2416146226206648,2992.89,-0.22456758769838187,4.1464,-0.7754512197046183,1.9024,-0.7758891050422069,6.12,-0.7941474516211918,3.066,-1.0034386501141226,2.612,-0.7182580050214048,2727.25,-0.21934607041430987,3.785,-0.04902812301262268
121,6.9918,-0.0033459786548552545,-6068.75,-0.5582760152776033,2962.27,-0.7001329343966234,5.2587,-0.4943527917998715,2.1536,-0.610753562741878,7.2,-0.5890904474582197,3.18,0.08210214913818327,2.931,1.7814742895785862,2827.75,0.14789221654700313,3.865,0.20144224247474354
122,16.6036,1.1093498969340991,-5306.5,0.7438417396352741,3043.67,0.5641067527763695,4.1499,-0.77456670608629,1.7168,-0.8979000789711122,5.97,-0.8226275910882713,3.565,3.748182918542888,2.761,0.44932855264442206,2648.75,-0.506193886598022,3.609,-0.6000629270848284
123,16.5255,1.1003087654203871,-6030.25,-0.4925081785256901,3024.46,0.2657523990835782,3.6188,-0.9087853297131991,1.7499,-0.8761405787715069,5.16,-0.9764203442105003,3.133,-0.3654453733605746,2.726,0.17506325386385763,2656.0,-0.47970157236449446,3.628,-0.5405762152815785
124,29.1918,2.566604336382368,-5653.75,0.1506500172430187,3032.81,0.39543791981938115,14.6247,1.872605650846769,6.0832,1.9725132645804653,21.82,2.186773812599791,3.018,-1.4605084603256189,2.676,-0.21674431582266002,2327.25,-1.6809909936434162,3.901,0.314153906944057
125,10.08,0.3541549476018094,-5418.25,0.5529441875047211,3020.12,0.19834699070113385,9.4293,0.5596336358001793,3.6655,0.3831494086110973,13.94,0.6906171525958837,3.565,3.748182918542888,2.761,0.44932855264442206,2571.5,-0.7884740623966432,3.609,-0.6000629270848284
126,3.9055,-0.36062695420888147,-5641.25,0.17200321099363985,2955.3,-0.8083853990108186,6.1617,-0.26614827827115967,2.822,-0.17135628378670323,8.66,-0.311883756645313,3.158,-0.12738818054208798,2.746,0.33178628173846536,2642.25,-0.529945616600495,3.428,-1.166752128999994
127,26.6527,2.2726691631881786,-5538.5,0.3475264636237457,3100.44,1.4458129817789578,8.766,0.39200566921812563,3.5631,0.3158330092020459,13.09,0.5292296956157669,3.193,0.2058918894037958,2.763,0.4650008554318811,2562.5,-0.8213610731692981,3.653,-0.46230422606677696
128,17.6864,1.234698644732401,-5261.75,0.8202861732624978,2976.48,-0.4794345811444335,6.5423,-0.16996374023236915,2.8058,-0.18200594853696328,9.52,-0.1485976237007242,3.133,-0.3654453733605746,2.726,0.17506325386385763,2685.75,-0.37099173119932966,3.628,-0.5405762152815785
129,15.0182,0.9258184001115759,-5587.75,0.26339488024629837,3056.5,0.7633720499069516,4.8764,-0.5909669507389929,2.0432,-0.6833290558547612,7.15,-0.5985838272805795,3.133,-0.3654453733605746,2.726,0.17506325386385763,2482.5,-1.1136900578151194,3.628,-0.5405762152815785
130,15.7936,1.0155814394935516,-5531.5,0.3594842521240935,3017.5,0.15765524647026039,3.4193,-0.9592026059579145,1.4173,-1.0947873995083277,4.92,-1.0219885673578275,3.133,-0.3654453733605746,2.726,0.17506325386385763,2643.75,-0.5244644481383858,3.628,-0.5405762152815785
131,6.6636,-0.04133956844743256,-5456.25,0.4880304785028328,3003.13,-0.06552809879602645,13.3705,1.5556465136732243,4.7847,1.1188966177772124,19.99,1.8393161111014216,3.136,-0.336878510222355,2.66,-0.3421227381223462,2620.0,-0.611249615455114,3.276,-1.64264582342599
132,10.2109,0.3693083933783127,-5683.75,0.09940235224152798,2924.23,-1.2909397857487186,4.8214,-0.6048664504555812,2.4971,-0.38494122683358567,7.25,-0.5795970676358599,3.565,3.748182918542888,2.761,0.44932855264442206,2543.0,-0.8926162631767169,3.609,-0.6000629270848284
133,-19.1518,-3.02982134154707,-6563.75,-1.4038624878022006,3023.86,0.2564336790307074,3.4781,-0.9443427771699984,1.6553,-0.9383293618193219,5.17,-0.9745216682460284,3.145,-0.2511779208077005,2.692,-0.09136589352297382,3036.5,0.9106881608571931,3.901,0.314153906944057
134,22.2164,1.75910742523324,-5559.0,0.312507225872727,3020.46,0.203627598731097,5.7072,-0.3810086895655112,2.3363,-0.4906490102806116,8.35,-0.37074271154394395,3.085,-0.8225151835720709,2.666,-0.29510582975996563,2594.75,-0.7035159512339514,3.937,0.4268655714133718
135,25.8364,2.178171395523094,-5499.75,0.4137213642506712,3035.71,0.4404784000749314,6.9102,-0.07698872303722733,3.424,0.22439051742666466,10.36,0.010891157314920713,3.193,0.2058918894037958,2.763,0.4650008554318811,2597.0,-0.6952941985407877,3.653,-0.46230422606677696
136,25.9591,2.1923755803724205,-6353.5,-1.0447017689167528,2917.86,-1.3898735303100431,8.6352,0.35895013171031204,3.3713,0.18974623765267065,12.6,0.43619457335664064,3.193,0.2058918894037958,2.763,0.4650008554318811,3018.75,0.8458276673889015,3.653,-0.46230422606677696
137,23.8864,1.9524325164995537,-6599.25,-1.4645055580539645,3044.46,0.5763764008459838,3.626,-0.9069657588412093,1.5627,-0.9992033714411788,5.27,-0.9555349086013087,3.018,-1.4605084603256189,2.676,-0.21674431582266002,3076.0,1.0550255970260674,3.901,0.314153906944057
138,23.0364,1.854033517950831,-6413.5,-1.1471970989197344,2959.65,-0.7408246786274968,5.1101,-0.5319067128523263,2.6587,-0.27870753401617665,7.44,-0.5435222243108925,3.193,0.2058918894037958,2.763,0.4650008554318811,3062.75,1.006608608944103,3.653,-0.46230422606677696
139,22.7418,1.819929582689121,-6569.5,-1.4136849569274863,2936.3,-1.103478200685104,5.1423,-0.5237691875637056,2.2798,-0.5277913595639262,7.47,-0.5378261964174768,3.565,3.748182918542888,2.761,0.44932855264442206,2960.25,0.6320620973666446,3.609,-0.6000629270848284
140,-9.2836,-1.8874436974547124,-6480.5,-1.2616502174230637,3001.41,-0.0922417629475973,5.6813,-0.38755409034114097,2.3042,-0.5117511237672382,8.39,-0.36314800768605593,3.024,-1.4033747340491796,2.698,-0.044348985160593234,3056.5,0.9837704070186484,3.877,0.2390127972978471
141,-17.9336,-2.8887982120975946,-6364.25,-1.063065515542287,3072.73,1.0154434273371442,4.7846,-0.6141664793568619,1.8287,-0.8243385057887604,7.33,-0.5644076599200841,3.024,-1.4033747340491796,2.698,-0.044348985160593234,3060.25,0.9974733281739212,3.877,0.2390127972978471
142,23.5609,1.9147514882317784,-6473.25,-1.2492653650477035,2989.63,-0.2751992999856503,4.5403,-0.6759055299161801,1.7575,-0.8711444397528664,6.55,-0.7125043851488974,3.149,-0.21308876995674247,2.745,0.32395013034473585,3031.75,0.8933311273938473,3.742,-0.1836559444620824
143,-8.3127,-1.7750488884065303,-3293.5,4.182560061235303,3027.1,0.30675476731621376,4.1397,-0.7771444314882753,1.9952,-0.7148836180777541,6.33,-0.7542752563672805,3.149,-0.21308876995674247,2.745,0.32395013034473585,1515.5,-4.647216659721484,3.742,-0.1836559444620824
144,5.3382,-0.1947725480668171,-1918.25,6.531838437678641,2950.0,-0.890700759477859,6.0748,-0.28810948782336904,3.2522,0.11145148013686978,9.26,-0.19796319877699523,3.085,-0.8225151835720709,2.666,-0.29510582975996563,736.75,-7.492856619633151,3.937,0.4268655714133718
145,23.8745,1.9510549305198719,-5478.25,0.4504488575017396,3095.5,1.3690888533436427,5.5544,-0.41962402695995993,2.6497,-0.2846240144329877,8.2,-0.3992228510110235,3.565,3.748182918542888,2.761,0.44932855264442206,2528.5,-0.9456008916437721,3.609,-0.6000629270848284
146,27.3427,2.3525459973042,-6472.5,-1.2479841734226662,3049.19,0.6498389772627932,6.7229,-0.12432283752662673,3.2989,0.14215143963298985,10.31,0.0013977774925610972,3.193,0.2058918894037958,2.763,0.4650008554318811,3107.25,1.1692166066533412,3.653,-0.46230422606677696
147,17.3018,1.1901759919772967,-6235.25,-0.8427005560358769,3050.47,0.6697189133755832,6.5557,-0.16657731666505496,2.5511,-0.3494423443327189,9.64,-0.12581351212706046,3.196,0.23445875254201537,2.65,-0.42048425205965184,2689.75,-0.3563752819670386,3.736,-0.20244122187363414
148,26.2655,2.227845525261043,-6449.75,-1.2091213607965356,2957.73,-0.7706445827966889,7.3145,0.02518523578852933,3.2777,0.12821484131783448,10.85,0.10392627957404697,3.032,-1.3271964323472636,2.757,0.4179839470695005,2968.75,0.6631220519852631,4.145,1.0780885216805225
149,-21.2055,-3.267564898393554,-6169.5,-0.7303827569076097,2963.35,-0.6833592383014546,5.8753,-0.33852676406808435,2.9108,-0.11298034367416657,8.7,-0.3042890527874253,3.149,-0.21308876995674247,2.745,0.32395013034473585,2803.0,0.05745293692220217,3.742,-0.1836559444620824
150,-7.5382,-1.6853900361994885,-5550.5,0.32702739762314936,2983.27,-0.37397773254609734,3.5277,-0.9318079556074025,1.5908,-0.9807308048064685,5.24,-0.9612309364947246,3.032,-1.3271964323472636,2.757,0.4179839470695005,2693.25,-0.3435858888887839,4.145,1.0780885216805225
151,4.3109,-0.313696420077526,-5448.5,0.5012694586282179,3095.06,1.362255125304869,4.5025,-0.6854582769941261,2.0215,-0.6975943475264059,6.76,-0.6726321898949862,3.133,-0.3654453733605746,2.726,0.17506325386385763,2509.5,-1.0150290254971546,3.628,-0.5405762152815785
152,29.1164,2.5578757663934577,-6352.0,-1.0421393856666783,2999.18,-0.12687633914410582,7.5726,0.09041179718582801,2.6404,-0.2907377108636926,10.88,0.10962230746746308,3.565,3.748182918542888,2.761,0.44932855264442206,3080.0,1.0696420462583585,3.609,-0.6000629270848284
153,15.8609,1.0233723249080566,-5098.25,1.0995859475206224,2939.56,-1.0528464883978357,2.7354,-1.1320365669792725,1.4049,-1.1029389947492676,4.03,-1.1909707281958322,3.196,0.23445875254201537,2.65,-0.42048425205965184,2691.25,-0.35089411350492944,3.736,-0.20244122187363414
154,26.7745,2.286769160862572,-6362.5,-1.0600760684172001,2973.86,-0.520126325375307,5.7668,-0.365946686236263,2.6203,-0.303951183794571,8.78,-0.2890996450716496,3.565,3.748182918542888,2.761,0.44932855264442206,3051.25,0.9645863174012663,3.609,-0.6000629270848284
155,-3.2509,-1.1890770638725026,-6290.25,-0.9366546085386099,3052.82,0.7062172335826715,7.3364,0.030719763857498212,2.84,-0.15952332295308105,10.79,0.0925342237872151,3.149,-0.21308876995674247,2.745,0.32395013034473585,3032.75,0.8969852397019201,3.742,-0.1836559444620824
156,0.2309,-0.7860116131113941,-5389.25,0.6024835970061622,2914.47,-1.4425242986087758,5.9349,-0.3234647607388361,2.2657,-0.5370605122169303,8.94,-0.2587208296400981,3.565,3.748182918542888,2.761,0.44932855264442206,2646.25,-0.5153291673682039,3.609,-0.6000629270848284
157,26.4509,2.2493080832974353,-6538.75,-1.3611561003009582,2959.86,-0.737563126608991,3.6881,-0.8912719600702979,1.6207,-0.9610749420883958,5.43,-0.9251560931697573,3.085,-0.8225151835720709,2.666,-0.29510582975996563,2984.0,0.7188472646833728,3.937,0.4268655714133718
158,-12.1527,-2.2195808347913473,-6349.5,-1.0378687469165542,2964.77,-0.6613049341763226,5.0961,-0.5354447673256396,2.0092,-0.705680204096048,7.17,-0.5947864753516356,3.161,-0.0988213174038684,2.685,-0.1462189532790874,2966.75,0.6558138273691176,3.925,0.38929501659026683
159,-1.5664,-0.9940734014544753,-5599.5,0.2433228781207145,3045.7,0.5956350889552496,3.686,-0.891802668241295,1.8819,-0.7893655326582768,5.64,-0.8852838979158462,3.423,2.39601806333388,2.828,0.9743506960243554,2619.25,-0.6139901996861686,3.093,-2.2155967844783393
160,14.6455,0.8826733333361537,-5645.25,0.1651701889934411,3057.03,0.7716035859536584,6.002,-0.3065073710845985,2.7949,-0.18917146370843452,9.31,-0.18846981895463527,3.531,3.424425136309747,2.884,1.413175174073257,2767.5,-0.07226805001438102,2.723,-3.3740222248574074
161,9.6745,0.30721283711768355,-5447.75,0.5025506502532552,2969.52,-0.5875317337577513,5.6653,-0.3915975811677848,2.632,-0.29625975925271636,8.33,-0.3745400634728878,3.423,2.39601806333388,2.828,0.9743506960243554,2503.75,-1.036040171268573,3.093,-2.2155967844783393
162,9.8418,0.3265800753026261,-5501.0,0.4115860448756091,2892.37,-1.785763820556233,4.8133,-0.6069134676865696,2.0241,-0.6958851420726607,7.24,-0.5814957436003318,3.531,3.424425136309747,2.884,1.413175174073257,2602.0,-0.6770236370004238,2.723,-3.3740222248574074
163,-5.8682,-1.4920649449331749,-4228.0,2.5861952964388664,3026.77,0.3016294712871352,3.9347,-0.8289516577046496,1.7782,-0.8575365347942008,5.7,-0.8738918421290143,3.018,-1.4605084603256189,2.676,-0.21674431582266002,2038.25,-2.7370294506764457,3.901,0.314153906944057
164,-12.1373,-2.2177980764646996,-5645.5,0.16474312511842867,2999.01,-0.12951664315908032,3.406,-0.9625637577075621,1.5655,-0.9973626886448376,5.1,-0.9878123999973322,3.531,3.424425136309747,2.884,1.413175174073257,2663.5,-0.4522957300539487,2.723,-3.3740222248574074
165,12.8364,0.6732455353661608,-5596.5,0.24844764462086355,3072.75,1.0157540513389063,4.4067,-0.7096686783186563,2.0938,-0.6500652881780232,6.28,-0.7637686361896403,3.531,3.424425136309747,2.884,1.413175174073257,2606.0,-0.6624071877681328,2.723,-3.3740222248574074
166,9.4982,0.28680372718340147,-5750.0,-0.013769574636764086,3090.97,1.2987325169444548,4.0783,-0.7926613275355212,2.0918,-0.6513800616039811,6.16,-0.7865527477633039,3.287,1.1009869344013072,2.797,0.731430002818716,2742.25,-0.16453438579321836,3.51,-0.9100200043754445
167,2.5827,-0.5137589486562346,-5384.25,0.6110248745064106,2889.26,-1.8340658528302818,8.3284,0.28141619510941657,3.3769,0.19342760324535302,12.19,0.3583488588132901,3.423,2.39601806333388,2.828,0.9743506960243554,2650.25,-0.5007127181359128,3.093,-2.2155967844783393
168,15.1073,0.9361329304300362,-5581.0,0.27492560487163376,2964.85,-0.6600624381692741,6.7649,-0.11370867410668668,2.9288,-0.1011473828405444,10.05,-0.04796779758370992,3.287,1.1009869344013072,2.797,0.731430002818716,2597.5,-0.6934671423867512,3.51,-0.9100200043754445
169,4.4282,-0.3001173582778023,-6063.0,-0.5484535461523176,3041.56,0.5313359205904337,6.9769,-0.060132420653655816,3.2621,0.11795960859536206,10.2,-0.019487658116630734,3.425,2.415062638759357,2.891,1.4680282338293706,2520.5,-0.9748337901083542,3.18,-1.943210262010828
170,17.7927,1.2470043077273767,-5508.75,0.39834706475022397,2908.06,-1.5420792911736247,8.3238,0.28025369149675644,3.1918,0.07174532267293718,12.49,0.41530913774744915,3.425,2.415062638759357,2.891,1.4680282338293706,2657.25,-0.47513393197940346,3.18,-1.943210262010828
171,22.7927,1.825821946249274,-5707.5,0.058831284115347805,2949.65,-0.8961366795086997,8.4149,0.3032763173909596,3.2629,0.11848551796574522,12.74,0.46277603685924823,3.425,2.415062638759357,2.891,1.4680282338293706,2530.75,-0.9373791389506084,3.18,-1.943210262010828
172,4.6609,-0.2731791853809933,-5073.25,1.1422923350218646,2954.44,-0.821742231086604,4.2114,-0.7590245382213776,2.2613,-0.5399530137540379,6.31,-0.7580726082962246,3.423,2.39601806333388,2.828,0.9743506960243554,2389.25,-1.4544360305429047,3.093,-2.2155967844783393
173,26.0509,2.203002672215683,-6377.5,-1.0856999009179455,3018.0,0.16542084651432054,4.5307,-0.6783316244121663,2.0284,-0.6930583792068508,6.67,-0.6897202735752338,3.425,2.415062638759357,2.891,1.4680282338293706,3090.0,1.106183169339086,3.18,-1.943210262010828
174,17.1673,1.174605797501058,-5535.25,0.35307829399890717,2929.2,-1.2137497213107638,4.9413,-0.5745655410734188,2.0614,-0.6713646176785433,7.45,-0.5416235483464206,3.085,-0.8225151835720709,2.677,-0.2089081644289305,2662.5,-0.45594984236202146,3.987,0.5834095498429763
175,27.7282,2.3971728372342387,-6425.0,-1.1668420371703059,3071.09,0.9899722591926289,8.1183,0.2283201061920494,3.2699,0.12308722495659812,12.22,0.3640448867067062,3.085,-0.8225151835720709,2.677,-0.2089081644289305,3093.0,1.1171455062633042,3.987,0.5834095498429763
176,-13.1245,-2.3320798310144633,-6274.75,-0.9101766482878397,3033.95,0.4131434879198363,2.9643,-1.0741893763405985,1.2781,-1.186295629955007,4.31,-1.1378078011906172,3.425,2.415062638759357,2.891,1.4680282338293706,3090.25,1.1070966974161043,3.18,-1.943210262010828
177,-10.8745,-2.0716118936796093,-5529.25,0.3633278269992053,3075.87,1.06421139561384,3.8138,-0.8595052852634771,1.8085,-0.8376177173909365,5.65,-0.883385221951374,3.423,2.39601806333388,2.828,0.9743506960243554,3284.0,1.8150809571052027,3.093,-2.2155967844783393
178,-13.3573,-2.359029580264043,-5442.25,0.5119460555035285,2846.07,-2.504858384636198,2.8962,-1.0913994841715018,1.2483,-1.2058857540017816,4.15,-1.1681866166221686,3.085,-0.8225151835720709,2.677,-0.2089081644289305,2660.25,-0.4641715950551852,3.987,0.5834095498429763
179,-2.2809,-1.0767864419992546,-6149.25,-0.6957905830316035,2916.54,-1.4103747144263643,4.0304,-0.804766528197786,1.9316,-0.7566934130232196,5.92,-0.8321209709106311,3.425,2.415062638759357,2.891,1.4680282338293706,3124.25,1.2313365158905782,3.18,-1.943210262010828
180,4.9745,-0.23687574309289985,-5664.0,0.13314039836750938,3058.89,0.8004916181175571,3.4412,-0.9536680778889457,1.584,-0.9852010344547257,5.16,-0.9764203442105003,3.531,3.424425136309747,2.884,1.413175174073257,2579.25,-0.7601546920090793,2.723,-3.3740222248574074
181,0.3764,-0.769168019830407,-5527.0,0.3671714018743171,2997.07,-0.15964717133003453,2.9581,-1.0757562290359233,1.4101,-1.0995205838417768,4.32,-1.1359091252261453,3.423,2.39601806333388,2.828,0.9743506960243554,2576.0,-0.7720305570103158,3.093,-2.2155967844783393
182,27.4136,2.360753631418441,-5376.25,0.6246909185068081,2928.03,-1.2319212254138585,10.0883,0.7261749142225729,4.7546,1.099109277716544,14.84,0.8614979893983605,3.425,2.415062638759357,2.891,1.4680282338293706,2587.25,-0.730921793544497,3.18,-1.943210262010828
183,-10.1291,-1.9853217601287652,-2595.0,5.375776528020013,3028.65,0.330828127452803,7.7442,0.13377823630158317,3.2042,0.07989691791387696,11.97,0.31657798759490713,3.149,-0.21308876995674247,2.745,0.32395013034473585,1455.5,-4.86646339820585,3.742,-0.1836559444620824
184,-11.4709,-2.140653261602502,-6355.25,-1.04769121604184,2943.34,-0.9941385520647379,3.3268,-0.9825790372994492,1.5024,-1.0388437902338135,4.73,-1.0580634106827946,3.085,-0.8225151835720709,2.677,-0.2089081644289305,3042.25,0.9316993066286114,3.987,0.5834095498429763
185,3.8964,-0.36168040231099136,-4592.0,1.9643902944207787,3022.71,0.23857279892936764,3.7055,-0.8868746637963227,1.7477,-0.8775868295400607,5.45,-0.9213587412408133,3.081,-0.8606043344230289,2.593,-0.8671448815022831,2739.5,-0.17458319464041847,3.663,-0.43099543038085686
186,12.8982,0.6803997213782914,-1480.75,7.279200218950382,2936.64,-1.098197592655148,8.285,0.2704482262421451,3.0894,0.004428923263885707,11.84,0.29189520005677144,3.287,1.1009869344013072,2.797,0.731430002818716,609.5,-7.95784241083541,3.51,-0.9100200043754445
187,0.4836,-0.7567581696604975,-5753.5,-0.019748468886938007,3035.2,0.43255748802998667,6.411,-0.2031456368285153,2.484,-0.3935529927736109,9.44,-0.16378703141649995,3.531,3.424425136309747,2.884,1.413175174073257,2743.0,-0.1617938015621638,2.723,-3.3740222248574074
188,12.3073,0.6119950528577737,-5345.0,0.678073902883361,3074.69,1.0458845795098604,14.3439,1.801642386839169,5.6222,1.6694579898971391,20.75,1.9836154844012912,3.423,2.39601806333388,2.828,0.9743506960243554,2614.0,-0.6331742893035506,3.093,-2.2155967844783393
189,21.7573,1.7059603896641595,-7150.25,-2.4057543385813447,2938.03,-1.0766092245326557,5.7213,-0.3774453632745313,2.0066,-0.7073894095497932,8.24,-0.39162814715313543,3.423,2.39601806333388,2.828,0.9743506960243554,2998.0,0.7700048369963916,3.093,-2.2155967844783393
190,10.0236,0.3476258846392824,-5500.0,0.4132943003756588,3024.74,0.2701011351082479,8.1842,0.24497423403428897,3.8452,0.5012818009334266,11.65,0.2558203567318042,3.132,-0.37496766107331303,2.617,-0.6790772480527537,2665.5,-0.44498750543780313,4.147,1.0843502808177088
191,8.0636,0.12072937033869859,-4781.5,1.640675877161362,3109.01,1.5789153665341513,6.2537,-0.24289820601795742,2.4236,-0.43325915023754347,9.01,-0.24543009788879433,3.132,-0.37496766107331303,2.617,-0.6790772480527537,2572.75,-0.7839064220115523,4.147,1.0843502808177088
192,2.0427,-0.5762712536165995,-5336.5,0.6925940746337833,2956.64,-0.7875735908927423,8.6072,0.3518740227636856,3.378,0.19415072862963,12.87,0.4874588243973836,3.132,-0.37496766107331303,2.617,-0.6790772480527537,2650.75,-0.49888566198187645,4.147,1.0843502808177088
193,17.4,1.2015439703978668,-6112.25,-0.6325851295297649,3024.15,0.2609377270562617,5.1848,-0.5130286650554328,2.4162,-0.43812381191358823,7.23,-0.5833944195648038,3.043,-1.222451267507128,2.653,-0.3969757978784598,2661.5,-0.45960395467009424,4.484,2.1394566954332372
194,3.28,-0.43303704078797084,-5646.5,0.16303486961837899,2997.41,-0.15436656330007845,3.5925,-0.9154318177594949,1.7975,-0.8448489712337056,5.41,-0.9289534450987011,3.132,-0.37496766107331303,2.617,-0.6790772480527537,2662.25,-0.45686337043903963,4.147,1.0843502808177088
195,9.2527,0.25838378113197635,-3345.75,4.093303711357707,3030.17,0.35443555158674556,2.9261,-1.083843210689211,1.2496,-1.2050311512749088,4.28,-1.1435038290840331,3.18,0.08210214913818327,2.931,1.7814742895785862,1397.0,-5.0802289682281065,3.865,0.20144224247474354
196,-17.3591,-2.8222920654314283,-2668.5,5.25021974876636,2967.4,-0.6204578779445646,6.8912,-0.0817903683938667,3.0397,-0.028243196371171467,10.43,0.024181889066224514,3.09,-0.7749037450083743,2.727,0.18289940525758713,1538.25,-4.564085604712829,4.66,2.690491499505443
197,-9.4964,-1.9120781761502041,-6377.0,-1.0848457731679206,3067.34,0.9317302588621778,4.1991,-0.7621329717943602,2.0119,-0.7039052599710047,6.3,-0.7599712842606965,3.09,-0.7749037450083743,2.727,0.18289940525758713,3044.5,0.9399210593217752,4.66,2.690491499505443
198,-7.9627,-1.7345316537099975,-5440.25,0.5153625665036279,3074.63,1.0449527075045741,3.7271,-0.8814159511803535,1.6547,-0.9387237938471092,5.68,-0.8776891940579583,3.09,-0.7749037450083743,2.727,0.18289940525758713,2633.5,-0.5619190992961317,4.66,2.690491499505443
199,1.1173,-0.6833988221542322,-5485.0,0.4389181328764042,2992.92,-0.22410165169573515,3.9221,-0.8321359067306316,1.8434,-0.8146749211079689,5.87,-0.8416143507329908,3.09,-0.7749037450083743,2.727,0.18289940525758713,2558.75,-0.8350639943245709,4.66,2.690491499505443
200,8.3918,0.15872296013127601,-5394.0,0.594369383380926,2896.63,-1.719600908180837,4.6918,-0.6376187261513963,2.1984,-0.581302638000418,6.71,-0.682125569717346,3.533,3.4434697117352235,2.935,1.8128188951535078,2773.25,-0.05125690424296262,2.948,-2.6695743219241903
201,-15.5318,-2.6107573712572156,-5490.0,0.4303768553761557,3054.13,0.7265631056981082,3.3351,-0.9804814764331277,1.3677,-1.127393780472087,5.06,-0.99540710385522,3.269,0.9295857555719982,2.684,-0.1540551046728169,2602.25,-0.6761101089234056,4.518,2.2459066007653674
202,9.6564,0.3051175172662342,-6886.25,-1.954774886568226,3031.39,0.3733836156942492,8.3146,0.2779286842714363,3.1057,0.01514432668544381,11.81,0.28619917216335566,3.253,0.7772291521681661,2.742,0.30044167616354384,3116.75,1.2039306735800326,2.831,-3.035887231449463
203,13.7,0.7732189178916629,-5487.0,0.43550162187630476,2981.95,-0.39447891666241863,5.5864,-0.41153704530667223,2.7517,-0.2175705697091281,8.06,-0.42580431451363077,3.197,0.2439810402547538,2.573,-1.0238679093768908,2734.0,-0.19468081233481868,4.467,2.086231742767171
204,6.5191,-0.05806739820071538,-6368.75,-1.0707526652925108,2977.98,-0.45613778101225305,6.4151,-0.20210949230418776,2.5844,-0.32755136679051755,9.44,-0.16378703141649995,3.126,-0.4321013873497522,2.48,-1.752629988993816,3129.0,1.248693549353924,4.782,3.072458806873676
205,5.3118,-0.1978287051982127,-5619.5,0.20915776811972064,3072.35,1.0095415713036566,3.7268,-0.8814917666333532,1.6628,-0.9333989614719792,5.34,-0.9422441768500049,3.126,-0.4321013873497522,2.48,-1.752629988993816,2865.5,0.28583495617675003,4.782,3.072458806873676
206,7.7745,0.08726213447936255,-6329.25,-1.003276573040548,2998.59,-0.136039747196092,3.4881,-0.9418155954033459,1.6249,-0.958313917893884,5.0,-1.0067991596420518,3.126,-0.4321013873497522,2.48,-1.752629988993816,3108.5,1.173784247038432,4.782,3.072458806873676
207,23.9018,1.9542152748262012,-5466.5,0.47052085962732343,2855.96,-2.3512548157646904,8.4806,0.3198799015978663,3.8363,0.49543105918791325,12.32,0.3830316463514258,3.276,0.9962417695611716,2.736,0.25342476780116324,2672.5,-0.4194087192812938,3.024,-2.4316274747111923
208,-0.3327,-0.8512559373255824,-5561.75,0.30780952324759037,2962.13,-0.7023073024089582,6.2662,-0.23973922880964188,2.7999,-0.1858845301435395,9.39,-0.17328041123885954,3.334,1.548534456900065,2.851,1.154582178080155,2724.25,-0.23030840733852814,2.923,-2.747846311138992
209,20.7782,1.5926163196888012,-5440.75,0.514508438753603,3051.32,0.682920433450491,12.0902,1.232091432088717,5.9355,1.875417247073465,17.29,1.3266736006939914,3.276,0.9962417695611716,2.736,0.25342476780116324,2734.0,-0.19468081233481868,3.024,-2.4316274747111923
210,24.26,1.9956817704499101,-5426.75,0.5384240157542987,3104.4,1.5073165341279147,3.8906,-0.8400965292955868,1.8207,-0.8295975994925926,5.72,-0.8700944902000703,3.286,1.0914646466885687,2.811,0.8411361223309397,3463.75,2.4719076444812824,2.969,-2.603825850983757
211,6.7073,-0.03628070228675115,-5635.5,0.18182568011892558,2892.99,-1.7761344765016,4.3994,-0.7115135210083124,1.9296,-0.7580081864491777,6.57,-0.7087070332199534,3.334,1.548534456900065,2.851,1.154582178080155,2734.0,-0.19468081233481868,2.923,-2.747846311138992
212,29.7264,2.62849151829313,-5794.25,-0.08935988051396293,2995.76,-0.17999304344547126,7.4258,0.05331276885137056,3.3323,0.1641081558464889,10.68,0.0716487881780236,3.276,0.9962417695611716,2.736,0.25342476780116324,2844.0,0.20727154155318558,3.024,-2.4316274747111923
213,11.4855,0.5168605857903147,-5972.75,-0.39428348727283286,3034.34,0.4192006559542083,6.3958,-0.20698695311382675,3.1945,0.07352026679798047,9.74,-0.10682675248234089,3.345,1.6532796217402006,2.813,0.8568084251184022,2842.0,0.19996331693704003,2.992,-2.531815620906139
214,28.3127,2.464836619177448,-5550.75,0.32660033374813696,3075.76,1.0625029636041516,4.7052,-0.6342323025840821,2.4414,-0.4215576667465171,6.68,-0.6878215976107619,3.345,1.6532796217402006,2.813,0.8568084251184022,2757.75,-0.10789564501809049,2.992,-2.531815620906139
215,13.7255,0.7761708878481246,-5503.5,0.4073154061254849,3043.05,0.5544774087217366,3.996,-0.8134600334750705,1.7161,-0.8983602496701977,5.88,-0.8397156747685189,3.345,1.6532796217402006,2.813,0.8568084251184022,2582.5,-0.7482788270078428,2.992,-2.531815620906139
216,18.8673,1.371403794598503,-6345.75,-1.0314627887913679,2940.5,-1.0382471603150016,7.4999,0.07203918574226499,3.1074,0.016261884097508162,10.89,0.111520983431935,3.345,1.6532796217402006,2.813,0.8568084251184022,2978.75,0.6996631750659908,2.992,-2.531815620906139
217,5.5782,-0.166989301417766,-6434.75,-1.1834975282957902,3065.36,0.9009784826876993,4.5757,-0.6669593064622306,2.1204,-0.6325788016127812,6.65,-0.6935176255041776,3.345,1.6532796217402006,2.813,0.8568084251184022,2976.0,0.6896143662187907,2.992,-2.531815620906139
218,25.5282,2.1424930762846035,-6511.5,-1.3146061379246041,3038.21,0.4793064002952321,5.6325,-0.39988673736240465,2.0851,-0.6557845525809405,7.93,-0.4504871020517664,3.276,0.9962417695611716,2.736,0.25342476780116324,3124.0,1.23042298781356,3.024,-2.4316274747111923
219,5.9945,-0.11879694483443277,-6403.75,-1.1305416077942498,2912.76,-1.4690826507594552,3.4933,-0.9405014608846867,1.5504,-1.0072892280108208,5.1,-0.9878123999973322,3.531,3.424425136309747,2.803,0.7784469111810965,3140.75,1.2916293689737788,2.942,-2.688359599335742
220,2.7764,-0.4913355533398962,-5407.75,0.5708808702552428,3091.71,1.3102256050096674,7.4219,0.05232716796237617,2.7606,-0.21171982796361477,10.78,0.09063554782274318,3.531,3.424425136309747,2.803,0.7784469111810965,2579.5,-0.759241163932061,2.942,-2.688359599335742
221,2.6173,-0.509753530597663,-5617.5,0.21257427911982005,2907.96,-1.5436324111824353,5.9411,-0.3218979080435117,2.1365,-0.6219948755338192,8.69,-0.3061877287518972,3.531,3.424425136309747,2.803,0.7784469111810965,2736.0,-0.18737258771867316,2.942,-2.688359599335742
222,20.8336,1.5990296191236242,-6057.25,-0.5386310770270318,3037.49,0.46812393623178156,8.0386,0.20817846751183003,3.4516,0.24253439070488556,11.39,0.2064547816555332,3.345,1.6532796217402006,2.813,0.8568084251184022,2609.0,-0.6514448508439145,2.992,-2.531815620906139
223,27.3,2.3476028946712235,-6448.0,-1.2061319136714488,2971.15,-0.5622158776141135,8.8334,0.4090388743253626,3.5204,0.28776259655784187,13.03,0.517837639828935,3.341,1.6151904708892426,2.758,0.42582009846323,3159.25,1.359230446673125,2.632,-3.6589322655992853
224,5.4191,-0.18540727867553272,-6508.5,-1.309481371424455,3076.52,1.0743066756711195,4.3832,-0.7156075554702893,1.8334,-0.821248788237759,6.36,-0.7485792284738646,3.341,1.6151904708892426,2.758,0.42582009846323,2988.5,0.7352907700697002,2.632,-3.6589322655992853
225,5.9136,-0.12816221422571714,-5771.25,-0.05007000401282003,2999.86,-0.1163151230841795,3.0996,-1.039996607037792,1.3354,-1.1486273713013093,4.49,-1.1036316338301217,3.341,1.6151904708892426,2.758,0.42582009846323,2497.25,-1.059791901271046,2.632,-3.6589322655992853
226,5.3782,-0.19014200695864192,-6401.75,-1.1271250967941506,2992.52,-0.23031413173098467,5.5785,-0.4135335189023277,2.5279,-0.36469371607383216,8.09,-0.420108286620215,3.341,1.6151904708892426,2.758,0.42582009846323,2910.25,0.4493564819630063,2.632,-3.6589322655992853
227,-11.2309,-2.1128700149534505,-5076.25,1.1371675685217155,3109.02,1.5790706785350288,6.9396,-0.06955880864326908,2.5998,-0.3174276114106407,10.01,-0.05556250144159795,3.341,1.6151904708892426,2.758,0.42582009846323,3500.75,2.6071097998799746,2.632,-3.6589322655992853
228,-1.8473,-1.0265913763866357,-5518.0,0.38254570137476435,2954.1,-0.8270228391165673,8.9647,0.442220770921509,3.5894,0.333122279753394,13.31,0.5710005668341502,3.317,1.3866555657834945,2.798,0.7392661542124455,2584.75,-0.740057074314679,2.778,-3.2018238485848425
229,25.43,2.1311250978640337,-6308.5,-0.9678302714145168,3006.22,-0.017536690523739556,9.9046,0.6797505851691682,4.2895,0.7933587175100038,13.79,0.6621370131288042,3.317,1.3866555657834945,2.798,0.7392661542124455,3139.5,1.2870617285886878,2.778,-3.2018238485848425
230,15.4555,0.9764417907767011,-6153.5,-0.7030506689068146,3088.73,1.2639426287470688,15.763,2.160274751344812,6.0803,1.9706068431128265,23.54,2.513346078488969,3.341,1.6151904708892426,2.758,0.42582009846323,2681.0,-0.38834876466267526,2.632,-3.6589322655992853
231,0.7582,-0.7249695049528748,-5511.75,0.39322229825007493,2940.65,-1.0359174803017823,7.0841,-0.0330410321151419,3.077,-0.003722671977054076,10.2,-0.019487658116630734,3.341,1.6151904708892426,2.758,0.42582009846323,2740.25,-0.1718426104093639,2.632,-3.6589322655992853
232,-12.0473,-2.207379358971306,-6417.25,-1.1536030570449207,2948.42,-0.9152400556170879,10.8564,0.9202877457191441,4.4768,0.9164872488509732,16.65,1.2051583389677858,3.317,1.3866555657834945,2.798,0.7392661542124455,3113.25,1.1911412805017778,2.778,-3.2018238485848425
233,-10.2673,-2.0013202796575102,-6483.25,-1.2663479200482004,2958.39,-0.7603939907385318,9.8766,0.6726744762225414,4.5729,0.9796621119682566,15.59,1.0038986867337578,3.317,1.3866555657834945,2.798,0.7392661542124455,3072.0,1.0404091477937762,2.778,-3.2018238485848425
234,1.1591,-0.6785599066961892,-6480.25,-1.2612231535480514,3025.01,0.27429455913204714,7.1718,-0.010877648021600357,3.415,0.21847403700985357,10.47,0.03177659292411254,3.037,-1.279584993783567,2.544,-1.251116299795071,3079.5,1.067814990104322,4.036,0.7368226487039864
235,-11.8245,-2.18158724499877,-5426.25,0.5392781435043236,3045.71,0.5957904009561342,4.7533,-0.6220765582864839,2.2319,-0.5592801831156209,6.8,-0.6650374860370983,3.037,-1.279584993783567,2.544,-1.251116299795071,2771.75,-0.056738072705071765,4.036,0.7368226487039864
236,8.4236,0.16240424031227532,-5505.5,0.40389889512538546,3035.98,0.4446718240987236,10.099,0.728878998712891,4.1617,0.709344695591285,15.02,0.8956741567588559,3.531,3.424425136309747,2.803,0.7784469111810965,2718.5,-0.2513195531099466,2.942,-2.688359599335742
237,18.6045,1.3409811395177922,-5584.5,0.26894671062145986,2908.04,-1.5423899151753868,20.9542,3.472185350049407,7.6255,2.9864007920080025,30.92,3.9145689402692785,3.325,1.4628338674854107,2.858,1.2094352378362687,2753.25,-0.12433915040441794,2.943,-2.6852287197671503
238,8.9764,0.22639831842725622,-6375.0,-1.0814292621678212,2984.45,-0.35565091644211794,10.1224,0.7347926040468576,4.1887,0.7270941368417185,15.27,0.9431410558706549,3.276,0.9962417695611716,2.736,0.25342476780116324,3078.25,1.063247349719231,3.024,-2.4316274747111923
239,0.7218,-0.7291832973613143,-5465.0,0.473083242877398,3061.98,0.8484830263898511,4.1323,-0.7790145459955982,2.0076,-0.7067320228368144,5.95,-0.8264249430172151,3.332,1.5294898814745839,2.618,-0.6712410966590242,2681.0,-0.38834876466267526,4.434,1.982912717003634
240,-1.42,-0.9771256209985542,-4970.75,1.317388523776958,2900.69,-1.6565442358230695,7.3182,0.02612029304219078,3.0793,-0.002210682537202359,10.79,0.0925342237872151,3.386,2.0436934179625195,2.956,1.977378074421845,2714.75,-0.2650224742652194,3.997,0.6147183455288965
241,9.2082,0.25323230414913134,-5181.5,0.9573736771414856,2916.02,-1.4184509384721866,9.6042,0.6038340448989301,4.3203,0.8136062282697569,14.19,0.7380840517076829,3.341,1.6151904708892426,2.758,0.42582009846323,3042.0,0.9307857785515933,2.632,-3.6589322655992853
242,12.1609,0.5950472724018525,-6351.5,-1.0412852579166536,2959.2,-0.7478137186671552,5.6767,-0.38871659395380104,2.3617,-0.47395138777094464,8.2,-0.3992228510110235,3.325,1.4628338674854107,2.858,1.2094352378362687,3039.75,0.9225640258584296,2.943,-2.6852287197671503
243,8.5273,0.17440891813521947,-5230.25,0.8740962215140631,2963.75,-0.6771467582662051,8.1226,0.2294067943517101,3.5348,0.29722896522473985,11.86,0.29569255198571526,3.317,1.3866555657834945,2.798,0.7392661542124455,2693.75,-0.3417588327347475,2.778,-3.2018238485848425
244,17.1745,1.175439294900529,-6393.25,-1.1126049250437282,3107.79,1.5599673024266405,9.4912,0.5752768909357576,3.8033,0.47373729765960576,14.03,0.7077052362761314,3.317,1.3866555657834945,2.798,0.7392661542124455,3051.0,0.9636727893242482,2.778,-3.2018238485848425
245,5.7855,-0.14299152212464813,-5367.75,0.6392110902572304,2981.08,-0.4079910607390816,12.6203,1.3660573375389613,4.7611,1.1033822913509077,18.65,1.5848935318621784,3.037,-1.279584993783567,2.544,-1.251116299795071,2609.5,-0.649617794689878,4.036,0.7368226487039864
246,14.4382,0.8586755540430359,-6356.0,-1.0489724076668772,2985.06,-0.3461768843883626,9.8466,0.6650929309225844,3.9876,0.5948936688616384,14.68,0.8311191739668091,3.267,0.9105411801465171,2.575,-1.0081956065894282,3058.5,0.9910786316347939,4.387,1.8357613772798047
247,11.6964,0.5412751137831684,-5175.5,0.9676232101417837,3043.17,0.5563411527323093,7.26,0.011412095160273736,3.0366,-0.03028109518140634,11.09,0.14949450272137416,3.332,1.5294898814745839,2.618,-0.6712410966590242,2517.0,-0.9876231831866089,4.434,1.982912717003634
248,18.0545,1.2773111992803834,-4992.0,1.281088094400902,3056.95,0.7703610899466029,6.3828,-0.21027228941047507,3.0833,0.00041886431471370987,9.89,-0.07834661301526137,3.332,1.5294898814745839,2.618,-0.6712410966590242,3445.0,2.403393038704918,4.434,1.982912717003634
249,20.7055,1.5842003112246932,-6834.5,-1.8663726644406544,3050.29,0.666923297359724,7.727,0.12943148366294108,3.9288,0.5562393301384722,11.28,0.18556934604634137,3.267,0.9105411801465171,2.575,-1.0081956065894282,3011.5,0.8193353531553739,4.387,1.8357613772798047
250,1.1273,-0.6822411868771884,-6353.75,-1.0451288327917654,3079.9,1.1268021319689678,2.8784,-1.0958978677161428,1.4112,-1.0987974584574998,4.17,-1.1643892646932248,3.261,0.8534074538700822,2.649,-0.42832040345338135,3223.75,1.5949206905438185,4.425,1.9547348008863044
251,16.4073,1.0866255164457292,-6425.5,-1.1676961649203308,3016.16,0.13684343835217694,6.6161,-0.15131313879447433,2.5255,-0.36627144418498164,10.0,-0.057461177406069874,3.332,1.5294898814745839,2.618,-0.6712410966590242,3123.5,1.2285959316595236,4.434,1.982912717003634
252,5.4018,-0.18740998770481854,-6565.5,-1.4068519349272874,2972.78,-0.5369000214704758,3.3141,-0.9857885581430977,1.503,-1.0384493582060261,4.81,-1.0428740029670192,3.261,0.8534074538700822,2.649,-0.42832040345338135,2909.75,0.4475294258089699,4.425,1.9547348008863044
253,26.8609,2.2967711296562303,-5291.5,0.7694655721360195,2872.01,-2.1019790543503567,6.0001,-0.3069875356202625,2.8191,-0.17326270525434231,8.94,-0.2587208296400981,3.261,0.8534074538700822,2.649,-0.42832040345338135,2743.75,-0.15905321733110922,4.425,1.9547348008863044
254,23.7709,1.9390618290496981,-5521.25,0.37699387099960285,3008.98,0.025329421719475827,5.1866,-0.5125737723374353,2.2863,-0.5235183459295623,7.49,-0.5340288444885327,3.037,-1.279584993783567,2.544,-1.251116299795071,2748.75,-0.1407826557907454,4.036,0.7368226487039864
255,-0.84,-0.9099827749300141,-6346.0,-1.0318898526663802,2821.23,-2.890653394825108,7.4516,0.059832897809333825,3.544,0.3032769229841467,11.02,0.13620377097007036,3.332,1.5294898814745839,2.618,-0.6712410966590242,3083.5,1.082431439336613,4.434,1.982912717003634
256,25.4264,2.1307083491642977,-5213.75,0.902282437264883,3073.67,1.030042755419978,6.5942,-0.1568476668634432,2.6677,-0.27279105359936556,9.8,-0.09543469669550901,3.261,0.8534074538700822,2.649,-0.42832040345338135,2526.5,-0.9529091162599176,4.425,1.9547348008863044
257,26.6136,2.268142809254938,-6454.5,-1.2172355744217718,3012.98,0.08745422207195698,4.4058,-0.709896124677655,2.1561,-0.6091100959594304,6.42,-0.7371871726870329,3.267,0.9105411801465171,2.618,-0.6712410966590242,3102.75,1.1527731012670137,4.281,1.5038881430090452
258,-6.5391,-1.569730695670043,-5532.5,0.3577759966240438,3072.31,1.0089203233001325,6.0001,-0.3069875356202625,3.0266,-0.036854962311196365,8.71,-0.30239037682295306,3.267,0.9105411801465171,2.575,-1.0081956065894282,2691.25,-0.35089411350492944,4.387,1.8357613772798047
259,0.1518,-0.7951685081528106,-5064.0,1.1580936983973242,2968.02,-0.6108285338899317,3.0125,-1.062008360225334,1.4223,-1.0915004659434329,4.32,-1.1359091252261453,3.267,0.9105411801465171,2.618,-0.6712410966590242,2689.75,-0.3563752819670386,4.281,1.5038881430090452
260,2.8245,-0.4857673276573156,-6273.5,-0.9080413289127776,3111.93,1.6242664707914565,4.2813,-0.7413595376724774,2.0239,-0.6960166194152565,6.19,-0.780856719869888,3.267,0.9105411801465171,2.575,-1.0081956065894282,3015.75,0.8348653304646831,4.387,1.8357613772798047
261,12.1818,0.5974667301308741,-6267.75,-0.8982188597874918,2957.97,-0.7669170947755434,5.6722,-0.3898538257487947,2.5868,-0.3259736386793678,8.88,-0.2701128854269297,3.261,0.8534074538700822,2.649,-0.42832040345338135,3006.5,0.8010647916150101,4.425,1.9547348008863044
262,19.5609,1.4516973774142605,-6426.5,-1.1694044204203804,2850.33,-2.438695472260809,6.634,-0.14678948343216652,2.6272,-0.29941521547501554,9.98,-0.06125852933501372,3.195,0.22493646482927268,2.653,-0.3969757978784598,3060.0,0.996559800096903,4.304,1.5758983730866647
263,-1.1609,-0.9471312909703494,-5284.75,0.7809962967613548,2927.46,-1.2407740094640898,5.8827,-0.3366566495607617,2.7681,-0.20678942761627225,8.74,-0.2966943489295373,3.261,0.8534074538700822,2.649,-0.42832040345338135,2774.25,-0.04760279193488985,4.425,1.9547348008863044
264,18.63,1.3439331094742535,-6267.75,-0.8982188597874918,3055.21,0.743336801793277,3.6188,-0.9087853297131991,1.9952,-0.7148836180777541,5.63,-0.8871825738803181,3.267,0.9105411801465171,2.575,-1.0081956065894282,3065.75,1.0175709458683215,4.387,1.8357613772798047
265,20.7118,1.5849296214492308,-6452.5,-1.2138190634216723,3045.21,0.5880248009120741,4.7381,-0.6259178745717956,1.781,-0.8556958519978596,7.01,-0.625165290783187,3.267,0.9105411801465171,2.618,-0.6712410966590242,3074.75,1.0504579566409764,4.281,1.5038881430090452
266,-11.9682,-2.198222463929889,-5423.0,0.5448299738794851,3000.39,-0.1080835870374797,7.0926,-0.030892927613487425,2.695,-0.25484439633503847,10.18,-0.02328501004557458,3.267,0.9105411801465171,2.618,-0.6712410966590242,2723.5,-0.23304899156958273,4.281,1.5038881430090452
267,16.8445,1.137237330758084,-6198.5,-0.7799221664090508,2970.87,-0.5665646136387903,9.8085,0.6554643683916387,3.9848,0.5930529860652971,14.53,0.8026390344997296,3.126,-0.4321013873497522,2.531,-1.3529862679135654,3197.75,1.4999137705339265,4.557,2.36801090394046
268,14.0382,0.8123701429612841,-5711.0,0.052852389865173884,3087.45,1.2440626926342717,8.5491,0.3371910966994348,3.7343,0.42837761446405365,12.84,0.4817627965039678,3.267,0.9105411801465171,2.618,-0.6712410966590242,3474.75,2.5121028798700826,4.281,1.5038881430090452
269,28.4009,2.4750469623209743,-5657.5,0.1442440591178324,3054.45,0.7315330897263022,3.1529,-1.0265267282215345,1.3269,-1.154215158361631,4.48,-1.1055303097945937,3.261,0.8534074538700822,2.649,-0.42832040345338135,3111.25,1.1838330558856323,4.425,1.9547348008863044
270,22.1827,1.7552061943496025,-6528.5,-1.343646481425449,2988.52,-0.29243893208346583,8.7564,0.3895795747221391,3.5607,0.3142552810908964,12.74,0.46277603685924823,3.126,-0.4321013873497522,2.531,-1.3529862679135654,3067.0,1.0221385862534125,4.557,2.36801090394046
271,9.1882,0.2509170335950438,-6363.0,-1.060930196167225,3033.29,0.40289289586167915,5.9269,-0.325486506152158,2.903,-0.11810796003540291,9.02,-0.2435314219243224,3.267,0.9105411801465171,2.618,-0.6712410966590242,3018.0,0.8430870831578469,4.281,1.5038881430090452
272,1.5018,-0.6388877457518983,-6334.25,-1.0118178505407964,3076.5,1.0739960516693574,10.8289,0.91333799586085,3.9325,0.5586716609764947,15.93,1.0684536695258047,3.126,-0.4321013873497522,2.531,-1.3529862679135654,3124.75,1.2331635720446146,4.557,2.36801090394046
273,16.0155,1.0412693662911534,-6431.75,-1.1783727617956412,3075.78,1.062813587605914,8.5333,0.3331981495081244,4.1927,0.7297236836936349,12.89,0.49125617632632773,3.126,-0.4321013873497522,2.531,-1.3529862679135654,2959.75,0.6302350412126082,4.557,2.36801090394046
274,2.5027,-0.523020030872585,-5410.0,0.567037295380131,3038.25,0.47992764829875634,7.8622,0.16359898114808138,3.1231,0.026582855491278607,11.44,0.2159481614778928,3.126,-0.4321013873497522,2.531,-1.3529862679135654,2414.5,-1.3621696947640674,4.557,2.36801090394046
275,87.0391,9.263211852555918,-5677.5,0.11007894911683855,2989.91,-0.2708505639609806,146.4232,35.180482258060444,63.1255,39.471363362343425,186.82,33.514927226387194,3.267,0.9105411801465171,2.618,-0.6712410966590242,2630.75,-0.5719679081433318,4.281,1.5038881430090452
276,0.7591,-0.7248653177779409,-5848.5,-0.1820327413916587,3061.24,0.8369899383246384,4.3304,-0.7289510751982141,1.8538,-0.8078380992929871,6.14,-0.7903500996922479,3.267,0.9105411801465171,2.618,-0.6712410966590242,2660.5,-0.46325806697816696,4.281,1.5038881430090452
277,9.8782,0.33079386771106556,-5392.25,0.597358830506013,3054.18,0.72733966570251,6.9596,-0.06450444510996438,3.1527,0.0460415021954574,10.27,-0.006196926365326933,3.126,-0.4321013873497522,2.531,-1.3529862679135654,2731.75,-0.2029025650279824,4.557,2.36801090394046
278,15.6791,1.0023265155714003,-6350.5,-1.0395770024166038,3054.84,0.7375902577606742,8.6597,0.3651417270386108,3.5003,0.27454912362696376,12.79,0.4722694166816078,3.173,0.015446135149005665,2.558,-1.1414101802828476,3071.25,1.0376685635627216,4.501,2.192681648099304
279,16.2418,1.0674666526106549,-6277.75,-0.9153014147879888,3010.71,0.05219839787192421,6.1628,-0.26587028827682785,2.9196,-0.10719534059995127,9.07,-0.23403804210196244,3.182,0.10114672456366017,2.647,-0.44399270624084386,3136.5,1.2760993916644696,4.631,2.599695992016273
280,10.3745,0.38824730651074907,-5421.5,0.5473923571295596,2935.73,-1.1123309847353353,6.9014,-0.07921264299188142,3.1252,0.027963367588534536,10.61,0.058358056426719804,3.173,0.015446135149005665,2.558,-1.1414101802828476,2685.0,-0.3737323154303842,4.501,2.192681648099304
281,2.5045,-0.522811656522717,-5316.75,0.7263321207597647,3018.6,0.1747395665671913,6.1803,-0.26144772018518614,2.8048,-0.18266333524994224,9.08,-0.23213936613749053,3.173,0.015446135149005665,2.558,-1.1414101802828476,2675.25,-0.4093599104340937,4.501,2.192681648099304
282,24.14,1.9817901471253843,-5242.25,0.8535971555134668,3008.84,0.023155053707140962,8.171,0.2416383541023075,3.6649,0.38275497658330965,12.26,0.3716395905645939,3.182,0.10114672456366017,2.647,-0.44399270624084386,2600.25,-0.6834183335395512,4.631,2.599695992016273
283,23.7109,1.9321160173874352,-5751.5,-0.016331957886838624,2969.01,-0.595452645802689,6.3497,-0.21863726105809433,2.7499,-0.2187538657924905,9.51,-0.15049629966519615,3.105,-0.6320694293172807,2.584,-0.9376702440458556,2625.25,-0.592065525837732,4.21,1.2815956936390087
284,5.78,-0.14362822152702218,-6459.75,-1.2262039157970326,2984.32,-0.3576699724535682,7.2905,0.019119999548563558,3.1085,0.016985009481784854,10.83,0.10012892764510313,3.223,0.49156052078597884,2.738,0.26909707058862226,2955.5,0.6147050639032989,4.461,2.0674464653556206
285,-0.18,-0.8335788466451236,-5328.25,0.7066871825091933,3017.94,0.16448897450903416,3.2597,-0.9995364269536868,1.5618,-0.9997950194828599,4.79,-1.046671354895963,3.223,0.49156052078597884,2.738,0.26909707058862226,2674.0,-0.41392755081918464,4.461,2.0674464653556206
286,-8.6082,-1.8092570108431745,-6345.0,-1.0301815971663306,2988.66,-0.29026456407113094,5.2385,-0.49945769896850933,2.2001,-0.5801850805883537,7.4,-0.5511169281687803,3.105,-0.6320694293172807,2.584,-0.9376702440458556,3169.25,1.3957715697538526,4.21,1.2815956936390087
287,22.7173,1.8170933762603638,-5302.75,0.7502476977604604,3002.46,-0.07593400285506817,5.3468,-0.47208832043566384,2.3362,-0.49071474895190964,8.02,-0.4333990183715188,3.223,0.49156052078597884,2.738,0.26909707058862226,2506.25,-1.026904890498391,4.461,2.0674464653556206
288,20.0236,1.5052611616830767,-5413.0,0.561912528879982,2962.65,-0.6942310783631359,8.0814,0.21899480547310224,3.6741,0.38880293434271684,12.36,0.39062635020931347,3.105,-0.6320694293172807,2.584,-0.9376702440458556,2731.75,-0.2029025650279824,4.21,1.2815956936390087
289,17.9782,1.2684784421165392,-5228.25,0.8775127325141625,3021.41,0.21838223881480845,7.9506,0.18593926796528862,2.9666,-0.07629816508993739,11.68,0.26151638462522,3.1,-0.6796808678809773,2.581,-0.9611786982270477,2748.25,-0.14260971194478178,4.422,1.9453421621805278
290,17.7327,1.240058496065114,-6322.0,-0.9908917206651876,3073.81,1.032217123432313,9.9305,0.686295985944798,4.9434,1.2232238891269822,15.17,0.9241542962259354,3.105,-0.6320694293172807,2.584,-0.9376702440458556,3083.0,1.0806043831825767,4.21,1.2815956936390087
291,1.3718,-0.6539370043534676,-6278.5,-0.916582606413026,2983.31,-0.3733564845425731,4.313,-0.7333483714721893,2.0172,-0.7004211103922159,6.54,-0.7144030611133693,3.182,0.10114672456366017,2.647,-0.44399270624084386,3177.25,1.4250044682184348,4.631,2.599695992016273
292,2.0373,-0.5768963766662031,-5485.25,0.43849106900139173,3029.19,0.3392149755003874,5.3147,-0.480200573906618,2.2293,-0.5609893885693665,7.8,-0.4751698895899019,3.105,-0.6320694293172807,2.584,-0.9376702440458556,2681.25,-0.3874352365856571,4.21,1.2815956936390087
293,1.4218,-0.6481488279682487,-5429.0,0.5345804408791869,3082.31,1.1642323241813353,5.4321,-0.4505314599661188,2.3173,-0.503139357827213,7.79,-0.4770685655543738,3.116,-0.5273242644771451,2.571,-1.0395402121643498,2701.0,-0.31526651850121995,4.232,1.350475044148035
294,22.4382,1.7847837756780711,-5278.0,0.7925270213866903,2997.92,-0.1464456512551337,6.1088,-0.2795170698167509,2.783,-0.19699436559288497,9.23,-0.203659226670411,3.182,0.10114672456366017,2.647,-0.44399270624084386,2624.25,-0.5957196381458048,4.631,2.599695992016273
295,14.9018,0.9123435254867861,-5143.5,1.0222873861433739,3067.43,0.9331280668701037,7.8561,0.16205740027042342,3.3177,0.15451030983699515,11.9,0.3032872558436033,3.116,-0.5273242644771451,2.571,-1.0395402121643498,2666.5,-0.4413333931297304,4.232,1.350475044148035
296,4.4391,-0.29885553582582464,-6483.75,-1.2672020477982253,2864.05,-2.225607407051795,7.7847,0.14401332245652534,4.04,0.629340732621739,11.67,0.25961770866074807,3.223,0.49156052078597884,2.738,0.26909707058862226,2966.5,0.6549002992920994,4.461,2.0674464653556206
297,-15.31,-2.5850810208123844,-6338.75,-1.01950500029102,3024.14,0.26078241505537714,3.5082,-0.9367359600523746,1.7505,-0.8757461467437195,5.21,-0.9669269643881405,3.332,1.5294898814745839,2.618,-0.6712410966590242,3125.25,1.234990628198651,4.434,1.982912717003634
298,27.3227,2.3502307267501132,-5486.25,0.43678281350134207,3032.29,0.3873616957735589,3.0522,-1.051975448611724,1.5437,-1.0116937189877802,4.39,-1.1226183934748415,3.116,-0.5273242644771451,2.571,-1.0395402121643498,2839.25,0.18991450808983995,4.232,1.350475044148035
299,2.78,-0.4909188046401606,-6463.25,-1.2321828100472065,2968.06,-0.6102072858864075,10.4267,0.8116947452060902,4.5251,0.9482390270878599,15.3,0.948837083764071,3.145,-0.2511779208077005,2.692,-0.09136589352297382,3096.25,1.1290213712645407,3.901,0.314153906944057
300,18.1782,1.291631147657415,-5398.5,0.5866822336307025,2988.95,-0.2857605160455766,10.2601,0.7695918969736609,4.3861,0.8568622739837765,14.91,0.8747887211496643,3.531,3.424425136309747,2.803,0.7784469111810965,2638.0,-0.5454755939098043,2.942,-2.688359599335742
301,22.3736,1.7773054517883684,-6294.25,-0.9434876305388087,3052.43,0.7001600655482995,9.6886,0.6251634590094761,4.0777,0.6541242117010478,14.55,0.8064363864286738,3.396,2.138916295089912,2.898,1.5228812935854843,3013.0,0.824816521617483,2.824,-3.057803388429608
302,24.4791,2.0210455593699392,-6380.0,-1.0899705396680697,3031.44,0.37416017569865806,7.7394,0.13256518905358994,3.7419,0.4333737534826939,11.37,0.202657429726589,3.396,2.138916295089912,2.898,1.5228812935854843,3086.5,1.0933937762608312,2.824,-3.057803388429608
303,20.7209,1.5859830695513406,-6205.0,-0.7910258271593738,2889.93,-1.8236599487712473,4.6032,-0.6600095566039365,2.1692,-0.6004983300194052,6.86,-0.6536454302502664,3.396,2.138916295089912,2.898,1.5228812935854843,2984.0,0.7188472646833728,2.824,-3.057803388429608
304,6.2045,-0.0944866040165131,-6349.0,-1.0370146191665293,3020.25,0.20036604671259117,11.9213,1.1894073320499583,5.0813,1.3138775168467887,17.79,1.4216073989175897,3.396,2.138916295089912,2.898,1.5228812935854843,2902.25,0.4201235834984242,2.824,-3.057803388429608
305,6.9082,-0.013023809570941338,-6237.25,-0.8461170670359762,3020.71,0.20751039875312707,8.6041,0.3510905964160234,3.6023,0.34160256835082337,13.31,0.5710005668341502,3.396,2.138916295089912,2.898,1.5228812935854843,3056.5,0.9837704070186484,2.824,-3.057803388429608
306,23.2655,1.8805549421479046,-5523.75,0.3727232322494786,2933.79,-1.1424615129062894,5.8803,-0.3372631731847582,2.7152,-0.24156518473286234,8.62,-0.319478460503201,3.396,2.138916295089912,2.898,1.5228812935854843,2494.25,-1.0707542381952644,2.824,-3.057803388429608
307,-7.8309,-1.7192740207585604,-5418.0,0.5533712513797335,3067.25,0.9303324508542447,8.6692,0.36754254971693034,3.7986,0.47064758010860425,12.44,0.40581575792508917,3.396,2.138916295089912,2.898,1.5228812935854843,2888.5,0.3698795392624237,2.824,-3.057803388429608
308,0.5373,-0.7505416682227722,-5255.75,0.8305357062627959,2973.52,-0.5254069334052701,3.417,-0.9597838577642446,1.4587,-1.0675715895909965,4.94,-1.0181912154288835,3.396,2.138916295089912,2.898,1.5228812935854843,2571.25,-0.7893875904736614,2.824,-3.057803388429608
309,3.1136,-0.45230009179797953,-6406.25,-1.1348122465443742,2999.81,-0.11709168308858833,7.6393,0.10726809956939953,3.3214,0.15694264067501768,11.47,0.22164418937130892,3.1,-0.6796808678809773,2.581,-0.9611786982270477,3072.25,1.0413226758707945,4.422,1.9453421621805278
310,25.1891,2.1032376640400487,-6314.0,-0.9772256766647901,3098.79,1.420186501633558,10.5165,0.8343888374706289,3.9949,0.5996925918663851,15.92,1.0665549935613325,3.116,-0.5273242644771451,2.571,-1.0395402121643498,3005.0,0.7955836231529009,4.232,1.350475044148035
311,1.23,-0.6703522725819486,-5745.0,-0.0052282971365156285,2995.26,-0.18775864348953142,4.139,-0.7773213342119409,1.8402,-0.8167785585895017,6.17,-0.784654071798832,3.145,-0.2511779208077005,2.565,-1.086557120526734,2727.75,-0.21751901426027348,4.325,1.641646844027098
312,13.5955,0.7611216292465552,-6470.0,-1.2437135346725419,3065.02,0.8956978746577362,8.3351,0.28310940689307373,3.4807,0.261664344052575,12.5,0.41720781371192106,3.101,-0.6701585801682387,2.521,-1.4313477818508709,3021.75,0.8567900043131197,4.317,1.6165998074783614
313,-2.9273,-1.1516159863073654,-5324.0,0.7139472683844045,3091.11,1.3009068849567966,6.0746,-0.28816003145870195,2.7248,-0.2352542722882636,8.99,-0.24922744981773817,3.101,-0.6701585801682387,2.521,-1.4313477818508709,2977.75,0.6960090627579181,4.317,1.6165998074783614
314,13.3745,0.7355378896238873,-5613.5,0.2194073011200188,2941.71,-1.0194544082083756,5.0984,-0.5348635155193096,2.07,-0.6657110919469238,7.44,-0.5435222243108925,3.101,-0.6701585801682387,2.521,-1.4313477818508709,2732.75,-0.19924845271990965,4.317,1.6165998074783614
315,27.4627,2.366437620628726,-6312.25,-0.9742362295397031,3019.05,0.18172860660684967,4.4594,-0.6963504304083982,2.0858,-0.6553243818818554,6.76,-0.6726321898949862,3.101,-0.6701585801682387,2.521,-1.4313477818508709,3096.5,1.129934899341559,4.317,1.6165998074783614
316,4.9991,-0.23402796031137207,-5516.75,0.38468102074982646,2885.72,-1.8890463011422343,6.7235,-0.12417120662062771,3.0161,-0.0437575227974763,9.91,-0.07454926108631751,3.145,-0.2511779208077005,2.692,-0.09136589352297382,2801.5,0.05197176846009302,3.901,0.314153906944057
317,1.9145,-0.5911121378683009,-5411.25,0.5649019760050689,3054.7,0.7354158897483323,6.2091,-0.25416943669722714,2.5068,-0.3785645757176892,8.92,-0.26251818156904194,3.223,0.49156052078597884,2.738,0.26909707058862226,2678.5,-0.3974840454328572,4.461,2.0674464653556206
318,9.5927,0.2977433805514654,-5194.0,0.9360204833908644,3033.33,0.4035141438652034,4.0186,-0.807748602682436,2.0421,-0.6840521812390382,5.9,-0.8359183228395749,3.1,-0.6796808678809773,2.539,-1.2902970567637222,2524.0,-0.9620443970300996,4.394,1.857677534259951
319,1.8182,-0.6022601655862326,-5742.25,-0.0005305945113789767,2926.4,-1.2572370815574965,5.0858,-0.5380477645452916,2.0604,-0.6720220043915223,7.44,-0.5435222243108925,3.116,-0.5273242644771451,2.571,-1.0395402121643498,2704.25,-0.30339065349998345,4.232,1.350475044148035
320,22.6936,1.8143497806537698,-6253.5,-0.8738762189117838,3081.75,1.1555348521319888,9.1891,0.4989307297651887,3.972,0.5846384361391658,14.0,0.7020092083827156,3.502,3.1482787926402978,3.32,4.829737181739702,3026.5,0.8741470377764654,3.263,-1.6833472578176867
321,19.1027,1.3986545290201136,-5387.5,0.6054730441312491,2936.59,-1.0989741526595498,6.9064,-0.07794905210855525,3.4688,0.25384144216812454,10.02,-0.053663825477126025,3.502,3.1482787926402978,3.32,4.829737181739702,2673.75,-0.41484107889620286,3.263,-1.6833472578176867
322,3.3055,-0.43008507083150915,-5394.75,0.5930881917558888,3093.48,1.3377158291656401,14.2375,1.7747531728419879,5.2552,1.42819706623384,20.79,1.9912101882591788,3.1,-0.6796808678809773,2.539,-1.2902970567637222,3556.0,2.808999504900995,4.394,1.857677534259951
323,13.6809,0.7710078345125092,-5033.0,1.2110496188988646,2975.92,-0.48813205319378,4.676,-0.641611673342707,2.0716,-0.6646592732061573,6.72,-0.680226893752874,3.502,3.1482787926402978,3.32,4.829737181739702,2398.75,-1.4197219636162135,3.263,-1.6833472578176867
324,26.9136,2.3028718675662514,-6404.5,-1.131822799419287,2787.49,-3.4146760857982903,4.2396,-0.7518978856394178,2.5275,-0.3649566707590237,6.52,-0.7182004130423133,3.502,3.1482787926402978,3.32,4.829737181739702,3068.5,1.0276197547155215,3.263,-1.6833472578176867
325,0.1427,-0.7962219562549204,-5407.75,0.5708808702552428,3039.66,0.5018266404230037,13.7105,1.641570693739406,4.9552,1.2309810523401346,20.1,1.8602015467106137,3.108,-0.6035025661790612,2.634,-0.545862674359338,2551.25,-0.8624698366351167,4.429,1.967258319160674
326,14.75,0.8947706219812613,-6390.0,-1.1070530946685666,2973.53,-0.5252516214043855,9.9885,0.7009536401913818,4.5689,0.9770325651163408,15.69,1.0228854463784773,3.037,-1.279584993783567,2.544,-1.251116299795071,2959.5,0.62932151313559,4.036,0.7368226487039864
327,8.0955,0.12442222687246832,-6383.75,-1.096376497793256,2954.36,-0.8229847270936526,6.9474,-0.06758760686528031,2.7761,-0.20153033391244013,10.23,-0.013791630223214627,3.502,3.1482787926402978,3.32,4.829737181739702,3064.25,1.0120897774062123,3.263,-1.6833472578176867
328,0.8873,-0.7100244335262396,-6280.75,-0.9204261812881378,2894.04,-1.7598267164090708,3.9097,-0.8352696121212807,1.7009,-0.9083525277074787,5.71,-0.8719931661645424,3.101,-0.6701585801682387,2.521,-1.4313477818508709,3009.0,0.810200072385192,4.317,1.6165998074783614
329,1.77,-0.6078399676215838,-5624.25,0.20104355449448463,3042.9,0.5521477287085171,3.7064,-0.886647217437324,1.8665,-0.7994892880381536,5.51,-0.9099666854539816,3.088,-0.7939483204338513,2.441,-2.058239893349302,2690.25,-0.3545482258130022,4.465,2.0799699836299874
330,21.1082,1.6308182838312468,-6266.25,-0.8956564765374173,2915.83,-1.4214018664889303,5.7399,-0.372744805188558,2.5381,-0.35798837160144603,8.64,-0.31568110857425685,3.257,0.8153183030191241,2.734,0.2377524650137007,3053.5,0.97280807009443,3.084,-2.2437747005956674
331,4.6327,-0.27644371686225677,-5469.5,0.4653960931271744,2967.04,-0.6260491099762898,3.6741,-0.8948100145436112,1.5546,-1.0045282038163088,5.44,-0.9232574172052852,3.114,-0.5463688399026262,2.56,-1.125737877495385,2600.5,-0.6825048054625329,4.264,1.4506631903429816
332,10.7709,0.43413596889276507,-6308.75,-0.9682573352895292,3057.33,0.7762629459800903,8.6732,0.36855342242359124,3.7608,0.4457983623579976,13.75,0.6545423092709165,3.1,-0.6796808678809773,2.539,-1.2902970567637222,3053.0,0.9709810139403937,4.394,1.857677534259951
333,4.4155,-0.30158755507964796,-6395.5,-1.11644849991884,2904.17,-1.6024956595164106,4.5129,-0.6828300079568077,2.1175,-0.6344852230804203,6.71,-0.682125569717346,3.252,0.7677068644554235,2.749,0.3552947359196574,3051.0,0.9636727893242482,2.88,-2.8824741325884515
334,4.4091,-0.30232844165695605,-6326.25,-0.9981518065403988,3038.41,0.48241264031285336,6.7011,-0.12983209377792893,2.5223,-0.36837508166651456,9.98,-0.06125852933501372,3.257,0.8153183030191241,2.734,0.2377524650137007,3078.75,1.0650744058732673,3.084,-2.2437747005956674
335,-10.37,-2.01320919395275,-6439.0,-1.1907576141710015,3035.75,0.44109964807845564,4.4544,-0.6976140212917243,2.3236,-0.4989978215354452,6.91,-0.6441520504279067,3.114,-0.5463688399026262,2.56,-1.125737877495385,2988.25,0.7343772419926821,4.264,1.4506631903429816
336,5.8091,-0.14025950287082478,-5641.25,0.17200321099363985,2887.33,-1.8640410690003586,4.3589,-0.7217486071632546,2.0566,-0.6745200739008426,6.5,-0.7219977649712572,3.105,-0.6320694293172807,2.584,-0.9376702440458556,2767.5,-0.07226805001438102,4.21,1.2815956936390087
337,2.0664,-0.5735276580100057,-6316.5,-0.9814963154149143,2991.98,-0.23870097977856905,7.1405,-0.01878772695122235,3.3398,0.16903855619383143,10.54,0.04506732467541601,3.088,-0.7939483204338513,2.441,-2.058239893349302,3054.25,0.9755486543254847,4.465,2.0799699836299874
338,-0.2173,-0.837896826228497,-6214.5,-0.8072542544098458,3065.83,0.9082781467291128,3.1175,-1.035472951675484,1.5895,-0.9815854075333412,4.47,-1.1074289857590658,3.088,-0.7939483204338513,2.441,-2.058239893349302,3036.25,0.9097746327801748,4.465,2.0799699836299874
339,4.97,-0.23739667896756958,-6330.0,-1.0045577646655852,3106.85,1.5453679743438067,4.5134,-0.6827036488684751,1.8373,-0.8186849800571409,6.64,-0.6954163014686497,3.088,-0.7939483204338513,2.441,-2.058239893349302,3114.5,1.1957089208868688,4.465,2.0799699836299874
340,1.4036,-0.6502557241724684,-6224.75,-0.8247638732853552,3033.82,0.41112443190838605,2.7193,-1.1361053296235828,1.3896,-1.1129970114578467,4.05,-1.1871733762668883,3.101,-0.6701585801682387,2.521,-1.4313477818508709,3024.0,0.8650117570062834,4.317,1.6165998074783614
341,2.9536,-0.4708222562306803,-5504.25,0.4060342145004476,3059.46,0.8093444021677882,4.0489,-0.8000912419294792,1.9343,-0.7549184688981763,5.98,-0.8207289151237992,3.252,0.7677068644554235,2.749,0.3552947359196574,2780.25,-0.025678118086453258,2.88,-2.8824741325884515
342,-0.5691,-0.8786224352748977,-6420.25,-1.1587278235450698,2908.11,-1.5413027311692158,3.3826,-0.9684773630415288,1.495,-1.043708451909858,4.89,-1.0276845952512434,3.163,-0.0797767419783915,2.76,0.44149240125068906,3018.25,0.844000611234865,3.063,-2.309523171536101
343,5.8727,-0.13289694250882622,-5300.5,0.7540912726355723,3111.09,1.6112202627174403,4.7116,-0.6326149062534245,2.7624,-0.21053653188025268,6.81,-0.6631388100726264,3.145,-0.2511779208077005,2.565,-1.086557120526734,2760.5,-0.09784683617089039,4.325,1.641646844027098
344,14.0673,0.8157388616174814,-6124.75,-0.6539383232803859,3098.45,1.4149058936035948,6.0691,-0.2895499814303609,2.7764,-0.2013331178985463,9.07,-0.23403804210196244,3.257,0.8153183030191241,2.734,0.2377524650137007,2648.0,-0.5089344708290766,3.084,-2.2437747005956674
345,-5.6018,-1.461225541152728,-5558.25,0.31378841749776426,3084.0,1.1904800523302594,5.7121,-0.3797703704998515,2.7318,-0.2306525652974107,7.91,-0.45428445398071027,3.257,0.8153183030191241,2.734,0.2377524650137007,2773.0,-0.05217043231998081,3.084,-2.2437747005956674
346,2.0009,-0.5811101690746426,-5750.5,-0.014623702386788931,2959.29,-0.7464159106592221,7.7429,0.13344970267191822,3.626,0.35718263344842593,11.66,0.2577190326962761,3.101,-0.6701585801682387,2.702,-0.013004379585671685,3069.75,1.0321873951006124,4.23,1.3442132850108517
347,20.81,1.5962975998698006,-5307.75,0.7417064202602119,3047.54,0.6242124971173932,10.9632,0.9472780469869916,4.6845,1.053026469136715,17.26,1.3209775728005761,3.257,0.8153183030191241,2.734,0.2377524650137007,2675.0,-0.41027343851111187,3.084,-2.2437747005956674
348,-5.9045,-1.4962671609888438,-6367.0,-1.0677632181674237,2990.95,-0.25469811586933605,6.2047,-0.2552813966745543,2.8294,-0.16649162211065846,8.99,-0.24922744981773817,3.145,-0.2511779208077005,2.565,-1.086557120526734,3062.25,1.0047815527900668,4.325,1.641646844027098
349,-0.3264,-0.8505266271010448,-5433.0,0.5277474188789881,3038.81,0.48862512034810285,3.6306,-0.9058032552285492,1.6531,-0.9397756125878757,5.31,-0.9479402047434209,3.257,0.8153183030191241,2.734,0.2377524650137007,3589.0,2.9295852110673963,3.084,-2.2437747005956674
350,4.3055,-0.3143215431271297,-5635.0,0.18267980786895044,3028.43,0.3274112634334126,6.2869,-0.23450796255267148,2.5334,-0.36107808915244755,9.33,-0.18467246702569143,3.145,-0.2511779208077005,2.565,-1.086557120526734,2743.5,-0.15996674540812741,4.325,1.641646844027098
351,5.0809,-0.2245585037451539,-5222.5,0.8873352016394482,2950.18,-0.8879051434619999,8.4171,0.3038322973796232,3.6436,0.36875263959685683,12.76,0.4665733887881921,3.245,0.70105085046625,2.512,-1.5018731443944435,2444.25,-1.2534598535989026,4.184,1.2001928248556153
352,6.3364,-0.07921739471230546,-6310.5,-0.9712467824146161,3190.45,2.8437763017106614,4.6662,-0.6440883114740265,2.089,-0.6532207444003224,6.88,-0.6498480783213226,3.101,-0.6701585801682387,2.521,-1.4313477818508709,3093.0,1.1171455062633042,4.317,1.6165998074783614
353,3.1418,-0.44903556031671604,-6378.5,-1.0874081564179952,2893.56,-1.7672816924513688,4.4095,-0.7089610674239935,1.856,-0.8063918485244331,6.45,-0.731491144793617,3.108,-0.6035025661790612,2.634,-0.545862674359338,3137.0,1.277926447818506,4.429,1.967258319160674
354,22.1027,1.7459451121332519,-6401.25,-1.1262709690441257,3031.79,0.3795960957294987,6.5836,-0.1595264795360948,3.0642,-0.012137221903185436,9.65,-0.12391483616258854,3.245,0.70105085046625,2.512,-1.5018731443944435,3096.75,1.1308484274185773,4.184,1.2001928248556153
355,-0.8891,-0.9156667641402991,-5307.5,0.7421334841352244,3111.28,1.614171190734184,6.0573,-0.29253205591501075,2.8564,-0.1487421808602252,9.07,-0.23403804210196244,3.101,-0.6701585801682387,2.702,-0.013004379585671685,2706.75,-0.29425537272980157,4.23,1.3442132850108517
356,-6.8555,-1.6063582758357087,-5436.0,0.5226226523788391,3100.44,1.4458129817789578,6.4508,-0.1930874533972386,3.0072,-0.04960826454298934,9.47,-0.15809100352308383,3.163,-0.0797767419783915,2.76,0.44149240125068906,2603.75,-0.6706289404612965,3.063,-2.309523171536101
357,2.1473,-0.5641623886187215,-5487.75,0.4342204302512675,3040.45,0.5140962884926181,2.5138,-1.1880389149282895,1.1695,-1.2576878269845282,3.57,-1.2783098225615426,3.163,-0.0797767419783915,2.76,0.44149240125068906,2665.25,-0.44590103351482135,3.063,-2.309523171536101
358,-8.4836,-1.7948328752912086,-6374.75,-1.0810021982928089,2942.16,-1.0124653681687243,6.9918,-0.05636691982134376,2.9583,-0.08175447480766336,10.54,0.04506732467541601,3.145,-0.2511779208077005,2.565,-1.086557120526734,3092.0,1.1134913939552316,4.325,1.641646844027098
359,3.9382,-0.35684148685294825,-6363.0,-1.060930196167225,3012.18,0.07502926200145792,4.8265,-0.6035775877545884,1.9654,-0.7344737421245288,7.03,-0.621367938854243,3.257,0.8153183030191241,2.734,0.2377524650137007,2957.0,0.6201862323654082,3.084,-2.2437747005956674
360,-0.2618,-0.8430483032113419,-5227.0,0.8796480518892246,2973.57,-0.5246303734008613,15.1886,2.0151134306682974,6.2657,2.092486339699136,21.94,2.209557924173455,3.101,-0.6701585801682387,2.521,-1.4313477818508709,2695.25,-0.3362776642726384,4.317,1.6165998074783614
361,-2.7936,-1.1361384026532897,-6457.75,-1.2227874047969332,2999.4,-0.12345947512471539,5.9309,-0.32447563344549696,2.3745,-0.46553683784481326,8.69,-0.3061877287518972,3.257,0.8153183030191241,2.734,0.2377524650137007,3086.5,1.0933937762608312,3.084,-2.2437747005956674
362,9.8518,0.3277377105796701,-5775.0,-0.056475962138006375,3018.64,0.17536081457071553,5.0612,-0.5442646316912564,2.4329,-0.42714545380683855,7.77,-0.48086591748331786,3.252,0.7677068644554235,2.749,0.3552947359196574,3019.5,0.848568251619956,2.88,-2.8824741325884515
363,3.8936,-0.36200454018856354,-6295.75,-0.9460500137888832,3066.07,0.9120056347502653,4.8816,-0.5896528162203337,2.4703,-0.40255919074142343,7.24,-0.5814957436003318,3.245,0.70105085046625,2.512,-1.5018731443944435,3050.0,0.9600186770161754,4.184,1.2001928248556153
364,-5.9236,-1.4984782443679974,-5319.25,0.7220614820096405,3063.36,0.8699160825114587,8.208,0.2509889266389216,3.1072,0.016130406754912372,11.63,0.2520230048028604,3.106,-0.6225471416045423,2.49,-1.6742684750565104,2426.0,-1.3201474032212306,4.269,1.4663175881859416
365,4.0991,-0.3382151352453136,-5415.0,0.5584960178798826,2988.92,-0.2862264520482163,3.9273,-0.8308217722119725,1.9976,-0.7133058899666045,5.71,-0.8719931661645424,3.178,0.06305757371270214,2.507,-1.5410539013630946,2631.5,-0.5692273239122771,4.329,1.654170362301465
366,6.3436,-0.07838389731283392,-5467.5,0.46881260412727377,3089.31,1.2729507247981773,3.7264,-0.8815928539040192,1.6017,-0.9735652896349972,5.46,-0.9194600652763414,3.108,-0.6035025661790612,2.634,-0.545862674359338,2621.25,-0.6066819750700231,4.429,1.967258319160674
367,0.31,-0.7768547180699777,-6261.75,-0.8879693267871938,2939.94,-1.0469446323643483,3.9885,-0.8153554198000597,1.7709,-0.8623354577989476,5.77,-0.8606011103777106,3.106,-0.6225471416045423,2.49,-1.6742684750565104,2988.5,0.7352907700697002,4.269,1.4663175881859416
368,28.5145,2.4881976990681927,-6393.5,-1.1130319889187406,2936.04,-1.1075163127080188,8.811,0.4033779871680614,3.5467,0.30505186710919,13.3,0.5691018908696783,3.245,0.70105085046625,2.512,-1.5018731443944435,3131.25,1.2569153020470876,4.184,1.2001928248556153
369,4.0209,-0.34726784311179604,-5493.0,0.42525208887600663,3206.18,3.0880820790967936,6.8435,-0.09384502542079885,3.1022,0.012843473190017067,10.13,-0.032778389867934195,3.101,-0.6701585801682387,2.702,-0.013004379585671685,2597.0,-0.6952941985407877,4.23,1.3442132850108517
370,3.2182,-0.4401912268001015,-6270.5,-0.9029165624126285,3109.46,1.5859044065738026,5.0597,-0.5446437089562542,2.7808,-0.19844061636143864,7.51,-0.5302314925595889,3.108,-0.6035025661790612,2.634,-0.545862674359338,2939.5,0.5562392669741347,4.429,1.967258319160674
371,14.3891,0.8529915648327507,-6362.25,-1.0596490045421878,2998.23,-0.14163097922781726,7.0835,-0.03319266302114114,2.8465,-0.1552503093187175,10.65,0.06595276028460784,3.252,0.7677068644554235,2.749,0.3552947359196574,3076.0,1.0550255970260674,2.88,-2.8824741325884515
372,6.2455,-0.0897402993806336,-6408.75,-1.1390828852944983,3047.65,0.6259209291270884,5.0709,-0.5418132653776037,2.091,-0.6519059709743642,7.32,-0.5663063358845561,3.245,0.70105085046625,2.512,-1.5018731443944435,3089.5,1.1043561131850497,4.184,1.2001928248556153
373,3.7982,-0.3730483807315614,-5120.0,1.0624313903945415,3118.63,1.7283255113818667,3.7025,-0.8876328183263184,1.9379,-0.7525518767314519,5.34,-0.9422441768500049,3.145,-0.2511779208077005,2.565,-1.086557120526734,2651.5,-0.4961450777508219,4.325,1.641646844027098
374,-1.9555,-1.0391169900842494,-6453.75,-1.2159543827967345,2993.48,-0.21540417964638864,7.1548,-0.015173857024909528,3.1815,0.06497423952925332,10.52,0.04126997274647216,3.101,-0.6701585801682387,2.702,-0.013004379585671685,3002.25,0.7855348143057008,4.23,1.3442132850108517
375,-10.6036,-2.0402515540244934,-6402.75,-1.1288333522942002,3045.73,0.5961010249578964,6.8752,-0.08583385922051055,3.1084,0.016919270810487105,10.31,0.0013977774925610972,3.088,-0.7939483204338513,2.441,-2.058239893349302,3036.75,0.9116016889342112,4.465,2.0799699836299874
376,3.88,-0.36357892416534315,-6279.5,-0.9182908619130757,3067.14,0.9286240188445495,4.6953,-0.6367342125330681,2.2496,-0.5476444382958923,6.93,-0.6403546984989628,3.106,-0.6225471416045423,2.49,-1.6742684750565104,3100.75,1.1454648766508682,4.269,1.4663175881859416
377,5.7945,-0.14194965037530868,-5435.5,0.5234767801288639,2982.49,-0.38609206861483425,4.4354,-0.702415666648364,2.17,-0.5999724206490221,6.49,-0.7238964409357291,3.257,0.8153183030191241,2.734,0.2377524650137007,2635.75,-0.553697346602968,3.084,-2.2437747005956674
378,0.8018,-0.7199222151449639,-6253.5,-0.8738762189117838,2927.75,-1.2362699614385353,5.6521,-0.39493346109976607,2.5262,-0.3658112734858965,8.08,-0.4220069625846869,3.257,0.8153183030191241,2.734,0.2377524650137007,3059.25,0.9938192158658484,3.084,-2.2437747005956674
379,10.8955,0.4485601044447308,-5593.75,0.2531453472460002,3001.5,-0.0908439549396642,4.3312,-0.7287489006568819,2.0755,-0.6620954650255392,6.37,-0.7466805525093927,3.106,-0.6225471416045423,2.49,-1.6742684750565104,2839.5,0.19082803616685812,4.269,1.4663175881859416
380,15.2791,0.9560211044896485,-5384.75,0.6101707467563857,2875.43,-2.0488623500489913,10.9636,0.9473791342576575,4.7739,1.1117968412770394,16.8,1.2336384784348655,3.106,-0.6225471416045423,2.49,-1.6742684750565104,2981.75,0.7106255119902091,4.269,1.4663175881859416
381,18.7173,1.3540392654428461,-6915.0,-2.003887232194655,2957.88,-0.7683149027834695,6.8555,-0.09081240730081586,3.3965,0.2063123828197418,10.26,-0.008095602329798857,3.178,0.06305757371270214,2.507,-1.5410539013630946,3069.25,1.030360338946576,4.329,1.654170362301465
382,3.3955,-0.419666353338115,-5468.0,0.4679584763772489,3047.0,0.6158256490698089,6.8737,-0.08621293648550843,3.1758,0.0612271352652729,10.21,-0.017588982152158473,3.091,-0.7653814572956317,2.486,-1.7056130806314318,2774.25,-0.04760279193488985,4.348,1.7136570741047148
383,0.1227,-0.798537226809008,-6391.5,-1.1096154779186411,3037.81,0.4730939202599826,6.0602,-0.29179917320268145,2.7719,-0.20429135810695198,8.98,-0.2511261257822101,3.245,0.70105085046625,2.512,-1.5018731443944435,3028.5,0.8814552623926108,4.184,1.2001928248556153
384,3.5336,-0.4036794101621402,-5047.75,1.1858528502731318,3040.17,0.5097475524679485,8.9725,0.4441919726994978,3.7204,0.41923993915364527,13.29,0.567203214905206,3.106,-0.6225471416045423,2.49,-1.6742684750565104,2575.5,-0.7738576131643521,4.269,1.4663175881859416
385,-5.3355,-1.4303977137250519,-5448.0,0.5021235863782427,3067.89,0.9402724189106397,5.6449,-0.3967530319717558,2.7721,-0.20415988076435618,8.2,-0.3992228510110235,3.091,-0.7653814572956317,2.486,-1.7056130806314318,3562.5,2.832751234903468,4.348,1.7136570741047148
386,1.4355,-0.6465628676386986,-5046.25,1.1884152335232063,3083.97,1.1900141163276128,6.3172,-0.2268506017997148,3.0968,0.009293584939930478,9.32,-0.18657114299016336,3.106,-0.6225471416045423,2.49,-1.6742684750565104,2600.75,-0.6815912773855147,4.269,1.4663175881859416
387,7.3918,0.042959432426896565,-4778.5,1.6458006436615111,2912.24,-1.4771588748052844,5.726,-0.37625758784420477,2.6585,-0.2788390113587724,8.56,-0.33087051629003256,3.178,0.06305757371270214,2.507,-1.5410539013630946,2887.5,0.3662254269543509,4.329,1.654170362301465
388,4.8018,-0.25686810432744617,-6408.25,-1.1382287575444736,3024.19,0.261558975059786,6.4164,-0.2017809586745228,2.2829,-0.525753460753691,9.42,-0.1675843833454438,3.178,0.06305757371270214,2.507,-1.5410539013630946,3039.0,0.919823441627375,4.329,1.654170362301465
389,-7.4155,-1.6711858513501612,-5631.75,0.18823163824411193,3002.85,-0.06987683482070323,4.3502,-0.7239472553002423,2.4111,-0.4414764841497813,6.21,-0.7770593679409441,3.108,-0.6035025661790612,2.634,-0.545862674359338,2705.25,-0.29973654119191073,4.429,1.967258319160674
390,0.0945,-0.8018017582902716,-6894.25,-1.9684409305686237,2989.82,-0.2722483719689066,6.5727,-0.16228110766174578,2.7397,-0.2254592102648763,9.51,-0.15049629966519615,3.021,-1.4319415971873992,2.481,-1.7447938376000864,3062.75,1.006608608944103,4.409,1.904640727788831
391,8.9073,0.21839905866288353,-6203.25,-0.7880363800342868,2924.07,-1.2934247777628154,5.7366,-0.3735787751715532,2.359,-0.47572633189598795,8.59,-0.3251744883966168,3.021,-1.4319415971873992,2.481,-1.7447938376000864,2841.75,0.19904978886002186,4.409,1.904640727788831
392,5.0473,-0.22844815827602102,-4929.5,1.3878540631540077,3013.98,0.10298542216007726,4.3207,-0.7314024415118668,2.0025,-0.7100846950730073,6.31,-0.7580726082962246,3.108,-0.6035025661790612,2.634,-0.545862674359338,2478.5,-1.1283065070474103,4.429,1.967258319160674
393,26.1536,2.214891586510923,-6250.25,-0.8683243885366223,2950.24,-0.8869732714567136,7.7496,0.13514291445557544,3.3641,0.18501305331922166,11.64,0.2539216807673323,3.178,0.06305757371270214,2.507,-1.5410539013630946,3136.75,1.277012919741488,4.329,1.654170362301465
394,-2.9973,-1.159719433246672,-6382.0,-1.093387050668169,2821.63,-2.8844409147898586,6.1033,-0.28090701978840965,2.868,-0.14111649498966858,8.7,-0.3042890527874253,3.101,-0.6701585801682387,2.702,-0.013004379585671685,3088.75,1.101615528953995,4.23,1.3442132850108517
395,-5.6473,-1.4664927816632773,-5226.5,0.8805021796392494,3245.0,3.6910032665176256,6.4204,-0.20077008596786197,2.7357,-0.22808875711679238,9.04,-0.23973406999537855,3.245,0.70105085046625,2.512,-1.5018731443944435,3436.75,2.373246612163318,4.184,1.2001928248556153
396,-1.2182,-0.9537645411078104,-6411.75,-1.1442076517946473,3127.07,1.8594088401256028,5.243,-0.49832046717351575,2.36,-0.475068945183009,7.78,-0.4789672415188458,3.101,-0.6701585801682387,2.702,-0.013004379585671685,3073.75,1.0468038443329035,4.23,1.3442132850108517
397,1.2264,-0.6707690212816845,-5453.5,0.49272818112796946,3034.08,0.41516254393129365,11.173,1.000298320451359,4.8236,1.1444689609120962,16.55,1.1861715793230665,3.021,-1.4319415971873992,2.481,-1.7447938376000864,2674.75,-0.4111869665881301,4.409,1.904640727788831
398,2.8355,-0.4844939288525675,-6487.25,-1.273180942048399,2953.65,-0.8340118791562185,3.5958,-0.9145978477764996,1.6652,-0.9318212333608296,5.23,-0.9631296124591965,3.178,0.06305757371270214,2.507,-1.5410539013630946,2996.5,0.7645236685342824,4.329,1.654170362301465
399,5.9073,-0.12889152445025467,-6465.0,-1.2351722571722936,2996.53,-0.16803401937761892,5.5799,-0.41317971345499627,2.4824,-0.39460481151437715,8.23,-0.3935268231176074,3.091,-0.7653814572956317,2.486,-1.7056130806314318,3087.5,1.0970478885689041,4.348,1.7136570741047148
400,4.5027,-0.2914929754638261,-5220.25,0.89117877651456,2951.56,-0.8664720873403922,5.7879,-0.3606143327086265,2.4158,-0.43838676659877984,8.35,-0.37074271154394395,3.021,-1.4319415971873992,2.481,-1.7447938376000864,2579.25,-0.7601546920090793,4.409,1.904640727788831
401,3.2591,-0.4354564985169923,-6400.25,-1.1245627135440759,2986.34,-0.3262969482755655,14.1221,1.7455894952548188,5.4525,1.5578994647045996,20.82,1.996906216152595,3.091,-0.7653814572956317,2.486,-1.7056130806314318,3116.5,1.2030171455030143,4.348,1.7136570741047148
402,4.1509,-0.33221858451022673,-5566.75,0.2992682457473419,3105.49,1.5242455422239611,5.0601,-0.5445426216855882,2.2828,-0.525819199424989,7.54,-0.524535464666173,3.245,0.70105085046625,2.512,-1.5018731443944435,2736.75,-0.18463200348761857,4.184,1.2001928248556153
403,4.4564,-0.2968528267965388,-5655.25,0.1480876339929442,3090.09,1.2850650608669143,11.5187,1.0876629941245326,4.5092,0.9377865783514934,16.99,1.2697133217598324,3.091,-0.7653814572956317,2.486,-1.7056130806314318,2737.0,-0.18371847541060038,4.348,1.7136570741047148
404,0.4591,-0.7595943760892547,-6501.5,-1.2975235829241072,2986.32,-0.3266075722773276,4.2411,-0.75151880837442,1.7408,-0.882122797859616,6.09,-0.7998434795146078,3.178,0.06305757371270214,2.507,-1.5410539013630946,2974.5,0.6841331977566816,4.329,1.654170362301465
405,-1.0773,-0.9374534600542632,-5583.25,0.271082029996522,3052.97,0.7085469135958838,4.6703,-0.6430521669496989,2.1376,-0.6212717501495423,6.78,-0.6688348379660422,3.178,0.06305757371270214,2.507,-1.5410539013630946,2618.25,-0.6176443119942413,4.329,1.654170362301465
406,10.9955,0.4601364572151687,-5633.25,0.18566925499403739,2917.09,-1.4018325543778953,9.4756,0.5713344873797801,3.9066,0.5416453451103381,13.97,0.6963131804892998,3.091,-0.7653814572956317,2.486,-1.7056130806314318,2782.25,-0.018369893470307725,4.348,1.7136570741047148
407,2.0064,-0.5804734696722684,-6572.75,-1.4192367873026477,2981.36,-0.4036423247144048,5.3257,-0.47742067396330035,2.3098,-0.5080697581745555,7.82,-0.47137253766095794,3.275,0.9867194818484332,2.746,0.33178628173846536,3127.25,1.2422988528147965,3.165,-1.9901734555397095
408,18.4,1.3173074981022461,-6271.0,-0.9037706901626533,3017.11,0.15159807843589546,8.9202,0.4309748120599055,3.917,0.5484821669253197,13.22,0.5539124831539025,3.245,0.70105085046625,2.512,-1.5018731443944435,2996.0,0.762696612380246,4.184,1.2001928248556153
409,0.3036,-0.7775956046472857,-6259.5,-0.8841257519120819,2940.72,-1.0348302962956184,6.8782,-0.08507570469051502,2.8587,-0.1472301914203735,9.79,-0.09733337265998128,3.021,-1.4319415971873992,2.481,-1.7447938376000864,3135.75,1.273358807433415,4.409,1.904640727788831
410,22.7636,1.8224532275930765,-6418.25,-1.1553113125449703,2940.17,-1.0433724563440803,5.2072,-0.5073677778981314,2.4269,-0.43108977408471283,7.57,-0.518839436772757,3.178,0.06305757371270214,2.507,-1.5410539013630946,2853.25,0.24107208040285866,4.329,1.654170362301465
411,6.1527,-0.10048315475159995,-5487.25,0.43507455800129236,2933.88,-1.1410637048983563,2.6252,-1.1598861100477817,1.0932,-1.3078464331848272,3.86,-1.2232482195918557,3.275,0.9867194818484332,2.746,0.33178628173846536,2673.25,-0.4166681350502392,3.165,-1.9901734555397095
412,20.2627,1.5329402211571939,-6282.5,-0.9234156284132248,2989.85,-0.27178243596626694,8.0131,0.20173415400686615,3.6157,0.3504115503047421,12.02,0.3260713674172667,3.245,0.70105085046625,2.512,-1.5018731443944435,3011.75,0.820248881232392,4.184,1.2001928248556153
413,-3.09,-1.1704507122648677,-5595.75,0.24972883624590084,3083.49,1.1825591402853148,4.5813,-0.6655440846729054,2.0463,-0.6812911570445264,6.64,-0.6954163014686497,3.178,0.06305757371270214,2.507,-1.5410539013630946,2789.25,0.007208892686201637,4.329,1.654170362301465
414,1.9855,-0.58289292740129,-5349.75,0.669959689258125,2965.48,-0.6502777821137566,7.0181,-0.04972043177504794,3.3833,0.19763487820841885,10.35,0.00899248135044879,3.275,0.9867194818484332,2.746,0.33178628173846536,2643.5,-0.525377976215404,3.165,-1.9901734555397095
415,8.3018,0.14830424263788186,-5679.0,0.10751656586676402,2951.41,-0.8688017673536117,5.8283,-0.3504045183713508,2.3647,-0.4719792276320075,8.59,-0.3251744883966168,3.275,0.9867194818484332,2.746,0.33178628173846536,2707.0,-0.29334184465278335,3.165,-1.9901734555397095
416,2.9964,-0.4658675772449329,-6449.25,-1.208267233046511,3015.48,0.1262822222922577,4.3328,-0.7283445515742175,1.907,-0.7728651261625034,6.32,-0.7561739323317525,3.091,-0.7653814572956317,2.486,-1.7056130806314318,3012.25,0.8220759373864285,4.348,1.7136570741047148
417,4.5645,-0.28433878945169544,-5469.75,0.46496902925216194,2981.47,-0.4019338927047167,8.1722,0.241941615914306,3.1726,0.059123497783739994,12.05,0.33176739531068283,3.275,0.9867194818484332,2.746,0.33178628173846536,2575.75,-0.7729440850873339,3.165,-1.9901734555397095
418,1.14,-0.6807709900753428,-5532.25,0.35820306049905626,2946.7,-0.9419537197686587,5.524,-0.4273066595305833,2.6348,-0.2944190764563753,8.17,-0.40491887890443923,3.275,0.9867194818484332,2.746,0.33178628173846536,2743.0,-0.1617938015621638,3.165,-1.9901734555397095
419,8.8173,0.2079803411694894,-6554.75,-1.3884881883017532,3015.67,0.1292331503090014,8.7428,0.38614260751949225,3.4297,0.22813762169064505,12.71,0.45708000896583245,3.263,0.8724520292955591,2.819,0.9038253334807828,2860.5,0.2675643946363862,3.004,-2.494245066083034
420,2.4345,-0.5309151034620236,-6489.25,-1.2765974530484985,3099.87,1.4369601977287267,4.0485,-0.8001923292001454,2.0695,-0.6660397853034131,5.8,-0.8549050824842946,3.275,0.9867194818484332,2.746,0.33178628173846536,3075.75,1.054112068949049,3.165,-1.9901734555397095
421,-28.9882,-4.168517705458427,-5563.5,0.3048200761225034,3048.73,0.6426946252222573,6.0188,-0.3022617057166225,2.417,-0.4375979025432051,8.89,-0.2682142094624577,3.091,-0.7653814572956317,2.486,-1.7056130806314318,2601.75,-0.677937165077442,4.348,1.7136570741047148
422,6.6,-0.04870212880943111,-6506.75,-1.3064919242993682,3022.8,0.23997060693730074,5.2891,-0.48667015922924817,2.2328,-0.5586885350739398,7.86,-0.46377783380307,3.263,0.8724520292955591,2.819,0.9038253334807828,2857.25,0.2556885296351497,3.004,-2.494245066083034
423,25.2736,2.113019682131069,-5142.25,1.0244227055184358,3018.81,0.17800111858569712,8.1065,0.2253380317073998,3.6031,0.3421284777212065,12.53,0.42290384160533684,3.263,0.8724520292955591,2.819,0.9038253334807828,2577.75,-0.7656358604711884,3.004,-2.494245066083034
424,-5.7182,-1.474700415777518,-5282.75,0.7844128077614543,2977.43,-0.4646799410607221,6.748,-0.11797961129232916,2.6755,-0.2676634372381292,9.82,-0.09163734476656517,3.275,0.9867194818484332,2.746,0.33178628173846536,2627.5,-0.5838437731445683,3.165,-1.9901734555397095
425,-1.4345,-0.9788041921502677,-6047.0,-0.5211214581515224,3079.17,1.1154643559046395,5.299,-0.48416824928026225,2.4369,-0.4245159069549225,7.66,-0.5017513530925094,3.265,0.8914966047210402,2.768,0.5041816124005322,2653.5,-0.48883685313467634,2.854,-2.963877001371845
426,-0.3327,-0.8512559373255824,-6336.0,-1.0148072976658833,2911.37,-1.4906710188819474,5.0396,-0.5497233443072257,2.2372,-0.555796033536832,7.65,-0.5036500290569813,3.265,0.8914966047210402,2.768,0.5041816124005322,3128.5,1.2468664931998874,2.854,-2.963877001371845
427,0.5682,-0.746964575216707,-5932.0,-0.32467207564580797,3085.57,1.214864036468611,7.684,0.1185646020663357,3.1468,0.042162920588881186,11.19,0.1684812623660937,3.265,0.8914966047210402,2.768,0.5041816124005322,2641.5,-0.5326862008315495,2.854,-2.963877001371845
428,2.9518,-0.4710306305805481,-5427.75,0.536715760254249,3053.49,0.7166231376417062,4.8857,-0.5886166716960062,2.386,-0.4579768906455544,7.15,-0.5985838272805795,3.265,0.8914966047210402,2.768,0.5041816124005322,2765.75,-0.07866274655350837,2.854,-2.963877001371845
429,7.7727,0.08705376012949474,-6467.25,-1.2390158320474054,3120.68,1.760164471562509,9.7235,0.6339833233750931,3.9548,0.5733313846759267,14.28,0.7551721353879305,3.31,1.3199995517943168,2.791,0.6844130944563319,2963.0,0.6421109062138447,3.074,-2.275083496281589
430,2.75,-0.49439171047129193,-6313.25,-0.9759444850397528,2956.84,-0.784467350875114,3.8384,-0.8532884181175122,1.7982,-0.8443888005346204,5.72,-0.8700944902000703,3.265,0.8914966047210402,2.768,0.5041816124005322,3079.5,1.067814990104322,2.854,-2.963877001371845
431,15.81,1.0174799613479035,-5471.25,0.4624066460020874,3068.98,0.9572014270066931,5.8984,-0.33268897418711746,2.5724,-0.3354400073462658,8.93,-0.26061950560457003,3.265,0.8914966047210402,2.768,0.5041816124005322,2711.0,-0.2787253954204923,2.854,-2.963877001371845
432,3.4882,-0.408935074319919,-5493.25,0.4248250250009942,2999.89,-0.11584918708153985,4.7036,-0.6346366516667464,1.8872,-0.785881383079488,7.07,-0.6137732349963552,3.31,1.3199995517943168,2.791,0.6844130944563319,2436.25,-1.2826927520634848,3.074,-2.275083496281589
433,1.2673,-0.6660342929985752,-6374.75,-1.0810021982928089,3114.68,1.6669772710337873,2.5672,-1.1745437642943655,1.4307,-1.085978417554409,3.72,-1.249829683094463,3.31,1.3199995517943168,2.791,0.6844130944563319,3052.0,0.9673269016323209,3.074,-2.275083496281589
434,4.7864,-0.2586508626540936,-6381.5,-1.0925329229181442,3266.04,4.017779716371676,3.9746,-0.8188682024557066,1.7793,-0.8568134094099238,5.74,-0.8662971382711264,3.31,1.3199995517943168,2.791,0.6844130944563319,3043.25,0.9353534189366842,3.074,-2.275083496281589
435,14.7345,0.8929762873018435,-5313.5,0.7318839511349262,3041.33,0.5277637445701657,5.0284,-0.5525537878858763,2.4904,-0.38934571781054506,7.35,-0.5606103079911403,3.31,1.3199995517943168,2.791,0.6844130944563319,2721.0,-0.24218427233976464,3.074,-2.275083496281589
436,-8.3955,-1.784634108500453,-5474.25,0.4572818795019383,3071.58,0.9975825472358044,6.2134,-0.2530827485375667,2.8057,-0.18207168720826133,9.13,-0.22264598631513058,3.31,1.3199995517943168,2.791,0.6844130944563319,2997.0,0.7663507246883188,3.074,-2.275083496281589
437,1.2209,-0.6714057206840585,-5587.25,0.2642490079963232,2921.48,-1.3336505859910492,9.3285,0.5341596435923233,4.0073,0.6078441871073249,13.88,0.6792250968090522,3.124,-0.45114596277522906,2.773,0.5433623693691867,2637.25,-0.5482161781408588,3.175,-1.9588646598537895
438,1.0345,-0.6929840422481549,-5421.5,0.5473923571295596,3059.2,0.8053062901448735,4.9982,-0.5601858768211667,2.5456,-0.35305797125410354,7.5,-0.5321301685240608,3.124,-0.45114596277522906,2.773,0.5433623693691867,2631.5,-0.5692273239122771,3.175,-1.9588646598537895
439,1.0636,-0.6896153235919574,-6256.5,-0.8790009854119328,3062.54,0.8571804984391975,7.3977,0.04621138808707747,2.8877,-0.12816597674398178,11.17,0.16468391043714986,3.124,-0.45114596277522906,2.773,0.5433623693691867,3016.75,0.8385194427727559,3.175,-1.9588646598537895
440,1.6173,-0.6255170583020425,-6370.75,-1.07416917629261,3067.7,0.9373214908938959,4.0842,-0.7911702902931962,2.1094,-0.6398100554555505,6.11,-0.7960461275856637,3.124,-0.45114596277522906,2.773,0.5433623693691867,3137.5,1.2797535039725425,3.175,-1.9588646598537895
441,2.4173,-0.5329062361385389,-5311.5,0.7353004621350256,3102.59,1.4792050619684178,7.1468,-0.017195602438231452,2.6761,-0.2672690052103418,10.59,0.05456070449777596,3.124,-0.45114596277522906,2.773,0.5433623693691867,3386.5,2.1896274686826613,3.175,-1.9588646598537895
442,-7.1564,-1.6411915213219563,-6264.0,-0.8918129016623055,2948.76,-0.9099594475871248,7.9407,0.18343735801630273,3.3661,0.18632782674517956,12.11,0.3431594510975144,3.31,1.3199995517943168,2.792,0.6922492458500614,3035.75,0.9079475766261385,3.067,-2.2969996532617327
443,0.6991,-0.7318111294402038,-4750.75,1.6932047337878902,3079.77,1.1247830759575104,6.0266,-0.3002905039386335,2.6547,-0.28133708086809267,9.22,-0.2055579026348829,3.358,1.7770693620058131,2.813,0.8568084251184022,2713.25,-0.2705036427273286,2.932,-2.7196683950216634
444,2.5964,-0.5121729883266846,-5879.75,-0.23541572576821157,3114.46,1.663560407014404,6.0507,-0.29419999588100126,2.9654,-0.07708702914551242,9.01,-0.24543009788879433,3.31,1.3199995517943168,2.792,0.6922492458500614,2785.5,-0.006494028469071236,3.067,-2.2969996532617327
445,-0.4091,-0.8601002708421971,-5433.25,0.5273203550039757,2882.17,-1.944182061455057,7.7667,0.13946439527655108,3.6026,0.3417997843647169,11.41,0.21025213358447703,3.31,1.3199995517943168,2.792,0.6922492458500614,2908.25,0.4420482573468608,3.067,-2.2969996532617327
446,-5.0245,-1.3943952566089899,-6443.5,-1.1984447639212252,3014.35,0.10873196619268008,8.7115,0.37823252858986983,3.109,0.01731370283827447,12.48,0.4134104617829772,3.124,-0.45114596277522906,2.773,0.5433623693691867,3022.0,0.857703532390138,3.175,-1.9588646598537895
447,-0.7236,-0.8965079003052243,-5468.75,0.46667728475221165,2901.07,-1.6506423797895822,7.7214,0.12801626187361564,2.9624,-0.07905918928444924,11.17,0.16468391043714986,3.358,1.7770693620058131,2.813,0.8568084251184022,2548.0,-0.8743457016363532,2.932,-2.7196683950216634
448,1.9482,-0.5872109069846634,-5410.5,0.5661831676301062,2942.41,-1.0085825681466942,9.1675,0.4934720171492197,3.8318,0.49247281897950757,13.53,0.6127714380525332,3.31,1.3199995517943168,2.792,0.6922492458500614,2689.0,-0.35911586619809316,3.067,-2.2969996532617327
449,1.3255,-0.6592968556861805,-6375.75,-1.0827104537928585,2882.76,-1.9350186534030638,6.4405,-0.19569045061689058,3.169,0.0567569056170155,9.47,-0.15809100352308383,3.31,1.3199995517943168,2.792,0.6922492458500614,2967.75,0.6594679396771904,3.067,-2.2969996532617327
450,-6.8627,-1.6071917732351801,-6421.0,-1.160009015170107,3047.76,0.6276293611367837,7.2038,-0.002790666368312661,3.2466,0.10777011454418711,10.42,0.02228321310175259,3.265,0.8914966047210402,2.768,0.5041816124005322,3088.0,1.0988749447229404,2.854,-2.963877001371845
451,7.0591,0.004444906759649523,-6507.5,-1.3077731159244055,3133.43,1.9581872726860428,5.8522,-0.34436455394905147,2.5457,-0.3529922325828055,8.36,-0.36884403557947204,3.225,0.51060509621146,2.766,0.4885093096130731,3038.5,0.9179963854733386,4.289,1.5289351795577817
452,2.2118,-0.5566956410817889,-6461.0,-1.2283392351720948,3080.01,1.128510563978663,3.3887,-0.9669357821638708,1.7119,-0.9011212738647095,4.94,-1.0181912154288835,3.225,0.51060509621146,2.766,0.4885093096130731,2980.0,0.7042308154510818,4.289,1.5289351795577817
453,7.9373,0.10610843678963551,-5411.5,0.5644749121300565,2967.57,-0.617817573929583,3.0303,-1.057509976680693,1.2316,-1.216864112108531,4.32,-1.1359091252261453,3.225,0.51060509621146,2.766,0.4885093096130731,2733.0,-0.19833492464289146,4.289,1.5289351795577817
454,0.8745,-0.7115062066808555,-6409.5,-1.1403640769195356,3007.38,0.00047950157848477887,5.0466,-0.5479543170705691,2.1279,-0.6276484012654387,7.21,-0.5871917714937478,3.225,0.51060509621146,2.766,0.4885093096130731,3020.25,0.8513088358510106,4.289,1.5289351795577817
455,3.99,-0.3508449361178614,-5546.5,0.3338604196233481,3012.56,0.08093111803494532,4.0074,-0.8105790462610868,1.6123,-0.9665969904774195,5.68,-0.8776891940579583,3.343,1.6342350463147195,2.798,0.7392661542124455,2639.75,-0.5390808973706769,4.013,0.6648124186263696
456,4.4455,-0.29811464924851655,-6466.25,-1.2373075765473556,2958.91,-0.7523177666927094,5.1071,-0.532664867382322,2.082,-0.6578224513911756,7.27,-0.575799715706916,2.745,-4.060093005903498,2.377,-2.559753582548047,2970.25,0.6686032204473723,4.062,0.8182255174873826
457,168.1455,18.652374835958398,-5430.0,0.5328721853791372,2940.56,-1.0373152883097154,289.8264,71.42107749002122,97.7089,62.20603101198195,320.05,58.81098710104717,2.745,-4.060093005903498,2.377,-2.559753582548047,2814.0,0.09764817231100259,4.062,0.8182255174873826
458,-0.2845,-0.8456761352902312,-5183.0,0.954811293891411,3021.45,0.2190034868183327,6.1134,-0.2783545662040906,2.8926,-0.12494478185038481,9.42,-0.1675843833454438,2.945,-2.1556354633556016,2.465,-1.8701722598997725,2689.25,-0.35820233812107494,4.264,1.4506631903429816
459,2.0609,-0.5741643574123798,-5353.25,0.663980795007951,2996.66,-0.16601496336616867,3.9852,-0.816189389783055,1.763,-0.8675288128314819,5.79,-0.8568037584487666,2.945,-2.1556354633556016,2.465,-1.8701722598997725,2756.25,-0.11337681348019964,4.264,1.4506631903429816
460,1.7373,-0.611625434977517,-5763.75,-0.037258087762447344,3072.41,1.010473443308943,4.3682,-0.719398328120268,2.0352,-0.6885881495585934,6.4,-0.7409845246159767,2.945,-2.1556354633556016,2.465,-1.8701722598997725,2546.5,-0.8798268700984623,4.264,1.4506631903429816
461,3.1191,-0.45166339239560543,-5474.75,0.4564277517519135,3200.36,2.997690494583938,4.7727,-0.6171738256591782,2.1044,-0.6430969890204455,6.88,-0.6498480783213226,2.945,-2.1556354633556016,2.465,-1.8701722598997725,2709.75,-0.28329303580558324,4.264,1.4506631903429816
462,0.2818,-0.7801192495512412,-6211.25,-0.8017024240346843,3012.41,0.07860143802172587,4.4168,-0.7071162247343372,1.995,-0.7150150954203499,6.29,-0.7618699602251684,2.945,-2.1556354633556016,2.465,-1.8701722598997725,2724.0,-0.23122193541554634,4.264,1.4506631903429816
463,4.06,-0.3427414891785549,-6252.75,-0.8725950272867465,2961.36,-0.7142663264768105,6.563,-0.16473247397539875,2.79,-0.19239265860203178,9.78,-0.0992320486244532,2.816,-3.3840105782989967,2.688,-0.12271049909789537,3178.0,1.4277450524494895,3.494,-0.9601140774729163
464,-0.3182,-0.8495773661738689,-5288.5,0.7745903386361686,3106.55,1.5407086143173747,5.8228,-0.35179446834300954,3.3149,0.1526696270406541,8.61,-0.32137713646767296,2.745,-4.060093005903498,2.377,-2.559753582548047,2580.0,-0.7574141077780246,4.062,0.8182255174873826
465,-0.0636,-0.8201039720203339,-5328.0,0.7071142463842057,3043.23,0.5572730247375957,6.5193,-0.1757762582956696,2.8448,-0.15636786673078154,9.59,-0.13530689194942042,2.816,-3.3840105782989967,2.688,-0.12271049909789537,2555.0,-0.8487669154798438,3.494,-0.9601140774729163
466,36.3682,3.397369716600077,-6334.5,-1.0122449144158088,3043.34,0.5589814567472908,122.4063,29.11097508090903,52.3338,32.37704317188776,130.78,22.87474712148631,2.745,-4.060093005903498,2.377,-2.559753582548047,3045.75,0.9444886997068661,4.062,0.8182255174873826
467,1.0291,-0.6936091652977585,-5711.0,0.052852389865173884,3044.88,0.5828995048829956,6.679,-0.13541716548223073,2.9055,-0.11646449325295541,9.6,-0.13340821598494848,2.816,-3.3840105782989967,2.688,-0.12271049909789537,2627.5,-0.5838437731445683,3.494,-0.9601140774729163
468,1.9591,-0.5859490845326856,-5662.25,0.13612984549259635,2975.62,-0.4927914132202189,6.5078,-0.17868251732732005,2.4986,-0.38395514676411713,9.44,-0.16378703141649995,2.887,-2.707928150694491,2.497,-1.6194154153004003,2739.5,-0.17458319464041847,4.019,0.6835976960379229
469,1.6373,-0.623201787747955,-6310.25,-0.9708197185396038,2997.15,-0.15840467532298605,6.026,-0.3004421348446327,2.6628,-0.2760122484929628,8.83,-0.2796062652492896,2.816,-3.3840105782989967,2.688,-0.12271049909789537,3030.25,0.8878499589317382,3.494,-0.9601140774729163
470,-1.2209,-0.9540771026326123,-5686.75,0.0942775857413789,2929.84,-1.2038097532543617,5.873,-0.3391080158744144,2.5449,-0.35351814195318865,8.8,-0.2853022931427054,2.816,-3.3840105782989967,2.688,-0.12271049909789537,2592.25,-0.7126512320041333,3.494,-0.9601140774729163
471,8.8445,0.21112910912304858,-5402.5,0.5798492116305037,3036.93,0.45942646418243505,3.7753,-0.8692349350650889,1.6586,-0.9361599856664911,5.53,-0.9061693335250376,2.945,-2.1556354633556016,2.465,-1.8701722598997725,2611.0,-0.6441366262277689,4.264,1.4506631903429816
472,-1.1255,-0.9430332620896145,-6539.75,-1.3628643558010078,3100.12,1.4408429977507569,6.3446,-0.21992612375908718,3.0231,-0.039155815806623105,9.15,-0.21884863438618674,3.276,0.9962417695611716,2.918,1.679604321460092,2882.75,0.34886839349100524,4.375,1.7981908224567011
473,2.9409,-0.47229245303252587,-6389.5,-1.1061989669185417,3038.93,0.4904888643586756,3.9316,-0.8297350840523119,1.9795,-0.7252045894715247,5.78,-0.8587024344132386,2.945,-2.1556354633556016,2.465,-1.8701722598997725,3025.25,0.8695793973913745,4.264,1.4506631903429816
474,-4.4845,-1.3318829516486248,-6468.0,-1.2402970236724427,3008.92,0.024397549714189455,5.8699,-0.3398914422220766,2.2953,-0.5176018655127512,8.32,-0.3764387394373597,2.894,-2.641272136705313,2.421,-2.2149629212239095,3083.25,1.0815179112595947,3.981,0.5646242724314232
475,8.1418,0.12978207820518115,-5649.5,0.15791010311822992,2981.5,-0.40146795670207,5.282,-0.48846445828357143,2.476,-0.398812086477443,7.49,-0.5340288444885327,2.816,-3.3840105782989967,2.688,-0.12271049909789537,2550.5,-0.8652104208661713,3.494,-0.9601140774729163
476,9.4864,0.2854377175564897,-6505.5,-1.304356604924306,3046.93,0.6147384650636379,4.1354,-0.778231119647936,1.8843,-0.787787804547127,6.33,-0.7542752563672805,2.945,-2.1556354633556016,2.465,-1.8701722598997725,3038.25,0.9170828573963203,4.264,1.4506631903429816
477,-7.5073,-1.681812943193423,-4599.25,1.9520054420454185,2957.63,-0.7721977028054995,6.2009,-0.2562417257458822,2.5907,-0.3234098304987498,9.04,-0.23973406999537855,2.945,-2.1556354633556016,2.465,-1.8701722598997725,2834.0,0.17073041847245793,4.264,1.4506631903429816
478,3.8264,-0.3697838492502979,-5330.0,0.7036977353841063,3023.34,0.24835745498488512,7.1455,-0.017524136067896174,3.0328,-0.03277916469072662,10.55,0.04696600063988827,2.894,-2.641272136705313,2.421,-2.2149629212239095,2747.25,-0.14626382425285453,3.981,0.5646242724314232
479,10.2355,0.37215617615984037,-6456.75,-1.2210791492968835,3042.78,0.5502839846979444,6.1589,-0.26685588916582226,2.5012,-0.3822459413103719,8.8,-0.2853022931427054,3.276,0.9962417695611716,2.918,1.679604321460092,2909.75,0.4475294258089699,4.375,1.7981908224567011
480,1.0218,-0.6944542390500005,-6347.75,-1.034879299791467,3091.64,1.3091384210034964,3.4914,-0.9409816254203506,1.6936,-0.9131514507122256,5.06,-0.99540710385522,2.824,-3.3078322765970807,2.467,-1.8544999571123102,2994.5,0.7572154439181369,4.062,0.8182255174873826
481,3.8664,-0.3651533081421227,-6426.5,-1.1694044204203804,3008.02,0.010419469634879785,10.3185,0.7843506384909111,4.179,0.7207174857258224,15.06,0.9032688606167438,2.887,-2.707928150694491,2.497,-1.6194154153004003,3021.75,0.8567900043131197,4.019,0.6835976960379229
482,-6.0545,-1.5136316901445006,-6624.0,-1.5067848816801945,2993.53,-0.2146276196419798,6.0601,-0.29182444502034793,2.8063,-0.18167725518047395,9.16,-0.2169499584217148,3.276,0.9962417695611716,2.918,1.679604321460092,2877.5,0.32968430387362324,4.375,1.7981908224567011
483,2.8745,-0.4799791512720967,-5305.5,0.7455499951353238,3003.08,-0.06630465880043528,9.7565,0.6423230232050463,3.8732,0.5196886288968391,14.43,0.78365227485501,2.887,-2.707928150694491,2.497,-1.6194154153004003,2637.25,-0.5482161781408588,4.019,0.6835976960379229
484,-0.81,-0.9065098690988828,-6310.25,-0.9708197185396038,3053.95,0.723767489682242,12.6446,1.3721983892319267,5.0746,1.3094730258698295,18.53,1.5621094202885153,2.745,-4.060093005903498,2.377,-2.559753582548047,3028.25,0.8805417343155927,4.062,0.8182255174873826
485,8.1445,0.13009463972998306,-6406.25,-1.1348122465443742,2933.89,-1.1409083928974788,8.3032,0.2750476970574525,3.365,0.18560470136090285,12.0,0.32227401548832285,2.894,-2.641272136705313,2.421,-2.2149629212239095,3012.0,0.8211624093094103,3.981,0.5646242724314232
486,11.4855,0.5168605857903147,-6329.75,-1.0041307007905727,2996.95,-0.16151091534061435,5.4073,-0.45679887074741676,2.3028,-0.5126714651654087,7.54,-0.524535464666173,2.824,-3.3078322765970807,2.467,-1.8544999571123102,2993.75,0.7544748596870823,4.062,0.8182255174873826
487,1.4745,-0.6420480900582279,-5874.25,-0.22602032051793824,3070.54,0.9814300991441599,5.6832,-0.387073925805477,2.8348,-0.16294173386057187,8.04,-0.4296016664425749,2.887,-2.707928150694491,2.497,-1.6194154153004003,2582.0,-0.7501058831618791,4.019,0.6835976960379229
488,2.0127,-0.5797441594477308,-5459.0,0.48333277587769613,3085.99,1.2213871405056154,4.571,-0.6681470818925573,2.2085,-0.57466303219933,6.68,-0.6878215976107619,2.945,-2.1556354633556016,2.465,-1.8701722598997725,2697.25,-0.32896943965649283,4.264,1.4506631903429816
489,0.91,-0.7073966014473501,-5545.75,0.33514161124838543,3094.34,1.3510726612414254,4.5649,-0.6696886627702153,1.8511,-0.8096130434180304,6.58,-0.7068083572554814,2.824,-3.3078322765970807,2.467,-1.8544999571123102,2823.75,0.13327576731471205,4.062,0.8182255174873826
490,-1.5118,-0.9877527128418161,-6225.75,-0.8264721287854048,2973.71,-0.5224560053885264,6.4179,-0.20140188140952495,2.9854,-0.06393929488593207,9.34,-0.1827737910612195,2.824,-3.3078322765970807,2.467,-1.8544999571123102,3096.25,1.1290213712645407,4.062,0.8182255174873826
491,0.9091,-0.7075007886222839,-6260.75,-0.886261071287144,2934.01,-1.139044648886899,3.4436,-0.9530615542649491,1.7173,-0.8975713856146228,5.21,-0.9669269643881405,3.276,0.9962417695611716,2.918,1.679604321460092,3032.25,0.8951581835478838,4.375,1.7981908224567011
492,0.6191,-0.7410722116565541,-5607.25,0.23008389799532938,3043.22,0.5571177127367111,7.5571,0.0864946654475167,3.4032,0.21071687379670115,11.18,0.1665825864016218,2.916,-2.4317818070250463,2.452,-1.9720422280182668,2564.5,-0.8140528485531525,3.562,-0.7472142668086564
493,3.3655,-0.4231392591692464,-5723.5,0.03149919611455274,3037.38,0.4664155042220934,3.9414,-0.8272584459209926,2.0952,-0.6491449467798523,5.73,-0.8681958142355983,2.824,-3.3078322765970807,2.467,-1.8544999571123102,3112.25,1.1874871681937051,4.062,0.8182255174873826
494,-2.63,-1.1171994895208535,-5628.0,0.19463759636929828,2974.93,-0.5035079412810228,4.9807,-0.5646084449128084,2.2448,-0.5507998945181916,7.3,-0.5701036878135001,2.824,-3.3078322765970807,2.467,-1.8544999571123102,2561.75,-0.8241016574003527,4.062,0.8182255174873826
495,1.0045,-0.6964569480792862,-5669.75,0.12331792924222365,2973.55,-0.5249409974026235,6.8317,-0.0968270999054487,2.9246,-0.10390840703505626,9.99,-0.059359853370541796,2.887,-2.707928150694491,2.497,-1.6194154153004003,2729.5,-0.21112431772114612,4.019,0.6835976960379229
496,1.1527,-0.6793007932734971,-6326.0,-0.9977247426653864,2964.74,-0.6617708701789694,5.4141,-0.4550803871460931,2.417,-0.4375979025432051,7.91,-0.45428445398071027,2.824,-3.3078322765970807,2.467,-1.8544999571123102,2963.25,0.6430244342908629,4.062,0.8182255174873826
497,0.2055,-0.7889520067150854,-6371.0,-1.0745962401676226,3057.56,0.7798351220003582,4.049,-0.8000659701118126,2.1921,-0.5854441742921859,5.72,-0.8700944902000703,2.816,-3.3840105782989967,2.688,-0.12271049909789537,2984.5,0.7206743208374092,3.494,-0.9601140774729163
498,-3.8982,-1.2640107953555475,-6344.25,-1.0289004055412934,2954.41,-0.8222081670892508,3.6575,-0.8990051362762542,1.7504,-0.8758118854150174,5.58,-0.8966759537026778,2.887,-2.707928150694491,2.497,-1.6194154153004003,3095.0,1.1244537308794498,4.019,0.6835976960379229
499,3.2764,-0.4334537894877066,-5409.0,0.5687455508801808,2997.27,-0.1565409313124133,6.1719,-0.26357055286917414,2.6277,-0.2990865221185262,9.11,-0.22644333824407475,2.968,-1.936622845962592,2.588,-0.9063256384709341,2955.75,0.6156185919803172,4.361,1.7543585084964115
500,-4.0373,-1.2801135020592265,-5246.75,0.8459100057632432,3069.02,0.9578226750102173,6.2882,-0.23417942892300675,2.4131,-0.4401617107238231,9.52,-0.1485976237007242,2.968,-1.936622845962592,2.588,-0.9063256384709341,2648.25,-0.5080209427520583,4.361,1.7543585084964115
501,0.1618,-0.7940108728757668,-5697.5,0.07591383911584472,2987.72,-0.30486389215396487,9.6091,0.6050723639645896,4.5182,0.9437030587683047,14.01,0.7039078843471875,2.894,-2.641272136705313,2.421,-2.2149629212239095,2775.5,-0.043035151549798895,3.981,0.5646242724314232
502,-3.9436,-1.269266459513326,-5933.25,-0.32680739502087003,3057.06,0.7720695219562981,6.9,-0.07956644843921261,3.0744,-0.005431877430799622,9.95,-0.06695455722842983,2.968,-1.936622845962592,2.588,-0.9063256384709341,2587.25,-0.730921793544497,4.361,1.7543585084964115
503,-1.2518,-0.9576541956386775,-6338.25,-1.018650872540995,2976.4,-0.480677077151482,5.3111,-0.48111035934261304,2.3637,-0.47263661434498644,7.68,-0.49795400116356553,3.278,1.0152863449866527,3.955,9.805693316758497,2993.0,0.7517342754560277,5.261,4.5721501202292805
504,1.3664,-0.6545621274030713,-6350.25,-1.0391499385415914,3120.81,1.7621835275739663,6.4272,-0.1990516023665383,2.831,-0.16543980336989214,9.39,-0.17328041123885954,2.968,-1.936622845962592,2.588,-0.9063256384709341,3097.75,1.13450253972665,4.361,1.7543585084964115
505,5.65,-0.1586774801285915,-5278.0,0.7925270213866903,2984.05,-0.3618633964773604,9.0309,0.458950714216748,3.8735,0.5198858449107326,13.68,0.6412515775196127,2.887,-2.707928150694491,2.497,-1.6194154153004003,3443.5,2.3979118702428086,4.019,0.6835976960379229
506,7.8264,0.09327026156721982,-5444.0,0.5089566083784415,3071.29,0.99307849921025,10.4973,0.8295366484786558,4.0923,0.6637220577105414,15.57,1.000101334804814,2.968,-1.936622845962592,2.588,-0.9063256384709341,2608.5,-0.6532719069979508,4.361,1.7543585084964115
507,-1.1927,-0.9508125711513488,-5561.0,0.3090907148726276,2965.67,-0.647326854097013,4.5513,-0.6731256299728624,1.9166,-0.7665542137179048,6.61,-0.7011123293620655,2.968,-1.936622845962592,2.588,-0.9063256384709341,2640.0,-0.5381673692936587,4.361,1.7543585084964115
508,5.4991,-0.17614619645918236,-5192.5,0.9385828666409389,3003.82,-0.054811570735222595,5.2686,-0.4918508818508856,2.3933,-0.45317796764080764,7.32,-0.5663063358845561,3.278,1.0152863449866527,3.955,9.805693316758497,2793.25,0.0218253419184927,5.261,4.5721501202292805
509,-0.0309,-0.8163185046644007,-6461.0,-1.2283392351720948,2970.71,-0.5690496056528873,7.7416,0.13312116904225352,3.3264,0.1602295742399127,11.48,0.22354286533578083,3.278,1.0152863449866527,3.955,9.805693316758497,3097.5,1.1335890116496317,5.261,4.5721501202292805
510,0.5091,-0.7538061997040357,-6305.5,-0.9627055049143677,3060.07,0.8188184342215435,9.1825,0.49726278979919797,3.7266,0.42331573677411505,13.75,0.6545423092709165,2.816,-3.3840105782989967,2.688,-0.12271049909789537,3049.5,0.9581916208621389,3.494,-0.9601140774729163
511,3.3655,-0.4231392591692464,-5871.75,-0.22174968176781404,3108.24,1.5669563424662918,6.8964,-0.0804762338752076,3.038,-0.029360753783235816,10.26,-0.008095602329798857,3.025,-1.3938524463364412,2.708,0.03401252877671238,2707.5,-0.29151478849874696,4.809,3.156992555225662
512,3.3655,-0.4231392591692464,-6624.5,-1.5076390094302192,3008.5,0.017874445677177806,5.8156,-0.3536140392149993,2.53805,-0.3580212409370949,8.6,-0.32327581243214487,2.968,-1.936622845962592,2.588,-0.9063256384709341,2949.75,0.5936939181318805,4.361,1.7543585084964115
513,0.5755,-0.746119501464465,-6736.0,-1.6981094976857598,3034.9,0.4278981280035548,8.1897,0.2463641840059477,3.2246,0.09330760685864888,12.12,0.3450581270619863,3.025,-1.3938524463364412,2.708,0.03401252877671238,3136.0,1.2742723355104333,4.809,3.156992555225662
514,0.2573,-0.7829554559799986,-5232.25,0.8706797105139636,2884.65,-1.9056646852365184,8.6821,0.370802614195912,3.8771,0.522252437077457,12.55,0.426701193534281,3.278,1.0152863449866527,3.955,9.805693316758497,2498.5,-1.055224260885955,5.261,4.5721501202292805
515,9.2827,0.26185668696310765,-5234.5,0.8668361356388519,3028.5,0.32849844743958356,4.1834,-0.7661006471680044,1.6867,-0.9176874190317806,5.92,-0.8321209709106311,3.278,1.0152863449866527,3.955,9.805693316758497,2747.25,-0.14626382425285453,5.261,4.5721501202292805
516,-1.0482,-0.9340847413980659,-6319.75,-0.9870481457900758,2941.25,-1.0265987602489115,7.0399,-0.044211175523745525,2.8966,-0.12231523499846873,10.37,0.012789833279392636,2.89,-2.6793612875562713,2.51,-1.517545447181906,3004.75,0.7946700950758827,4.563,2.3867961813520107
517,5.6309,-0.16088856350774525,-5121.0,1.0607231348944919,2980.11,-0.4230563248245552,5.0146,-0.5560412987238568,2.3002,-0.5143806706191543,7.06,-0.6156719109608273,3.025,-1.3938524463364412,2.708,0.03401252877671238,2591.5,-0.7153918162351879,4.809,3.156992555225662
518,13.3709,0.7351211409241517,-5229.25,0.8758044770141128,3061.22,0.8366793143228762,11.778,1.1531928173338295,4.8963,1.1922609749456707,17.62,1.3893299075215666,3.278,1.0152863449866527,3.955,9.805693316758497,2558.0,-0.8378045785556255,5.261,4.5721501202292805
519,5.1736,-0.21382722472695787,-6183.75,-0.7547253977833178,2933.27,-1.1505377369521117,5.5412,-0.4229599068919412,2.2915,-0.5200999350220715,8.02,-0.4333990183715188,2.89,-2.6793612875562713,2.51,-1.517545447181906,2999.75,0.7763995335355188,4.563,2.3867961813520107
520,4.8373,-0.2527584990939407,-5506.25,0.4026177035003482,2792.24,-3.3409028853797187,3.1119,-1.0368881734648094,1.5461,-1.0101159908766304,4.55,-1.09223957804329,2.89,-2.6793612875562713,2.51,-1.517545447181906,2631.0,-0.5710543800663136,4.563,2.3867961813520107
521,6.3691,-0.07543192735637223,-5622.5,0.20403300161957158,2991.74,-0.2424284677997216,3.5094,-0.9364326982403763,1.4322,-1.0849923374849406,5.02,-1.003001807713108,3.278,1.0152863449866527,3.955,9.805693316758497,2752.5,-0.1270797346354725,5.261,4.5721501202292805
522,0.2818,-0.7801192495512412,-5046.25,1.1884152335232063,2960.22,-0.7319718945772727,7.9807,0.19354608508291235,3.1388,0.03690382688504905,11.5,0.2273402172647247,2.968,-1.936622845962592,2.588,-0.9063256384709341,2615.75,-0.6267795927644233,4.361,1.7543585084964115
523,-0.8964,-0.9165118378925411,-5530.0,0.36204663537416804,3078.79,1.1095624998711522,4.4311,-0.7035023548080244,2.0923,-0.6510513682474918,6.67,-0.6897202735752338,2.89,-2.6793612875562713,2.51,-1.517545447181906,2754.0,-0.12159856617336337,4.563,2.3867961813520107
524,-0.1745,-0.8329421472427496,-6339.0,-1.0199320641660323,2953.55,-0.8355649991650291,5.68,-0.38788262397080586,2.502,-0.3817200319399887,8.19,-0.4011215269754954,3.025,-1.3938524463364412,2.708,0.03401252877671238,2989.75,0.7398584104547912,4.809,3.156992555225662
525,7.0709,0.005810916386561205,-6626.5,-1.5110555204303187,2994.56,-0.19863048355121984,5.7825,-0.36197901086261874,2.493,-0.3876365123567998,8.37,-0.36694535961500013,3.278,1.0152863449866527,3.955,9.805693316758497,2835.25,0.17529805885754887,5.261,4.5721501202292805
526,0.4545,-0.7601268883166948,-7148.0,-2.401910763706233,2946.11,-0.951117127820645,6.2397,-0.24643626049127085,2.779,-0.19962391244480104,8.95,-0.2568221536756262,2.89,-2.6793612875562713,2.51,-1.517545447181906,2936.5,0.5452769300499164,4.563,2.3867961813520107
527,2.2518,-0.5520650999736139,-6235.25,-0.8427005560358769,2987.43,-0.3093679401795192,4.0085,-0.810301056266755,1.9646,-0.7349996514949121,6.0,-0.8169315631948554,3.025,-1.3938524463364412,2.708,0.03401252877671238,3027.75,0.8787146781615564,4.809,3.156992555225662
528,0.9991,-0.6970820711288899,-6233.5,-0.8397111089107899,3100.96,1.45388920582478,4.7485,-0.6232896055344771,2.111,-0.6387582367147839,7.17,-0.5947864753516356,2.89,-2.6793612875562713,2.51,-1.517545447181906,3136.75,1.277012919741488,4.563,2.3867961813520107
529,2.3691,-0.5384860381738901,-5394.75,0.5930881917558888,3047.28,0.6201743850944856,17.9641,2.7165327300026716,6.6958,2.375228364951411,26.83,3.1380104708002445,3.025,-1.3938524463364412,2.708,0.03401252877671238,2763.5,-0.08688449924667209,4.809,3.156992555225662
530,3.43,-0.4156725116323139,-6273.75,-0.90846839278779,3076.81,1.0788107236966737,4.3367,-0.7273589506852229,2.1235,-0.6305409028025464,6.38,-0.7447818765449208,2.968,-1.936622845962592,2.588,-0.9063256384709341,3099.5,1.1408972362657772,4.361,1.7543585084964115
531,2.3755,-0.537745151596582,-6368.5,-1.0703256014174982,2951.62,-0.8655402153351058,5.5946,-0.40946475625801737,2.642,-0.2896858921229263,8.34,-0.37264138750841586,3.025,-1.3938524463364412,2.708,0.03401252877671238,3016.25,0.8366923866187195,4.809,3.156992555225662
532,1.1682,-0.6775064585940793,-5319.25,0.7220614820096405,2930.42,-1.1948016572032532,4.7835,-0.6144444693511937,2.0335,-0.6897057069706578,7.04,-0.6194692628897711,3.025,-1.3938524463364412,2.708,0.03401252877671238,2691.0,-0.3518076415819476,4.809,3.156992555225662
533,0.1691,-0.7931657991235248,-6366.0,-1.066054962667374,2997.28,-0.15638561931152872,18.7344,2.9112015414879067,6.5467,2.27721200604624,27.18,3.2044641295567637,2.91,-2.488915533301481,2.453,-1.9642060766245373,3133.5,1.2651370547402514,4.392,1.8514157751227676
534,2.6491,-0.5060722504166638,-5651.25,0.15492065599314295,3025.1,0.27569236713997314,9.8527,0.6666345118002424,3.9538,0.5726739979629478,14.54,0.8045377104642015,2.89,-2.6793612875562713,2.51,-1.517545447181906,2729.25,-0.21203784579816431,4.563,2.3867961813520107
535,3.1382,-0.44945230901645183,-5397.5,0.5883904891307522,2992.15,-0.23606067576358747,9.1637,0.49251168807789175,3.6258,0.35705115610583016,13.57,0.6203661419104213,2.91,-2.488915533301481,2.453,-1.9642060766245373,3260.25,1.7282957897884745,4.392,1.8514157751227676
536,4.4364,-0.29916809735062644,-5451.25,0.49657175600308123,3055.87,0.7535873938514341,7.3247,0.027762961190514832,3.2951,0.13965337012366955,11.07,0.1456971507924303,2.968,-1.936622845962592,2.588,-0.9063256384709341,2785.75,-0.005580500392053044,4.361,1.7543585084964115
537,2.1045,-0.5691170676044689,-6358.25,-1.052815982541989,2971.23,-0.560973381607065,10.5022,0.8307749675443158,4.189,0.7272913528556124,15.4,0.9678238434087906,2.91,-2.488915533301481,2.453,-1.9642060766245373,3059.25,0.9938192158658484,4.392,1.8514157751227676
538,3.9818,-0.35179419704503734,-5496.75,0.4188461307508203,3010.41,0.04753903784548529,11.3416,1.0429066050371183,3.976,0.5872679829910818,16.31,1.140603356175739,2.768,-3.841080388510493,2.499,-1.6037431125129378,2515.5,-0.993104351648718,4.248,1.4005691172455084
539,2.8182,-0.4864966378818532,-6335.25,-1.013526106040846,3028.53,0.3289643834422303,6.4263,-0.19927904872553692,3.0505,-0.021143419870997993,9.35,-0.18087511509674759,2.89,-2.6793612875562713,2.51,-1.517545447181906,3059.25,0.9938192158658484,4.563,2.3867961813520107
540,-0.1209,-0.8267372221577948,-6170.75,-0.7325180762826717,3072.67,1.0145115553318578,10.4836,0.8260744094583421,4.5757,0.9815027947645982,15.53,0.9925066309469259,3.025,-1.3938524463364412,2.708,0.03401252877671238,2627.25,-0.5847573012215864,4.809,3.156992555225662
541,1.1782,-0.6763488233170355,-5372.25,0.6315239405070069,3048.78,0.6434711852266661,6.4326,-0.19768692421254602,2.7757,-0.2017932885976317,9.79,-0.09733337265998128,3.025,-1.3938524463364412,2.708,0.03401252877671238,2488.0,-1.093592440120719,4.809,3.156992555225662
542,0.1664,-0.7934783606483266,-5472.75,0.4598442627520129,2962.79,-0.6920567103508011,8.6404,0.36026426622897134,3.3012,0.14366342907284155,12.37,0.3925250261737854,2.91,-2.488915533301481,2.453,-1.9642060766245373,2687.75,-0.3636835065831841,4.392,1.8514157751227676
543,4.92,-0.24318485535278853,-5677.75,0.10965188524182612,3085.35,1.2114471724492204,7.7601,0.13779645531056056,3.2037,0.07956822455738734,11.57,0.2406309490160285,2.89,-2.6793612875562713,2.51,-1.517545447181906,2726.5,-0.22208665464536442,4.563,2.3867961813520107
544,-1.3227,-0.965861829752918,-6424.75,-1.1664149732952935,3037.82,0.4732492322608672,11.7319,1.1415425093895615,4.1575,0.7065836713967731,17.68,1.4007219633083983,2.92,-2.393692656174088,2.461,-1.9015168654746941,3144.25,1.3044187620520336,4.585,2.455675531861037
545,-0.7845,-0.903557899142421,-6369.75,-1.0724609207925604,3089.53,1.2763675888175678,7.7185,0.12728337916128638,3.1894,0.07016759456178742,11.73,0.27100976444757996,3.062,-1.0415278009650806,2.471,-1.8231553515373886,3045.5,0.9435751716298479,4.92,3.504520187339382
546,0.2655,-0.7820061950528225,-6328.75,-1.002422445290523,3106.03,1.5326323902715526,14.1605,1.7552938732387644,4.999,1.2597745903686155,21.09,2.048170467193338,2.92,-2.393692656174088,2.461,-1.9015168654746941,3044.75,0.9408345873987933,4.585,2.455675531861037
547,-3.6855,-1.2393878930128257,-6234.5,-0.8414193644108396,3050.22,0.6658361133535531,5.7486,-0.3705461570515704,2.1545,-0.6101619147001968,8.41,-0.35935065575711206,3.062,-1.0415278009650806,2.471,-1.8231553515373886,2921.5,0.4904652454288249,4.92,3.504520187339382
548,-1.7609,-1.0165894075929771,-5962.0,-0.37591974064729866,2929.6,-1.2075372412755143,11.0497,0.9691381692685347,4.6373,1.0219978162841052,16.1,1.1007311609218282,3.062,-1.0415278009650806,2.471,-1.8231553515373886,2517.75,-0.9848825989555543,4.92,3.504520187339382
549,2.9691,-0.4690279215512624,-5490.25,0.42994979150114326,3058.6,0.7959875700920028,3.4708,-0.9461876198596546,1.5393,-1.014586220524888,5.07,-0.9935084278907479,3.062,-1.0415278009650806,2.471,-1.8231553515373886,2737.75,-0.18097789117954582,4.92,3.504520187339382
550,-1.7982,-1.0209073871763503,-6330.25,-1.0049848285405976,2961.59,-0.7106941504565426,4.835,-0.6014294832529339,2.4282,-0.43023517135784006,7.05,-0.6175705869252992,2.89,-2.6793612875562713,2.51,-1.517545447181906,3084.0,1.0842584954906493,4.563,2.3867961813520107
551,-0.3736,-0.8559906656086915,-5135.0,1.036807557893796,3158.88,2.3534563149287084,5.7983,-0.3579860636713078,2.6553,-0.28094264884030534,8.67,-0.3099850806808411,2.92,-2.393692656174088,2.461,-1.9015168654746941,2605.5,-0.6642342439221691,4.585,2.455675531861037
552,4.9073,-0.24465505215463412,-6188.0,-0.7619854836585289,2945.19,-0.9654058319017167,5.4231,-0.4528059235561061,2.266,-0.5368632962030364,7.69,-0.4960553251990934,3.062,-1.0415278009650806,2.471,-1.8231553515373886,3069.75,1.0321873951006124,4.92,3.504520187339382
553,1.49,-0.64025375537881,-6475.5,-1.2531089399228152,3071.43,0.995252867222585,4.0638,-0.7963257410971673,2.161,-0.6058889010658332,6.05,-0.8074381833724956,3.062,-1.0415278009650806,2.471,-1.8231553515373886,3067.5,1.0239656424074488,4.92,3.504520187339382
554,3.2491,-0.43661413379403613,-5558.0,0.31421548137277666,3026.87,0.30318259129594577,6.1087,-0.2795423416344174,3.297,0.1409024048783297,8.97,-0.253024801746682,2.92,-2.393692656174088,2.461,-1.9015168654746941,2830.0,0.15611396924016685,4.585,2.455675531861037
555,-1.0927,-0.9392362183809109,-6380.0,-1.0899705396680697,2983.83,-0.36528026049675083,8.8177,0.4050711989517186,3.6431,0.36842394624036723,13.17,0.5444191033315426,3.019,-1.450986172612876,2.803,0.7784469111810965,3043.75,0.9371804750907206,4.567,2.39931969962638
556,0.2536,-0.7833837810325048,-5630.75,0.18993989374416162,2923.26,-1.3060050498341922,5.7431,-0.37193610702322916,2.5919,-0.32262096644317506,8.49,-0.34416124804133635,3.062,-1.0415278009650806,2.471,-1.8231553515373886,3050.5,0.9618457331702117,4.92,3.504520187339382
557,-0.7036,-0.8941926297511367,-5473.25,0.45899013500198804,2967.53,-0.6184388219331073,4.8678,-0.593140327058314,2.4426,-0.4207688026909421,7.11,-0.6061785311384673,3.019,-1.450986172612876,2.803,0.7784469111810965,2589.25,-0.7236135689283516,4.567,2.39931969962638
558,3.73,-0.38094345332100005,-5611.5,0.22282381212011818,2996.16,-0.1737805634102288,9.1932,0.49996687428951603,4.1505,0.7019819644059203,13.27,0.5634058629762622,3.118,-0.5082796890516682,2.875,1.3426498115296845,2770.25,-0.062219241167180916,4.41,1.9077716073574242
559,-0.4173,-0.8610495317693729,-6382.5,-1.094241178418194,3072.99,1.0194815393600518,9.9344,0.6872815868337924,4.4533,0.9010386610959662,14.48,0.79314565467737,3.062,-1.0415278009650806,2.471,-1.8231553515373886,2995.75,0.7617830843032278,4.92,3.504520187339382
560,1.4464,-0.6453010451867209,-5666.25,0.12929682349239757,3017.28,0.15423838245087704,4.7955,-0.6114118512312109,2.267,-0.5362059094900575,7.13,-0.6023811792095235,3.118,-0.5082796890516682,2.875,1.3426498115296845,2776.75,-0.03846751116470794,4.41,1.9077716073574242
561,4.8364,-0.2528626862688746,-5523.75,0.3727232322494786,3009.4,0.031852525756487476,9.3323,0.5351199726636512,3.8684,0.5165331726745396,13.96,0.6944145045248279,3.093,-0.7463368818701548,2.662,-0.32645043533488716,2576.5,-0.7702035008562793,3.193,-1.9025088276191313
562,-2.6655,-1.1213090947543587,-6477.0,-1.2556713231728898,2979.95,-0.4255413168386592,5.533,-0.42503219594059605,2.2718,-0.5330504532677582,8.51,-0.3403638961123925,3.093,-0.7463368818701548,2.662,-0.32645043533488716,2917.25,0.4749352681195157,3.193,-1.9025088276191313
563,-0.3455,-0.8527377104801985,-5733.0,0.01527076886408067,2978.67,-0.44542125295144924,15.0008,1.9676529570905656,5.9046,1.8551039976424133,21.58,2.141205589452464,3.019,-1.450986172612876,2.803,0.7784469111810965,2627.0,-0.5856708292986047,4.567,2.39931969962638
564,-6.6055,-1.5774173939096139,-5242.25,0.8535971555134668,3108.5,1.5709944544892065,6.0071,-0.30521850838360565,2.9948,-0.05775985978392913,9.31,-0.18846981895463527,2.92,-2.393692656174088,2.461,-1.9015168654746941,3108.0,1.1719571908843958,4.585,2.455675531861037
565,-0.0191,-0.814952495037489,-5336.0,0.6934482023838082,3064.81,0.8924363226392303,6.4234,-0.20001193143786622,2.7578,-0.2135605107599561,9.75,-0.10492807651786897,3.062,-1.0415278009650806,2.471,-1.8231553515373886,3553.0,2.798037167976777,4.92,3.504520187339382
566,1.4845,-0.6408904547811841,-5472.0,0.46112545437705016,3023.07,0.24416403096109293,2.3095,-1.2396692384209982,1.0527,-1.3344705950604774,3.22,-1.3447634813180611,3.878,6.728658972630352,2.888,1.4445197796481786,2730.0,-0.20929726156710976,4.254,1.4193543946570588
567,8.9864,0.22755595370429998,-5361.5,0.6498876871325411,3032.98,0.3980782238343627,4.7606,-0.6202317155968277,2.2998,-0.5146436253043458,6.84,-0.6574427821792105,3.118,-0.5082796890516682,2.875,1.3426498115296845,2661.0,-0.4614310108241306,4.41,1.9077716073574242
568,-0.95,-0.9227167629774958,-6341.25,-1.023775639041144,2972.12,-0.5471506135286399,3.4077,-0.9621341368072313,1.521,-1.0266163973724038,4.66,-1.0713541424340984,2.91,-2.488915533301481,2.453,-1.9642060766245373,2987.0,0.7298096016075911,4.392,1.8514157751227676
569,2.8618,-0.48144934807394224,-6222.5,-0.8209202984102433,3041.89,0.5364612166195122,5.1866,-0.5125737723374353,1.9554,-0.741047609254319,7.82,-0.47137253766095794,3.093,-0.7463368818701548,2.662,-0.32645043533488716,3060.25,0.9974733281739212,3.193,-1.9025088276191313
570,-2.0764,-1.0531128005837087,-6305.25,-0.9622784410393553,3006.39,-0.014896386508757978,6.11,-0.27921380800475243,2.9181,-0.10818142066941983,9.35,-0.18087511509674759,2.92,-2.393692656174088,2.461,-1.9015168654746941,3041.75,0.929872250474575,4.585,2.455675531861037
571,3.36,-0.4237759585716205,-5412.5,0.5627666566300068,2976.75,-0.4752411571206413,7.0302,-0.04666254183739848,2.7846,-0.19594254685211837,10.3,-0.0005008984719108261,3.878,6.728658972630352,2.888,1.4445197796481786,2500.5,-1.0479160362698094,4.254,1.4193543946570588
572,4.0427,-0.34474419820784064,-5320.5,0.7199261626345784,3009.65,0.03573532577851755,5.4374,-0.44919205362979303,2.9031,-0.11804222136410517,7.94,-0.4485884260872943,3.062,-1.0415278009650806,2.471,-1.8231553515373886,2775.25,-0.04394867962681709,4.92,3.504520187339382
573,2.8618,-0.48144934807394224,-5304.5,0.7472582506353734,3052.16,0.6959666415245073,6.4813,-0.1853795490089488,2.6309,-0.2969828846369933,9.58,-0.13720556791389232,2.91,-2.488915533301481,2.453,-1.9642060766245373,2670.0,-0.4285440000514757,4.392,1.8514157751227676
574,-1.9909,-1.0432150189649845,-5387.5,0.6054730441312491,3033.91,0.41252223991631204,11.427,1.06448873732433,4.5575,0.9695383565883801,17.45,1.357052416125543,3.093,-0.7463368818701548,2.662,-0.32645043533488716,2706.0,-0.2969959569608561,3.193,-1.9025088276191313
575,0.7655,-0.7241244312006329,-6300.25,-0.9537371635391069,2922.65,-1.3154790818879474,5.7586,-0.36801897528491784,2.4422,-0.42103175737613363,8.5,-0.34226257207686445,3.118,-0.5082796890516682,2.875,1.3426498115296845,2881.5,0.3443007531059143,4.41,1.9077716073574242
576,1.9245,-0.5899545025912571,-5803.0,-0.10430711613939773,2990.72,-0.258270291889604,4.6417,-0.6502799068023247,1.886,-0.7866702471350628,6.76,-0.6726321898949862,3.019,-1.450986172612876,2.803,0.7784469111810965,2726.25,-0.22300018272238262,4.567,2.39931969962638
577,-0.1973,-0.8355815556744095,-5766.75,-0.04238285426259642,2973.53,-0.5252516214043855,9.2828,0.5226104229187217,4.1739,0.717364813489629,12.96,0.5045469080776316,3.878,6.728658972630352,2.888,1.4445197796481786,2633.0,-0.563746155450168,4.254,1.4193543946570588
578,-1.9855,-1.0425898959153808,-5329.0,0.705405990884156,2898.08,-1.6970806680530655,7.9214,0.17855989720666376,3.2271,0.09495107364109638,11.23,0.17607596622398175,3.878,6.728658972630352,2.888,1.4445197796481786,2535.5,-0.9200221054872627,4.254,1.4193543946570588
579,2.4718,-0.5265971238786503,-5410.0,0.567037295380131,3042.36,0.5437608806609328,6.6471,-0.14347887531785197,2.7878,-0.19383890937058573,9.84,-0.08783999283762133,3.118,-0.5082796890516682,2.875,1.3426498115296845,2484.25,-1.107295361275992,4.41,1.9077716073574242
580,3.7127,-0.38294616235028583,-6180.75,-0.7496006312831687,2977.46,-0.46421400505807536,5.1701,-0.5167436222524119,2.4131,-0.4401617107238231,7.78,-0.4789672415188458,2.92,-2.393692656174088,2.461,-1.9015168654746941,3038.75,0.9189099135503568,4.585,2.455675531861037
581,-0.66,-0.8891453399432259,-5461.75,0.4786350732525595,2994.64,-0.19738798754417136,6.6432,-0.14446447620684635,2.5426,-0.35503013139304035,9.58,-0.13720556791389232,3.878,6.728658972630352,2.888,1.4445197796481786,2631.5,-0.5692273239122771,4.254,1.4193543946570588
582,-1.0573,-0.9351381895001757,-5055.5,1.1726138701477467,2984.68,-0.35207874042185,3.3903,-0.9665314330812065,1.3666,-1.1281169058563638,4.89,-1.0276845952512434,3.118,-0.5082796890516682,2.875,1.3426498115296845,2682.5,-0.38286759620056615,4.41,1.9077716073574242
583,11.2909,0.4943330032990425,-5343.0,0.6814904138834603,2949.82,-0.8934963754937181,10.7271,0.8876112854763283,4.45,0.8988692849431358,15.56,0.9982026588403421,2.824,-3.3078322765970807,2.467,-1.8544999571123102,2678.75,-0.396570517355839,4.062,0.8182255174873826
584,-1.9573,-1.0393253644341172,-5541.75,0.3419746332485842,2968.78,-0.5990248218229569,9.1321,0.48452579369526994,4.1297,0.6883083207759565,13.89,0.6811237727735241,3.199,0.2630256156802307,3.463,5.950306831043148,2496.0,-1.0643595416561369,3.879,0.24527455643503193
585,-0.4482,-0.8646266247754383,-5782.25,-0.06886081451336663,3093.75,1.3419092531894323,7.8704,0.16567127019673647,3.5193,0.2870394711735649,12.06,0.33366607127515474,3.199,0.2630256156802307,3.463,5.950306831043148,2540.25,-0.9026650720239171,3.879,0.24527455643503193
586,-3.9318,-1.2679004498864146,-5254.5,0.8326710256378581,2973.88,-0.5198157013735448,3.8097,-0.8605414297878047,2.1529,-0.6112137334409634,5.88,-0.8397156747685189,3.118,-0.5082796890516682,2.703,-0.005168228191942167,2635.0,-0.5564379308340225,3.23,-1.7866662835812248
587,-2.3355,-1.0831071306119135,-6208.75,-0.79743178528456,2984.3,-0.3579805964553303,4.3162,-0.7325396733068604,1.7847,-0.8532635211598372,6.46,-0.7295924688291451,3.118,-0.5082796890516682,2.703,-0.005168228191942167,3023.75,0.8640982289292652,3.23,-1.7866662835812248
588,-0.2173,-0.837896826228497,-5409.25,0.5683184870051683,2931.26,-1.1817554491292297,5.3996,-0.4587448007077391,2.0896,-0.6528263123725351,7.39,-0.5530156041332525,2.92,-2.393692656174088,2.461,-1.9015168654746941,2608.25,-0.654185435074969,4.585,2.455675531861037
589,-0.6464,-0.8875709559664462,-5926.25,-0.31484960652052224,2978.18,-0.45303154099463183,5.6318,-0.40006364008607037,2.0909,-0.6519717096456623,8.1,-0.418209610655743,3.118,-0.5082796890516682,2.703,-0.005168228191942167,2795.75,0.030960622688674617,3.23,-1.7866662835812248
590,7.24,0.025386528921371797,-5551.75,0.32489207824808725,2890.67,-1.8121668607060346,7.0695,-0.036730717494454564,3.0858,0.0020623310971612163,10.42,0.02228321310175259,3.199,0.2630256156802307,3.463,5.950306831043148,2663.5,-0.4522957300539487,3.879,0.24527455643503193
591,-2.8818,-1.146348745796816,-5389.75,0.6016294692561373,2971.43,-0.5578671415894438,5.3451,-0.4725179413359947,2.5121,-0.37508042613890036,7.89,-0.4580818059096543,2.91,-2.488915533301481,2.453,-1.9642060766245373,2713.75,-0.2686765865732922,4.392,1.8514157751227676
592,-0.9409,-0.921663314875386,-5536.0,0.3517971023738699,3022.02,0.2278562708685638,6.4924,-0.18257437724796463,3.1677,0.055902302890142724,9.94,-0.06885323319290175,3.118,-0.5082796890516682,2.703,-0.005168228191942167,2806.75,0.07115585807747504,3.23,-1.7866662835812248
593,2.2855,-0.5481638690899762,-6257.5,-0.8807092409119825,2941.23,-1.0269093842506736,10.1458,0.740706209380824,4.8332,1.1507798733566945,14.91,0.8747887211496643,3.4,2.1770054459408703,2.552,-1.1884270886452282,2595.75,-0.6998618389258786,4.406,1.8952480890830545
594,0.7227,-0.7290791101863804,-6585.75,-1.4414441088032937,3042.7,0.5490414886908888,3.6395,-0.9035540634562286,1.4806,-1.0531748205767562,5.04,-0.9992044557841638,2.91,-2.488915533301481,2.453,-1.9642060766245373,2915.0,0.466713515426352,4.392,1.8514157751227676
595,4.9073,-0.24465505215463412,-5484.0,0.44062638837645385,3036.34,0.45026305613044887,4.4764,-0.692054221405089,1.9702,-0.7313182859022296,6.6,-0.7030110053265376,3.118,-0.5082796890516682,2.875,1.3426498115296845,2648.0,-0.5089344708290766,4.41,1.9077716073574242
596,2.28,-0.5488005684923504,-6495.25,-1.2868469860487968,3045.38,0.5906651049270557,7.5564,0.086317762723851,3.2801,0.12979256942898423,11.26,0.18177199411739753,3.118,-0.5082796890516682,2.875,1.3426498115296845,3127.0,1.2413853247377784,4.41,1.9077716073574242
597,0.9518,-0.702557685989307,-5353.0,0.6644078588829634,2907.52,-1.5504661392212091,5.8937,-0.333876749617444,2.538,-0.3580541102727441,9.03,-0.2416327459598505,3.199,0.2630256156802307,3.463,5.950306831043148,2515.25,-0.9940178797257363,3.879,0.24527455643503193
598,1.2836,-0.6641473474969939,-6279.0,-0.9174367341630509,3033.29,0.40289289586167915,12.6757,1.3800579245262157,5.4564,1.5604632728852181,18.96,1.6437524867608098,3.118,-0.5082796890516682,2.875,1.3426498115296845,2997.25,0.7672642527653369,4.41,1.9077716073574242
599,0.7064,-0.7309660556879617,-6506.5,-1.3060648604243557,2895.71,-1.7338896122619087,6.7658,-0.11348122774768805,2.9977,-0.05585343831629004,9.65,-0.12391483616258854,2.91,-2.488915533301481,2.453,-1.9642060766245373,2952.75,0.6046562550560989,4.392,1.8514157751227676
600,2.6873,-0.5016500836583564,-5761.0,-0.032560385137310695,2960.54,-0.7270019105490717,3.6244,-0.9073701079238736,1.6555,-0.938197884476726,5.27,-0.9555349086013087,3.118,-0.5082796890516682,2.703,-0.005168228191942167,2714.0,-0.267763058496274,3.23,-1.7866662835812248
601,15.3073,0.959285635970912,-5518.75,0.3812645097497271,3040.1,0.5086603684617774,5.9828,-0.31135956007657106,2.8216,-0.1716192384718948,8.69,-0.3061877287518972,3.118,-0.5082796890516682,2.875,1.3426498115296845,2820.25,0.12048637423645739,4.41,1.9077716073574242
602,7.9755,0.11053060354794288,-5160.25,0.9936741065175415,2974.2,-0.5148457173453509,4.2849,-0.7404497522364824,2.1747,-0.5968827030980206,5.98,-0.8207289151237992,3.019,-1.450986172612876,2.803,0.7784469111810965,2737.25,-0.18280494733358219,4.567,2.39931969962638
603,-0.6591,-0.8890411527682919,-5542.5,0.3406934416235469,3114.92,1.67070475905494,7.3262,0.028142038455512705,3.4319,0.22958387245919903,10.83,0.10012892764510313,3.246,0.7105731381789885,2.748,0.34745858452592787,2474.0,-1.1447500124337378,2.951,-2.6601816832184135
604,-2.4609,-1.0976238769860427,-6484.0,-1.2676291116732377,2937.63,-1.0828217045679052,4.2918,-0.7387059968174923,2.0431,-0.6833947945260593,6.16,-0.7865527477633039,3.246,0.7105731381789885,2.748,0.34745858452592787,2869.75,0.3013649334860593,2.951,-2.6601816832184135
605,1.8173,-0.6023643527611666,-6349.75,-1.0382958107915665,2943.9,-0.9854410800153913,3.4949,-0.9400971118020224,1.9383,-0.7522889220462602,5.14,-0.9802176961394443,3.019,-1.450986172612876,2.803,0.7784469111810965,3112.5,1.1884006962707232,4.567,2.39931969962638
606,-1.1391,-0.9446076460663941,-5750.0,-0.013769574636764086,2985.38,-0.34120690036016155,3.3645,-0.9730515620391696,1.6455,-0.9447717516065163,4.95,-1.0162925394644116,3.246,0.7105731381789885,2.748,0.34745858452592787,2639.5,-0.539994425447695,2.951,-2.6601816832184135
607,-4.1518,-1.2933684259813778,-5613.5,0.2194073011200188,3032.07,0.38394483175417554,11.9817,1.2046715099205387,4.7775,1.1141634334437636,17.13,1.29629478526244,3.246,0.7105731381789885,2.748,0.34745858452592787,2691.0,-0.3518076415819476,2.951,-2.6601816832184135
608,-0.6936,-0.893034994474093,-5279.5,0.7899646381366158,3065.45,0.9023762906956253,5.2008,-0.508985174228789,2.4379,-0.42385852024194354,7.9,-0.4561831299451822,3.246,0.7105731381789885,2.748,0.34745858452592787,3214.5,1.5611201516941453,2.951,-2.6601816832184135
609,0.1891,-0.7908505285694373,-6466.0,-1.2368805126723432,2966.94,-0.6276022299851005,5.7327,-0.37456437606054754,2.3399,-0.48828241811388706,8.33,-0.3745400634728878,3.278,1.0152863449866527,3.955,9.805693316758497,3069.25,1.030360338946576,5.261,4.5721501202292805
610,2.39,-0.5360665804448684,-5172.25,0.9731750405169451,3010.4,0.04738372584460777,2.9332,-1.0820489116348877,1.7383,-0.8837662646420635,4.39,-1.1226183934748415,3.246,0.7105731381789885,2.748,0.34745858452592787,2650.5,-0.49979919005889467,2.951,-2.6601816832184135
611,-0.9127,-0.9183987833941225,-6447.0,-1.204423658171399,2967.54,-0.6182835099322297,8.4692,0.3169989143838825,3.9115,0.5448665400039354,11.87,0.2975912279501872,3.199,0.2630256156802307,3.463,5.950306831043148,3115.5,1.1993630331949416,3.879,0.24527455643503193
612,0.9409,-0.7038195084412847,-5602.25,0.23862517549557782,2891.17,-1.8044012606619744,4.8856,-0.5886419435136726,2.3169,-0.5034023125124045,7.47,-0.5378261964174768,3.064,-1.0224832255395995,2.72,0.12804634550147703,2617.5,-0.6203848962252959,3.446,-1.110396296765336
613,-2.0555,-1.0506933428546874,-5640.0,0.17413853036870197,2992.61,-0.22891632372305157,5.2289,-0.5018837934644956,2.6767,-0.2668745731825545,7.97,-0.44289239819387854,3.064,-1.0224832255395995,2.72,0.12804634550147703,2635.25,-0.5555244027570043,3.446,-1.110396296765336
614,-3.1455,-1.1768755880524608,-6470.75,-1.2449947262975793,2924.96,-1.2796020096843905,8.0986,0.2233415581117441,3.2274,0.09514828965498992,12.29,0.37733561845800967,3.167,-0.04168759112743348,2.747,0.33962243313219487,3012.25,0.8220759373864285,3.102,-2.1874188683610107
615,1.5445,-0.6339446431189213,-6545.0,-1.3718326971762689,2956.18,-0.7947179429332781,7.4055,0.04818258986506624,2.9174,-0.10864159136850494,11.19,0.1684812623660937,3.177,0.05353528599996369,2.535,-1.3216416623386438,3012.75,0.8239029935404648,4.332,1.6635630010072415
616,1.4373,-0.6463544932888308,-5277.25,0.7938082130117275,3020.4,0.20269572672581063,9.2986,0.5266033701100327,3.529,0.2934161222894614,13.3,0.5691018908696783,3.167,-0.04168759112743348,2.747,0.33962243313219487,2593.75,-0.7071700635420242,3.102,-2.1874188683610107
617,-6.0445,-1.5124740548674571,-6474.25,-1.250973620547753,3059.01,0.8023553621281369,9.3679,0.5441167397529338,3.7009,0.4064208982505543,14.3,0.7589694873168746,3.064,-1.0224832255395995,2.72,0.12804634550147703,3132.0,1.2596558862781422,3.446,-1.110396296765336
618,1.3791,-0.6530919306012256,-6238.25,-0.8478253225360259,2993.11,-0.22115072367899144,9.2809,0.522130258383058,3.8878,0.5292864749063325,13.1,0.5311283715802388,3.167,-0.04168759112743348,2.747,0.33962243313219487,2995.75,0.7617830843032278,3.102,-2.1874188683610107
619,-0.9618,-0.9240827726044075,-6283.75,-0.925550947788287,2987.75,-0.30439795615131815,9.4501,0.5648901738748167,3.7531,0.440736484668059,14.23,0.7456787555655708,3.167,-0.04168759112743348,2.747,0.33962243313219487,2996.25,0.7636101404572642,3.102,-2.1874188683610107
620,1.6073,-0.6266746935790862,-5422.0,0.5465382293795348,3004.71,-0.04098880265679752,4.6249,-0.6545255721703007,1.915,-0.7676060324586712,7.03,-0.621367938854243,3.167,-0.04168759112743348,2.747,0.33962243313219487,2613.0,-0.6368284016116234,3.102,-2.1874188683610107
621,-2.5727,-1.1105662393833924,-6286.75,-0.930675714288436,2931.4,-1.179581081116895,3.1585,-1.0251115064322092,1.5745,-0.9914462082280264,4.81,-1.0428740029670192,3.167,-0.04168759112743348,2.747,0.33962243313219487,3093.25,1.1180590343403225,3.102,-2.1874188683610107
622,3.3918,-0.4200946783906212,-6590.75,-1.4499853863035421,3108.56,1.571926326494493,5.4606,-0.44332899193115943,2.4601,-0.40926453521380923,7.78,-0.4789672415188458,3.07,-0.9653494992631645,2.721,0.13588249689520654,2933.25,0.5334010650486799,3.511,-0.9068891248068514
623,-1.3773,-0.9721825183655771,-6386.75,-1.1015012642934052,3071.8,1.0009994112551948,10.0272,0.7107338336283268,3.8336,0.49365611506286994,15.2,0.9298503241193511,3.177,0.05353528599996369,2.535,-1.3216416623386438,2901.75,0.4182965273443878,4.332,1.6635630010072415
624,2.0336,-0.5773247017187093,-5520.25,0.3787021264996525,2989.44,-0.27815022800239403,4.4464,-0.6996357667050462,1.8346,-0.8204599241821842,6.54,-0.7144030611133693,3.07,-0.9653494992631645,2.721,0.13588249689520654,2793.5,0.02273886999551089,3.511,-0.9068891248068514
625,1.5755,-0.6303559737600856,-5529.25,0.3633278269992053,2996.89,-0.1624427873459007,8.0824,0.21924752364976732,3.5792,0.3264169352810082,11.81,0.28619917216335566,3.149,-0.21308876995674247,2.78,0.5982154291252968,2756.25,-0.11337681348019964,3.099,-2.196811507066786
626,2.5336,-0.5194429378665196,-6454.5,-1.2172355744217718,2990.85,-0.2562512358781467,4.8187,-0.6055487895325773,2.12,-0.6328417562979728,6.89,-0.6479494023568506,3.07,-0.9653494992631645,2.721,0.13588249689520654,2879.25,0.3360790004127506,3.511,-0.9068891248068514
627,-1.7327,-1.0133248761117135,-5566.5,0.2996953096223543,3059.43,0.8088784661651415,5.7219,-0.3772937323685323,2.0889,-0.6532864830716202,8.02,-0.4333990183715188,3.255,0.796273727593643,2.726,0.17506325386385763,2568.75,-0.7985228712438432,3.267,-1.6708237395433183
628,-5.1655,-1.4107179140153074,-6374.5,-1.0805751344177965,3024.54,0.2669948950906266,3.6904,-0.8906907082639679,1.9406,-0.7507769326064084,5.57,-0.8985746296671497,3.521,3.3292022591823494,3.351,5.072657874945345,3091.5,1.1116643378011952,3.673,-0.3996866346949354
629,-5.0027,-1.3918716117050343,-6381.5,-1.0925329229181442,3069.44,0.964345779047229,2.5089,-1.1892772339939492,1.2691,-1.1922121103718182,3.77,-1.2403363032721033,3.07,-0.9653494992631645,2.721,0.13588249689520654,3194.0,1.4862108493786537,3.511,-0.9068891248068514
630,-1.0082,-0.9294542002898908,-6630.25,-1.517461478555505,2989.37,-0.279237412008565,2.2394,-1.2573847826052316,0.8836,-1.445634688225229,3.09,-1.3694462688561968,3.255,0.796273727593643,2.726,0.17506325386385763,2943.5,0.5708557162064258,3.267,-1.6708237395433183
631,2.0591,-0.5743727317622477,-5349.25,0.6708138170081498,3147.74,2.1804387459470433,7.3063,0.023112946739874473,2.9862,-0.06341338551554862,10.92,0.11721701132535077,3.274,0.9771971941356947,2.481,-1.7447938376000864,3002.5,0.786448342382719,4.997,3.7455979141209714
632,-0.17,-0.8324212113680799,-4557.0,2.0241792369225178,3031.65,0.37742172771716387,5.2194,-0.5042846161428154,2.3249,-0.49814321880857243,7.33,-0.5644076599200841,3.255,0.796273727593643,2.726,0.17506325386385763,2593.25,-0.7089971196960605,3.267,-1.6708237395433183
633,-1.8791,-1.0302726565676348,-6301.75,-0.9562995467891814,3007.85,0.007779165619898206,5.2597,-0.4941000736232064,2.5913,-0.32301539847096244,7.47,-0.5378261964174768,3.255,0.796273727593643,2.726,0.17506325386385763,3053.25,0.9718945420174119,3.267,-1.6708237395433183
634,53.6818,5.401653129862621,-6405.75,-1.1339581187943493,2990.76,-0.2576490438860727,173.3631,41.988684665604346,51.7929,32.02146269883742,150.87,26.689187134110483,3.285,1.0819423589758304,3.635,7.298124870764772,3111.25,1.1838330558856323,3.927,0.3955567757274517
635,2.1145,-0.5679594323274251,-5438.5,0.5183520136287149,3017.53,0.1581211824729071,8.6246,0.3562713190376604,4.4041,0.8686952348173986,12.11,0.3431594510975144,3.255,0.796273727593643,2.726,0.17506325386385763,2701.25,-0.3143529904242018,3.267,-1.6708237395433183
636,-0.9918,-0.9275556784355389,-6316.75,-0.9819233792899268,2980.53,-0.4165332207875435,3.4182,-0.9594805959522462,1.3836,-1.1169413317357206,4.72,-1.0599620866472668,3.255,0.796273727593643,2.726,0.17506325386385763,3054.0,0.9746351262484665,3.267,-1.6708237395433183
637,-0.8045,-0.9058731696965087,-6190.0,-0.7654019946586283,2925.34,-1.273700153650903,4.1344,-0.7784838378246011,2.1067,-0.6415849995805938,5.91,-0.834019646875103,3.191,0.18684731397831467,2.72,0.12804634550147703,3046.0,0.9454022277838843,3.438,-1.1354433333140728
638,0.5791,-0.7457027527647292,-6449.75,-1.2091213607965356,3048.42,0.6378799531949408,6.8827,-0.08393847289552141,2.6669,-0.2733169629697487,9.82,-0.09163734476656517,3.521,3.3292022591823494,3.351,5.072657874945345,3056.0,0.9819433508646119,3.673,-0.3996866346949354
639,-4.8145,-1.3700849157910702,-5989.75,-0.42332383077367763,2998.18,-0.1424075392322261,5.678,-0.3883880603241363,2.7236,-0.23604313634383864,8.5,-0.34226257207686445,3.191,0.18684731397831467,2.72,0.12804634550147703,3062.75,1.006608608944103,3.438,-1.1354433333140728
640,-0.0964,-0.8239010157290375,-6392.75,-1.1117507972937033,3032.45,0.38984668778765585,8.9009,0.42609735125026654,3.7186,0.4180566430702829,13.41,0.5899873264788698,3.191,0.18684731397831467,2.72,0.12804634550147703,3082.0,1.0769502708745038,3.438,-1.1354433333140728
641,0.34,-0.7733818122388464,-5416.0,0.5567877623798329,2986.5,-0.3238119562614685,7.0359,-0.0452220482304066,3.2261,0.09429368692811745,10.32,0.0032964534570330203,3.264,0.8819743170082975,2.892,1.4758643852231002,2591.5,-0.7153918162351879,3.523,-0.8693185699837463
642,1.5127,-0.6376259232999206,-6447.25,-1.2048507220464115,2939.6,-1.0522252403943113,8.4684,0.3167967398425503,3.8356,0.4949708884888278,12.38,0.3944237021382576,3.191,0.18684731397831467,2.72,0.12804634550147703,2966.75,0.6558138273691176,3.438,-1.1354433333140728
643,-19.9927,-3.1271668919936824,-5362.75,0.6477523677574789,3041.23,0.526210624561355,6.6127,-0.15217238059513616,3.1078,0.01652483878269974,10.01,-0.05556250144159795,3.521,3.3292022591823494,3.351,5.072657874945345,2713.5,-0.2695901146503104,3.673,-0.3996866346949354
644,0.0855,-0.802843630039611,-6411.5,-1.143780587919635,3072.21,1.007367203291322,7.3841,0.042774420884430134,2.9734,-0.07182793544168029,10.63,0.062155408355663994,3.264,0.8819743170082975,2.892,1.4758643852231002,3071.75,1.039495619716758,3.523,-0.8693185699837463
645,3.65,-0.3902045355373504,-5936.0,-0.3315050976460067,3017.87,0.16340179050286321,6.0536,-0.29346711316867197,2.6408,-0.29047475617850105,9.02,-0.2435314219243224,3.521,3.3292022591823494,3.351,5.072657874945345,2665.0,-0.4468145615918395,3.673,-0.3996866346949354
646,5.1,-0.22234742036600028,-6415.25,-1.1501865460448213,3119.97,1.749137319499943,5.4442,-0.4474735700284694,2.515,-0.3731740046712613,8.17,-0.40491887890443923,3.191,0.18684731397831467,2.72,0.12804634550147703,3089.25,1.1034425851080314,3.438,-1.1354433333140728
647,2.4673,-0.52711805975332,-5597.5,0.24673938912081386,2743.24,-4.101931689697613,2.8374,-1.1062593129594178,1.5605,-1.0006496222097327,4.05,-1.1871733762668883,3.138,-0.3178339347968781,2.912,1.6325874130977078,2673.5,-0.41575460697322103,3.529,-0.8505332925721947
648,-2.6673,-1.1215174691042264,-5280.25,0.7886834465115785,3068.56,0.9506783229696814,14.977,1.961638264485933,5.5925,1.6499336045216622,21.66,2.1563949971682397,3.195,0.22493646482927268,2.737,0.26126091919489275,2644.0,-0.5235509200613676,3.208,-1.8555456340902499
649,3.8,-0.3728400063816935,-6347.0,-1.0335981081664298,3022.04,0.22816689487032593,6.7676,-0.11302633502969055,3.2173,0.08850868385390186,9.7,-0.11442145634022892,3.264,0.8819743170082975,2.892,1.4758643852231002,2935.75,0.5425363458188619,3.523,-0.8693185699837463
650,0.3418,-0.7731734378889784,-6407.75,-1.1373746297944487,2954.46,-0.821431607084842,4.5494,-0.6736057945085263,2.1345,-0.6233096489597771,6.39,-0.7428832005804489,3.191,0.18684731397831467,2.72,0.12804634550147703,3041.75,0.929872250474575,3.438,-1.1354433333140728
651,0.23,-0.7861158002863281,-6470.25,-1.2441405985475544,2978.62,-0.4461978129558581,7.5804,0.09238299896381677,3.4522,0.2429288227326729,11.48,0.22354286533578083,3.191,0.18684731397831467,2.72,0.12804634550147703,3009.0,0.810200072385192,3.438,-1.1354433333140728
652,-0.7482,-0.8993556830867521,-4621.0,1.9148508849193375,2938.27,-1.0728817365115102,4.4649,-0.6949604804367392,2.2117,-0.572559394717797,6.35,-0.7504779044383367,3.195,0.22493646482927268,2.737,0.26126091919489275,2634.25,-0.5591785150650771,3.208,-1.8555456340902499
653,2.74,-0.4955493457483357,-6453.0,-1.2146731911716973,2976.24,-0.48316206916558607,4.2038,-0.7609451963640335,1.6436,-0.9460207863611764,5.88,-0.8397156747685189,3.195,0.22493646482927268,2.737,0.26126091919489275,2965.5,0.6512461869840267,3.208,-1.8555456340902499
654,0.1491,-0.7954810696776125,-6288.25,-0.9332380975385105,2993.04,-0.2222379076851624,5.4108,-0.45591435712908845,2.7453,-0.22177784467219394,7.74,-0.48656194537673364,3.191,0.18684731397831467,2.72,0.12804634550147703,3016.0,0.8357788585417013,3.438,-1.1354433333140728
655,1.4982,-0.6393044944516342,-5085.75,1.1209391412712435,3083.33,1.1800741482712178,6.528,-0.17357761015868217,2.5709,-0.3364260874157343,9.84,-0.08783999283762133,3.118,-0.5082796890516682,2.778,0.5825431263378378,2755.5,-0.11611739771125422,3.486,-0.985161114021653
656,-0.3518,-0.853467020704736,-6295.0,-0.944768822163846,2992.39,-0.232333187742442,4.7047,-0.6343586616724146,2.0212,-0.6977915635402998,6.71,-0.682125569717346,3.191,0.18684731397831467,2.72,0.12804634550147703,3022.75,0.8604441166211925,3.438,-1.1354433333140728
657,1.7991,-0.6044712489653863,-6370.25,-1.0733150485425853,3049.8,0.6593130093165485,3.0029,-1.0644344547213207,1.4454,-1.0763148328736174,4.34,-1.1321117732972015,3.392,2.1008271442389543,2.776,0.5668708235503752,3115.25,1.1984495051179234,3.383,-1.3076417095866373
658,-1.71,-1.010697044032824,-6551.5,-1.3829363579265919,3034.55,0.4224622079727141,5.8362,-0.3484080447756953,2.9031,-0.11804222136410517,8.07,-0.4239056385491588,3.138,-0.3178339347968781,2.912,1.6325874130977078,2859.0,0.26208322617427704,3.529,-0.8505332925721947
659,2.1918,-0.5590109116358765,-6534.75,-1.3543230783007596,3068.38,0.9478827069538223,5.3635,-0.46786792688535433,2.3238,-0.4988663441928494,7.52,-0.528332816595117,3.285,1.0819423589758304,3.635,7.298124870764772,2838.5,0.18717392385878537,3.927,0.3955567757274517
660,-0.2282,-0.8391586486804747,-6295.5,-0.9456229499138707,2961.59,-0.7106941504565426,11.8879,1.1809665449493392,4.7952,1.1257991782634924,17.27,1.3228762487650476,3.138,-0.3178339347968781,2.912,1.6325874130977078,3038.0,0.9161693293193022,3.529,-0.8505332925721947
661,-2.7427,-1.130246039093137,-5994.0,-0.4305839166488888,3085.78,1.2181255884871167,10.6183,0.8601155478551501,4.4851,0.9219435585686993,15.78,1.039973530058725,3.138,-0.3178339347968781,2.912,1.6325874130977078,2783.5,-0.013802253085216768,3.529,-0.8505332925721947
662,1.0336,-0.6930882294230888,-6900.5,-1.979117527443934,3020.29,0.20098729471611543,7.4828,0.06771770492128935,3.2653,0.12006324607689468,11.06,0.14379847482795838,3.392,2.1008271442389543,2.776,0.5668708235503752,3063.25,1.0084356650981394,3.383,-1.3076417095866373
663,-1.2336,-0.9555472994344579,-6204.25,-0.7897446355343365,3011.84,0.06974865397150183,4.646,-0.6491932186426642,1.931,-0.757087845051007,6.97,-0.6327599946410749,3.285,1.0819423589758304,3.635,7.298124870764772,2965.75,0.6521597150610449,3.927,0.3955567757274517
664,3.9309,-0.3576865606051903,-5442.75,0.5110919277535036,2979.45,-0.4333069168827194,4.7656,-0.6189681247135015,2.1964,-0.5826174114263759,6.99,-0.6289626427121309,3.17,-0.01312072798921391,2.821,0.9194976362682453,2602.25,-0.6761101089234056,3.884,0.260928954277992
665,3.1845,-0.44409245768373906,-6448.25,-1.2065589775464611,3098.04,1.4085381015674678,5.4338,-0.45010183906578805,2.4628,-0.4074895910887659,7.98,-0.44099372222940647,3.138,-0.3178339347968781,2.912,1.6325874130977078,2949.25,0.5918668619778442,3.529,-0.8505332925721947
666,3.5264,-0.4045129075616117,-6535.25,-1.3551772060507843,3080.57,1.1372080360280095,6.2851,-0.23496285527066896,2.7225,-0.23676626172811532,8.85,-0.2758089133203458,3.118,-0.5082796890516682,2.778,0.5825431263378378,2935.75,0.5425363458188619,3.486,-0.985161114021653
667,0.8764,-0.7112862559782172,0.0,9.808699550648962,2938.11,-1.0753667285256072,13.4068,1.5648201834861728,4.84,1.155250103004952,19.9,1.822228027421174,3.138,-0.3178339347968781,2.912,1.6325874130977078,0.0,-10.18502386260576,3.529,-0.8505332925721947
668,-1.9682,-1.040587186886095,-5442.75,0.5110919277535036,3073.57,1.0284896354111674,10.2046,0.75556603816874,3.8827,0.5259338026701394,15.54,0.9944053069113978,3.392,2.1008271442389543,2.776,0.5668708235503752,2689.5,-0.35728881004405677,3.383,-1.3076417095866373
669,3.2964,-0.431138518933619,-6451.75,-1.212537871796635,3057.31,0.7759523219783282,4.639,-0.6509622458793208,1.8996,-0.7777297878385482,6.83,-0.6593414581436824,3.264,0.8819743170082975,2.892,1.4758643852231002,2940.0,0.5580663231281711,3.523,-0.8693185699837463
670,4.3818,-0.30548878596328555,-6364.25,-1.063065515542287,2979.86,-0.42693912484658525,6.9538,-0.06597021053462272,2.8103,-0.1790477083285579,10.06,-0.046069121619238,3.195,0.22493646482927268,2.737,0.26126091919489275,2879.75,0.33790605656678696,3.208,-1.8555456340902499
671,0.5082,-0.7539103868789697,-5521.25,0.37699387099960285,3113.13,1.6429039108972052,4.7158,-0.6315534899114306,1.932,-0.756430458338028,6.87,-0.6517467542857945,3.199,0.2630256156802307,3.463,5.950306831043148,2683.5,-0.3792134838924934,3.879,0.24527455643503193
672,0.4373,-0.7621180209932101,-6317.25,-0.9827775070399516,3094.95,1.3605466932951737,6.3461,-0.21954704649408932,2.6647,-0.27476321373830265,9.55,-0.1429015958073081,3.191,0.18684731397831467,2.72,0.12804634550147703,2980.5,0.7060578716051181,3.438,-1.1354433333140728
673,-0.6609,-0.8892495271181597,-5508.5,0.3987741286252364,2978.89,-0.4420043889320659,2.6206,-1.1610486136604417,1.1598,-1.2640644781004247,3.93,-1.209957487840552,3.17,-0.01312072798921391,2.821,0.9194976362682453,2635.5,-0.5546108746799862,3.884,0.260928954277992
674,2.5055,-0.5226958929950127,-5249.25,0.8416393670131189,3005.61,-0.027010722577487847,6.3005,-0.23107099535002412,2.7506,-0.2182936950934051,9.13,-0.22264598631513058,3.195,0.22493646482927268,2.737,0.26126091919489275,2655.25,-0.482442156595549,3.208,-1.8555456340902499
675,0.4027,-0.7661234390517817,-6564.5,-1.4051436794272378,2965.5,-0.6499671581119946,4.7142,-0.6319578389940949,2.2712,-0.5334448852955457,6.63,-0.6973149774331217,3.17,-0.01312072798921391,2.821,0.9194976362682453,2892.5,0.3844959884947147,3.884,0.260928954277992
676,-1.2973,-0.9629214361492268,-5648.25,0.160045422493292,2933.05,-1.153954600971495,7.9562,0.18735448975461405,3.6001,0.3401563175822694,11.88,0.29948990391465946,3.138,-0.3178339347968781,2.912,1.6325874130977078,2709.75,-0.28329303580558324,3.529,-0.8505332925721947
677,4.4827,-0.2938082460179136,-6249.25,-0.8666161330365726,2970.25,-0.5761939576934232,4.2433,-0.7509628283857566,2.0197,-0.6987776436097684,5.92,-0.8321209709106311,3.21,0.3677707805203663,2.841,1.0762206641428531,3007.25,0.8038053758460646,3.541,-0.8129627377490897
678,0.3036,-0.7775956046472857,-5667.75,0.12673444024232305,3005.8,-0.024059794560744144,7.5994,0.09718464432045637,3.2029,0.07904231518700419,11.32,0.1931640499042294,3.392,2.1008271442389543,2.776,0.5668708235503752,2617.0,-0.6222119523793324,3.383,-1.3076417095866373
679,2.5718,-0.5150207711082123,-5440.5,0.5149355026286154,3015.13,0.120846302261417,6.2216,-0.2510104594889118,2.8802,-0.13309637709132457,9.24,-0.20176055070593907,3.17,-0.01312072798921391,2.821,0.9194976362682453,2664.0,-0.4504686738999123,3.884,0.260928954277992
680,-0.0555,-0.8191662874459285,-5701.0,0.0699349448656708,3110.23,1.5978634306416548,11.0059,0.9580691131305974,4.2227,0.749445285083005,16.47,1.1709821716072903,3.17,-0.01312072798921391,2.821,0.9194976362682453,2656.25,-0.47878804428747623,3.884,0.260928954277992
681,-0.4455,-0.8643140632506364,-6308.75,-0.9682573352895292,3018.34,0.1707014545442837,4.0014,-0.812095355321078,1.895,-0.7807537667182516,5.62,-0.88908124984479,3.17,-0.01312072798921391,2.821,0.9194976362682453,3079.5,1.067814990104322,3.884,0.260928954277992
682,-1.1582,-0.9468187294455476,-6449.25,-1.208267233046511,3067.95,0.9412042909159261,4.9308,-0.5772190819284039,2.0694,-0.6661055239747112,6.79,-0.6669361620015702,3.17,-0.01312072798921391,2.821,0.9194976362682453,3047.0,0.949056340091957,3.884,0.260928954277992
683,-0.4073,-0.8598918964923291,-6724.5,-1.6784645594351884,3046.22,0.603711313001072,5.2867,-0.4872766828532449,2.454,-0.41327459416298123,7.81,-0.47327121362543,3.17,-0.01312072798921391,2.821,0.9194976362682453,3000.25,0.7782265896895553,3.884,0.260928954277992
684,0.1155,-0.7993707242084795,-5646.25,0.16346193349339141,2960.65,-0.7252934785393765,5.1901,-0.511689258719107,2.4071,-0.4441060310016974,7.78,-0.4789672415188458,3.199,0.2630256156802307,3.463,5.950306831043148,2596.75,-0.6962077266178058,3.879,0.24527455643503193
685,-8.64,-1.8129382910241738,-5336.0,0.6934482023838082,3165.51,2.4564281715129477,8.846,0.41222312335134487,3.4642,0.25081746328842114,13.75,0.6545423092709165,3.17,-0.01312072798921391,2.821,0.9194976362682453,2637.75,-0.5463891219868224,3.884,0.260928954277992
686,3.19,-0.44345575828136496,-5699.75,0.07207026424073291,3024.24,0.2623355350641877,7.8401,0.15801390944377958,3.2951,0.13965337012366955,11.32,0.1931640499042294,3.392,2.1008271442389543,2.776,0.5668708235503752,2983.0,0.7151931523753,3.383,-1.3076417095866373
687,-2.0836,-1.0539462979831804,-5386.5,0.6071812996312987,3011.84,0.06974865397150183,4.8653,-0.5937721224999769,2.2311,-0.5598060924860041,7.32,-0.5663063358845561,3.392,2.1008271442389543,2.776,0.5668708235503752,2476.75,-1.1347012035865378,3.383,-1.3076417095866373
688,-1.1527,-0.9461820300431735,-5374.75,0.6272533017568827,2951.67,-0.864763655330697,5.3217,-0.4784315466699614,2.6256,-0.30046703421578214,7.54,-0.524535464666173,3.17,-0.01312072798921391,2.821,0.9194976362682453,2590.5,-0.7190459285432607,3.884,0.260928954277992
689,2.99,-0.4666084638222408,-5513.5,0.39023285112498796,3025.81,0.28671951920253913,6.8674,-0.08780506099849955,3.0269,-0.036657746297302826,9.9,-0.07644793705078945,3.21,0.3677707805203663,2.841,1.0762206641428531,2884.75,0.3561766181071508,3.541,-0.8129627377490897
690,1.5582,-0.6323586827893714,-6433.5,-1.1813622089207283,2917.17,-1.4005900583708468,4.4489,-0.6990039712633831,2.1278,-0.6277141399367364,6.28,-0.7637686361896403,3.392,2.1008271442389543,2.776,0.5668708235503752,3087.5,1.0970478885689041,3.383,-1.3076417095866373
691,-0.5464,-0.8759946031960083,-6374.25,-1.080148070542784,3122.43,1.7873440717167195,4.7047,-0.6343586616724146,2.2574,-0.542516821934656,6.67,-0.6897202735752338,3.21,0.3677707805203663,2.841,1.0762206641428531,2986.25,0.7270690173765365,3.541,-0.8129627377490897
692,2.8618,-0.48144934807394224,-5538.75,0.3470993997487332,2960.04,-0.7347675105931318,6.0387,-0.29723261400098405,2.6131,-0.3086843681280197,9.17,-0.21505128245724286,3.123,-0.4606682504879675,2.71,0.04968483156417142,2644.0,-0.5235509200613676,3.358,-1.3859136988014389
693,-4.4482,-1.327680735592956,-6507.75,-1.3082001797994178,2991.62,-0.24429221181029434,2.9266,-1.0837168516008784,1.4901,-1.0469296468034555,4.26,-1.1473011810129772,3.21,0.3677707805203663,2.841,1.0762206641428531,2985.75,0.7252419612225002,3.541,-0.8129627377490897
694,2.43,-0.5314360393366934,-5397.25,0.5888175530057645,3205.08,3.0709977589998627,3.6629,-0.8976404581222619,1.5772,-0.9896712641029831,5.46,-0.9194600652763414,3.138,-0.3178339347968781,2.912,1.6325874130977078,2719.75,-0.2467519127248556,3.529,-0.8505332925721947
695,1.17,-0.6772980842442115,-5545.75,0.33514161124838543,2965.52,-0.6496565341102324,4.533,-0.6777503726058363,1.7536,-0.8737082479334846,6.39,-0.7428832005804489,3.123,-0.4606682504879675,2.71,0.04968483156417142,2637.0,-0.5491297062178769,3.358,-1.3859136988014389
696,-1.93,-1.0361650201277877,-6529.75,-1.3457818008005111,3046.63,0.6100791050372061,4.5548,-0.6722411163545341,2.0296,-0.6922695151512761,6.19,-0.780856719869888,3.195,0.22493646482927268,2.737,0.26126091919489275,2916.25,0.4712811558114429,3.208,-1.8555456340902499
697,2.6373,-0.5074382600435755,-6468.25,-1.240724087547455,3110.14,1.5964656226337217,6.0599,-0.29187498865568107,2.3464,-0.4840094044795235,8.69,-0.3061877287518972,3.21,0.3677707805203663,2.841,1.0762206641428531,2904.5,0.42834533619158793,3.541,-0.8129627377490897
698,3.4827,-0.4095717737222931,-5573.25,0.2881645849970189,3005.14,-0.03431038661890834,6.8368,-0.09553823720445584,2.8258,-0.16885821427738296,10.27,-0.006196926365326933,3.195,0.22493646482927268,2.737,0.26126091919489275,2583.5,-0.74462471469977,3.208,-1.8555456340902499
699,2.0173,-0.5792116472202906,-5760.75,-0.03213332126229827,3064.13,0.8818751065793111,5.3882,-0.4616257879217228,2.5787,-0.331298471054498,7.85,-0.46567650976754216,3.123,-0.4606682504879675,2.71,0.04968483156417142,2554.25,-0.8515074997108983,3.358,-1.3859136988014389
700,1.5527,-0.6329953821917454,-5618.75,0.21043895974475793,3073.93,1.0340808674428856,4.471,-0.6934188995590813,2.1962,-0.5827488887689717,6.47,-0.7276937928646731,3.106,-0.6225471416045423,2.679,-0.19323586164147147,2998.75,0.7727454212274462,3.483,-0.9945537527274295
701,-8.6982,-1.8196757283365685,-6417.75,-1.1544571847949456,3010.92,0.05545994989043003,6.9142,-0.07597785033056625,2.6675,-0.27292253094196134,10.52,0.04126997274647216,3.123,-0.4606682504879675,2.71,0.04968483156417142,3013.75,0.8275571058485376,3.358,-1.3859136988014389
702,-2.3391,-1.0835238793116493,-5442.75,0.5110919277535036,3040.91,0.5212406405331541,4.2557,-0.7478291229951075,2.0532,-0.6767551887249712,5.96,-0.8245262670527432,3.123,-0.4606682504879675,2.71,0.04968483156417142,2644.5,-0.5217238639073313,3.358,-1.3859136988014389
703,4.1782,-0.3290582402038972,-6425.25,-1.1672691010453182,3004.63,-0.04223129866384601,8.6204,0.35520990269566666,3.9798,0.589766052500402,12.51,0.41910648967639297,3.106,-0.6225471416045423,2.679,-0.19323586164147147,3152.25,1.3336516605166158,3.483,-0.9945537527274295
704,4.1455,-0.3328437075598304,-5247.75,0.8442017502631934,2988.5,-0.29274955608522796,4.3536,-0.7230880134995804,1.826,-0.8261134499138038,6.03,-0.8112355353014394,3.123,-0.4606682504879675,2.71,0.04968483156417142,2638.75,-0.5427350096787497,3.358,-1.3859136988014389
705,4.0555,-0.3432624250532245,-6660.25,-1.5687091435569958,2965.28,-0.6533840221313779,4.3634,-0.720611375368261,2.1037,-0.6435571597195309,6.61,-0.7011123293620655,3.106,-0.6225471416045423,2.679,-0.19323586164147147,2955.25,0.6137915358262808,3.483,-0.9945537527274295
706,1.54,-0.634465578993591,-6656.5,-1.5623031854318095,2978.87,-0.442315012933828,9.366,0.5436365752172697,4.0469,0.6338767009412941,13.49,0.6051767341946455,3.195,0.22493646482927268,2.737,0.26126091919489275,2928.0,0.514216975431298,3.208,-1.8555456340902499
707,2.8627,-0.4813451608990083,-6375.25,-1.0818563260428338,3045.88,0.5984307049711158,9.2907,0.524606896514377,4.4696,0.9117540645175243,13.91,0.684921124702468,3.21,0.3677707805203663,2.841,1.0762206641428531,2928.5,0.5160440315853343,3.541,-0.8129627377490897
708,1.7755,-0.6072032682192097,-6233.5,-0.8397111089107899,3005.53,-0.02825321858453634,11.1753,1.0008795722576889,4.1538,0.7041513405587512,16.97,1.2659159698308886,3.138,-0.3178339347968781,2.912,1.6325874130977078,2875.75,0.3232896073344959,3.529,-0.8505332925721947
709,16.6491,1.1146171374446485,-5748.5,-0.011207191386689548,3026.32,0.29464043124748385,12.4472,1.3223118211582081,4.6269,1.0151609944691238,18.07,1.4747703259228049,3.106,-0.6225471416045423,2.679,-0.19323586164147147,3293.0,1.8479679678778576,3.483,-0.9945537527274295
710,1.9255,-0.5898387390635528,-5519.75,0.37955625424967737,2972.22,-0.5455974935198293,6.0788,-0.287098615116708,3.3825,0.19710896883803541,8.97,-0.253024801746682,3.123,-0.4606682504879675,2.71,0.04968483156417142,2768.5,-0.06861393770630826,3.358,-1.3859136988014389
711,-1.3727,-0.971650006138137,-6385.75,-1.0997930087933554,3043.49,0.5613111367605033,5.2717,-0.4910674555032234,2.0182,-0.6997637236792367,7.42,-0.5473195762398365,3.168,-0.03216530341469081,2.726,0.17506325386385763,2961.5,0.6366297377517356,3.615,-0.5812776496732752
712,2.6218,-0.5092325947229933,-6284.25,-0.9264050755383118,3219.6,3.296510784279369,5.5797,-0.41323025709032946,2.622,-0.30283362638250666,8.38,-0.36504668365052784,3.106,-0.6225471416045423,2.679,-0.19323586164147147,2991.0,0.7444260508398822,3.483,-0.9945537527274295
713,-0.7782,-0.9028285889178834,-6048.5,-0.523683841401597,3096.81,1.3894347254590795,3.9458,-0.8261464859436655,1.8227,-0.8282828260666345,5.71,-0.8719931661645424,3.223,0.49156052078597884,2.846,1.1154014211115042,2623.25,-0.5993737504538775,3.538,-0.8223553764548662
714,-0.3918,-0.8580975618129112,-5486.25,0.43678281350134207,3101.28,1.4588591898529812,5.6919,-0.38487527766848934,2.5552,-0.3467470588095048,8.2,-0.3992228510110235,3.414,2.3103174739192256,2.864,1.2564521461986493,2755.0,-0.1179444538652906,3.495,-0.9569831979043246
715,-0.9691,-0.9249278463566495,-5201.5,0.9232085671404917,3070.07,0.9741304351027464,4.8659,-0.5936204915939779,2.092,-0.6512485842613853,6.93,-0.6403546984989628,3.414,2.3103174739192256,2.864,1.2564521461986493,2451.0,-1.2287945955194115,3.495,-0.9569831979043246
716,5.0955,-0.2228683562406699,-5553.5,0.32190263112300027,3068.81,0.9545611229917115,13.0732,1.4805133997506483,5.0012,1.2612208411371695,19.13,1.6760299781568329,3.154,-0.165477331393046,2.775,0.5590346721566457,2618.5,-0.6167307839172231,3.476,-1.0164699097075744
717,-1.1173,-0.9420840011624385,-6316.75,-0.9819233792899268,2943.83,-0.9865282640215624,5.1698,-0.5168194377054113,2.0193,-0.6990405982949599,7.31,-0.5682050118490282,3.21,0.3677707805203663,2.841,1.0762206641428531,3114.5,1.1957089208868688,3.541,-0.8129627377490897
718,3.3364,-0.4265079778254438,-6394.5,-1.1147402444187902,2992.33,-0.23326505974772838,4.5331,-0.6777251007881698,2.2584,-0.541859435221677,6.54,-0.7144030611133693,3.414,2.3103174739192256,2.864,1.2564521461986493,2983.75,0.7179337366063546,3.495,-0.9569831979043246
719,0.9827,-0.6989805929832417,-6331.25,-1.0066930840406472,2949.77,-0.8942729354981269,6.454,-0.19227875523190993,2.6909,-0.25753968185825227,9.78,-0.0992320486244532,3.154,-0.165477331393046,2.775,0.5590346721566457,3032.25,0.8951581835478838,3.476,-1.0164699097075744
720,-0.6727,-0.8906155367450714,-6325.0,-0.9960164871653368,3003.13,-0.06552809879602645,6.8464,-0.09311214270846957,2.8333,-0.16392781393004044,10.06,-0.046069121619238,3.168,-0.03216530341469081,2.726,0.17506325386385763,3014.0,0.8284706339255558,3.615,-0.5812776496732752
721,-0.7891,-0.9040904113698612,-5728.5,0.022957918614304282,3000.68,-0.10357953901192539,5.4846,-0.4372637556911937,2.9898,-0.06104679334882443,8.15,-0.4087162308333831,3.271,0.9486303309974752,2.753,0.38663934149457896,2665.0,-0.4468145615918395,3.496,-0.9538523183357328
722,1.7618,-0.6087892285487597,-6410.75,-1.1424993962945977,3056.4,0.7618189298981409,5.5131,-0.4300612876562345,2.5516,-0.34911365097622926,8.0,-0.4371963703004626,3.414,2.3103174739192256,2.864,1.2564521461986493,3020.75,0.8531358920050469,3.495,-0.9569831979043246
723,2.4582,-0.5281715078554299,-5487.25,0.43507455800129236,2964.83,-0.6603730621710363,6.2078,-0.2544979703268921,2.5838,-0.32794579881830493,8.87,-0.2720115613914019,3.271,0.9486303309974752,2.753,0.38663934149457896,2811.0,0.0866858353867843,3.496,-0.9538523183357328
724,2.9373,-0.4727092017322616,-6627.25,-1.512336712055356,2967.98,-0.611449781893456,4.4621,-0.6956680913314018,1.9345,-0.7547869915555804,6.28,-0.7637686361896403,3.271,0.9486303309974752,2.753,0.38663934149457896,2909.25,0.44570236965493354,3.496,-0.9538523183357328
725,1.9491,-0.5871067198097294,-4685.25,1.805095469041145,3010.41,0.04753903784548529,9.2499,0.5142959949064354,3.4161,0.21919716239413056,13.74,0.6526436333064446,3.271,0.9486303309974752,2.753,0.38663934149457896,2734.75,-0.1919402281037641,3.496,-0.9538523183357328
726,-1.4191,-0.9770214338236203,-6424.5,-1.165987909420281,2994.75,-0.19567955553447614,8.0345,0.20714232298750226,3.4869,0.26574014167304477,11.28,0.18556934604634137,3.128,-0.413056811924271,2.742,0.30044167616354384,2982.0,0.7115390400672272,3.79,-0.03337372516966264
727,0.2527,-0.7834879682074387,-5501.0,0.4115860448756091,2984.8,-0.3502149964112702,15.532,2.101896852535141,5.9584,1.8904714028006844,22.75,2.363350677295684,3.271,0.9486303309974752,2.753,0.38663934149457896,2543.75,-0.8898756789456624,3.496,-0.9538523183357328
728,1.5927,-0.6283648410835703,-5314.75,0.7297486317598642,3048.25,0.6352396491799592,5.0804,-0.5394124426992839,2.2987,-0.5153667506886225,7.51,-0.5302314925595889,3.271,0.9486303309974752,2.753,0.38663934149457896,2691.0,-0.3518076415819476,3.496,-0.9538523183357328
729,1.1845,-0.6756195130924979,-5519.0,0.38083744587471463,3063.44,0.8711585785185072,7.7836,0.14373533246219355,3.3855,0.19908112897697253,10.58,0.05266202853330404,3.271,0.9486303309974752,2.753,0.38663934149457896,2805.25,0.06567468961536589,3.496,-0.9538523183357328
730,-1.5764,-0.995231036731519,-6492.25,-1.2817222195486475,3136.34,2.0033830649424775,5.4363,-0.44947004362412485,2.8227,-0.17089611308761782,7.85,-0.46567650976754216,3.271,0.9486303309974752,2.753,0.38663934149457896,2871.5,0.30775963002518664,3.496,-0.9538523183357328
731,-0.2718,-0.8442059384883857,-5549.25,0.3291627169982115,3048.54,0.6397436972055135,8.4926,0.3229125197178488,3.3215,0.15700837934631542,12.44,0.40581575792508917,3.218,0.44394908222228235,3.277,4.492782671809299,2758.75,-0.10424153271001772,3.946,0.4550434875307015
732,-2.0291,-1.0476371857232916,-6284.25,-0.9264050755383118,2992.37,-0.23264381174420412,7.4351,0.05566304789435743,3.6747,0.38919736637050417,10.59,0.05456070449777596,3.218,0.44394908222228235,3.277,4.492782671809299,2557.5,-0.8396316347096618,3.946,0.4550434875307015
733,3.5355,-0.4034594594595019,-6338.25,-1.018650872540995,3037.92,0.47480235226967776,10.146,0.7407567530161574,5.2439,1.420768596377177,15.26,0.941242379906183,3.218,0.44394908222228235,3.277,4.492782671809299,3107.25,1.1692166066533412,3.946,0.4550434875307015
734,0.8236,-0.7173985702410085,-6190.0,-0.7654019946586283,3069.73,0.9688498270727832,6.2963,-0.23213241169201834,2.4108,-0.44167370016367485,9.37,-0.17707776316780374,3.218,0.44394908222228235,3.277,4.492782671809299,2474.75,-1.1420094282026834,3.946,0.4550434875307015
735,-2.5836,-1.1118280618353702,-5335.0,0.6951564578838579,3027.92,0.3194903513884749,6.3622,-0.21547828384977902,2.7746,-0.20251641398190867,9.34,-0.1827737910612195,3.347,1.6723241971656775,3.141,3.4270660822619656,2661.5,-0.45960395467009424,3.927,0.3955567757274517
736,3.4491,-0.41346142825316023,-5747.75,-0.00992599976165228,3028.97,0.335798111480997,5.6384,-0.39839570012007985,2.7474,-0.22039733257493802,8.52,-0.3384652201479206,3.357,1.7675470742930748,3.287,4.571144185746601,2622.0,-0.6039413908389685,3.905,0.3266774252184253
737,1.0518,-0.6909813332188691,-5617.75,0.21214721524480762,2970.11,-0.578368325705758,7.4639,0.06294133138231622,3.3309,0.16318781444831837,11.4,0.20835345762000512,3.357,1.7675470742930748,3.287,4.571144185746601,2658.75,-0.46965276351729435,3.905,0.3266774252184253
738,3.4391,-0.41461906353020406,-5797.0,-0.0940575831390996,2957.59,-0.7728189508090237,13.3974,1.5624446326255192,4.8309,1.1492678839168429,20.23,1.8848843342487491,3.357,1.7675470742930748,3.287,4.571144185746601,2719.25,-0.24857896887889197,3.905,0.3266774252184253
739,-1.89,-1.0315344790196126,-6351.25,-1.040858194041641,3061.59,0.8424258583554861,6.5694,-0.16311507764474115,2.796,-0.1884483383241578,9.65,-0.12391483616258854,3.304,1.2628658255178777,2.913,1.6404235644914376,3035.25,0.9061205204721021,3.796,-0.014588447758110868
740,1.1627,-0.6781431579964534,-5532.5,0.3577759966240438,3090.55,1.2922094129074502,7.231,0.00408326803698179,3.3065,0.1471475786516304,10.99,0.13050774307665458,3.852,6.481079492099123,3.342,5.002132512401773,2600.75,-0.6815912773855147,4.756,2.9910559380902826
741,-0.3236,-0.8502024892234725,-6375.75,-1.0827104537928585,3014.54,0.11168289420942377,3.596,-0.9145473041411665,1.6014,-0.9737625056488909,5.31,-0.9479402047434209,3.852,6.481079492099123,3.342,5.002132512401773,3038.25,0.9170828573963203,4.756,2.9910559380902826
742,2.1645,-0.5621712559422061,-5428.75,0.5350075047541993,2988.93,-0.28607114004733875,6.8985,-0.07994552570421048,2.6464,-0.28679339058581865,10.17,-0.025183686010046502,3.852,6.481079492099123,3.342,5.002132512401773,2812.5,0.09216700384889345,4.756,2.9910559380902826
743,-1.9891,-1.0430066446151165,-5685.0,0.09726703286646586,2996.9,-0.1622874753450161,5.3999,-0.4586689852547397,2.5118,-0.3752776421527942,8.07,-0.4239056385491588,3.304,1.2628658255178777,2.913,1.6404235644914376,2803.0,0.05745293692220217,3.796,-0.014588447758110868
744,-0.2482,-0.8414739192345623,-5464.75,0.4735103067524104,2957.41,-0.7756145668248899,5.6555,-0.3940742192991042,2.5413,-0.3558847341199131,7.98,-0.44099372222940647,3.852,6.481079492099123,3.342,5.002132512401773,2458.0,-1.2032158093629022,4.756,2.9910559380902826
745,-1.6436,-1.0030103457932533,-5539.5,0.34581820812369596,2953.41,-0.8377393671773711,7.076,-0.03508804934613051,3.2738,0.12565103313721643,10.41,0.020384537137280667,3.852,6.481079492099123,3.342,5.002132512401773,2516.0,-0.9912772954946817,4.756,2.9910559380902826
746,5.1773,-0.21339889967445172,-5458.75,0.4837598397527086,3102.49,1.4776519419596001,4.8457,-0.5987253987626158,2.3568,-0.4771725826645419,7.24,-0.5814957436003318,3.852,6.481079492099123,3.342,5.002132512401773,2718.0,-0.2531466092639829,4.756,2.9910559380902826
747,5.8045,-0.14079201509826492,-5452.75,0.4940093727530067,3057.65,0.7812329300082913,8.0418,0.2089871656771587,3.5343,0.29690027186825024,11.8,0.28430049619888376,3.304,1.2628658255178777,2.913,1.6404235644914376,2643.25,-0.5262915042924222,3.796,-0.014588447758110868
748,-2.3691,-1.0869967851427806,-5623.0,0.20317887386954672,3083.62,1.184578196296772,5.1585,-0.5196751531017286,2.7292,-0.23236177075115597,7.44,-0.5435222243108925,3.304,1.2628658255178777,2.913,1.6404235644914376,2695.0,-0.33719119234965655,3.796,-0.014588447758110868
749,5.9491,-0.1240526089922117,-5831.25,-0.15256533401580152,3056.58,0.7646145459140001,6.4118,-0.2029434622871829,3.3531,0.1777817994764524,9.79,-0.09733337265998128,3.134,-0.35592308564783615,2.796,0.723593851424983,2653.0,-0.49066390928871273,3.877,0.2390127972978471
750,5.4964,-0.17645875798398417,-5422.25,0.5461111655045223,2971.93,-0.5501015415453836,6.2816,-0.23584736888899727,2.7975,-0.18746225825468926,9.66,-0.12201616019811662,3.313,1.3485664149325365,2.915,1.6560958672789,3057.0,0.9855974631726847,4.171,1.1594913904639186
751,4.1464,-0.33273952038489646,-5618.75,0.21043895974475793,3080.89,1.1421780200562035,8.2175,0.2533897493172412,3.7309,0.42614249963992495,12.08,0.3374634232040986,3.313,1.3485664149325365,2.915,1.6560958672789,2634.75,-0.5573514589110408,4.171,1.1594913904639186
752,3.8164,-0.3709414845273417,-5641.25,0.17200321099363985,2951.59,-0.8660061513377455,9.7437,0.6390882305437311,4.4684,0.9109652004619495,14.27,0.7532734594234586,3.313,1.3485664149325365,2.915,1.6560958672789,2767.5,-0.07226805001438102,4.171,1.1594913904639186
753,2.7582,-0.4934424495441159,-6482.75,-1.2654937922981755,3108.23,1.5668010304654143,7.593,0.09556724798979879,2.9978,-0.05578769964499229,11.47,0.22164418937130892,3.313,1.3485664149325365,2.915,1.6560958672789,2978.75,0.6996631750659908,4.171,1.1594913904639186
754,-3.0355,-1.1641416000049793,-5789.75,-0.08167273076373932,3059.82,0.8149356341995135,11.0193,0.9614555366979114,4.616,1.0079954792976522,16.4,1.1576914398559865,3.313,1.3485664149325365,2.915,1.6560958672789,2792.75,0.01999828576445632,4.171,1.1594913904639186
755,-1.0991,-0.9399771049582188,-5273.0,0.8010682988869388,2940.26,-1.0419746483361472,6.1979,-0.25699988027587795,2.9541,-0.08451549900217521,8.97,-0.253024801746682,3.313,1.3485664149325365,2.915,1.6560958672789,2564.0,-0.8158799047071889,4.171,1.1594913904639186
756,-0.9045,-0.9174495224669466,-6549.25,-1.37909278305148,2959.36,-0.7453287266530512,4.963,-0.5690815566397831,2.5277,-0.36482519341642794,7.13,-0.6023811792095235,3.304,1.2628658255178777,2.913,1.6404235644914376,2887.25,0.36531189887733273,3.796,-0.014588447758110868
757,0.0282,-0.8094768801770719,-5469.5,0.4653960931271744,3011.27,0.06089586992127072,6.3771,-0.2117127830174667,2.6374,-0.29270987100262974,9.1,-0.22834201420854666,3.304,1.2628658255178777,2.913,1.6404235644914376,2550.5,-0.8652104208661713,3.796,-0.014588447758110868
758,-2.1173,-1.0578475288668179,-5248.25,0.8433476225131686,3046.97,0.6153597130671622,6.2891,-0.2339519825640079,2.8862,-0.12915205681345035,9.3,-0.1903684949191072,3.313,1.3485664149325365,2.915,1.6560958672789,2442.0,-1.2616816062920664,4.171,1.1594913904639186
759,-3.1518,-1.1776048982769984,-6364.75,-1.063919643292312,3017.65,0.15998492648347984,4.6772,-0.6413084115307087,2.1517,-0.6120025974965381,6.97,-0.6327599946410749,3.304,1.2628658255178777,2.913,1.6404235644914376,2983.5,0.7170202085293365,3.796,-0.014588447758110868
760,-1.4173,-0.9768130594737523,-5410.75,0.5657561037550938,3001.36,-0.09301832295199906,4.8218,-0.6047653631849151,2.0989,-0.6467126159418302,7.31,-0.5682050118490282,3.359,1.7865916497185517,2.99,2.2438072218086798,2909.5,0.44661589773195176,3.703,-0.30576024763717374
761,0.8536,-0.713925664409877,-5428.5,0.5354345686292117,2981.92,-0.3949448526650583,5.7716,-0.3647336389882697,2.7351,-0.22848318914457974,8.71,-0.30239037682295306,3.359,1.7865916497185517,2.99,2.2438072218086798,2634.75,-0.5573514589110408,3.703,-0.30576024763717374
762,-0.1391,-0.8288441183620145,-5467.75,0.46838554025226137,2931.7,-1.174921721090463,4.49,-0.6886172542024417,2.0773,-0.6609121689421767,6.86,-0.6536454302502664,3.359,1.7865916497185517,2.99,2.2438072218086798,3139.5,1.2870617285886878,3.703,-0.30576024763717374
763,-1.9982,-1.0440600927172263,-6285.0,-0.927686267163349,3032.26,0.3868957597709192,9.9278,0.6856136468678016,4.2575,0.7723223426946751,14.87,0.8671940172917764,3.359,1.7865916497185517,2.99,2.2438072218086798,2562.5,-0.8213610731692981,3.703,-0.30576024763717374
764,0.5564,-0.7483305848436187,-5342.5,0.6823445416334852,2922.05,-1.3247978019408182,5.8414,-0.347093910257036,2.8006,-0.1854243594444541,9.07,-0.23403804210196244,3.359,1.7865916497185517,2.99,2.2438072218086798,2619.0,-0.6149037277631868,3.703,-0.30576024763717374
765,-0.2418,-0.8407330326572543,-6489.25,-1.2765974530484985,2939.4,-1.0553314804119327,6.9587,-0.06473189146896302,3.115,0.02125802311614872,10.04,-0.04986647354818218,3.313,1.3485664149325365,2.915,1.6560958672789,2830.25,0.15702749731718504,4.171,1.1594913904639186
766,-1.7136,-1.01111379273256,-5098.25,1.0995859475206224,3097.14,1.3945600214881582,4.3599,-0.7214958889865896,2.0015,-0.7107420817859863,6.51,-0.7200990890067852,3.247,0.720095425891727,2.802,0.770610759787367,2753.0,-0.12525267848143612,3.797,-0.011457568189517748
767,-1.3073,-0.9640790714262706,-6301.5,-0.9558724829141689,2976.91,-0.47275616510654433,4.8576,-0.5957180524602995,2.2494,-0.547775915638488,7.16,-0.5966851513161076,3.247,0.720095425891727,2.802,0.770610759787367,2625.25,-0.592065525837732,3.797,-0.011457568189517748
768,0.8827,-0.7105569457536797,-5570.25,0.29328935149716795,3003.96,-0.05263720272288774,7.1603,-0.013783907053250579,3.0869,0.002785456481438201,10.61,0.058358056426719804,3.359,1.7865916497185517,2.99,2.2438072218086798,3370.25,2.1302481436764786,3.703,-0.30576024763717374
769,3.2655,-0.43471561193968433,-5636.75,0.17969036074386346,2961.73,-0.7085197824442078,7.2471,0.008152030681292104,3.9223,0.5519663165041085,10.49,0.03557394485305639,3.304,1.2628658255178777,2.913,1.6404235644914376,3510.0,2.6409103387296478,3.796,-0.014588447758110868
770,1.0673,-0.6891869985394512,-5714.25,0.047300559490012384,3005.04,-0.03586350662771896,4.879,-0.5903098834796634,2.3773,-0.46369615504847195,7.19,-0.5909891234226916,3.359,1.7865916497185517,2.99,2.2438072218086798,2709.0,-0.28603362003663785,3.703,-0.30576024763717374
771,-0.1773,-0.8332662851203219,-5801.25,-0.10131766901431077,3028.21,0.32399439941402924,6.41,-0.2033983550051804,2.7292,-0.23236177075115597,9.54,-0.14480027177178037,3.313,1.3485664149325365,2.915,1.6560958672789,2779.0,-0.030245758471544214,4.171,1.1594913904639186
772,3.0791,-0.45629393350378067,-5183.0,0.954811293891411,3086.08,1.2227849485135485,4.4853,-0.6898050296327685,2.7296,-0.2320988160659644,6.61,-0.7011123293620655,3.215,0.4153822190840628,2.786,0.6452323374876808,2690.25,-0.3545482258130022,4.666,2.709276776916996
773,3.6664,-0.3883060136829986,-4858.25,1.5095672675325482,2962.28,-0.6999776223957388,7.4204,0.051948090697378296,3.3666,0.18665652010166917,11.25,0.1798733181529256,3.215,0.4153822190840628,2.786,0.6452323374876808,2587.75,-0.7290947373904607,4.666,2.709276776916996
774,4.0555,-0.3432624250532245,-5218.25,0.8945952875146593,3070.63,0.9828279071520929,6.1799,-0.26154880745585224,2.4402,-0.42234653080209184,8.75,-0.2947956729650653,3.215,0.4153822190840628,2.786,0.6452323374876808,2580.5,-0.7555870516239883,4.666,2.709276776916996
775,-3.2082,-1.1841339612395254,-5520.25,0.3787021264996525,3055.13,0.7420943057862285,8.5892,0.3473250955837111,3.4793,0.2607440026544042,12.9,0.4931548522907997,3.238,0.6343948364770725,2.825,0.9508422418431668,2591.25,-0.716305344312206,4.796,3.1162911208339654
776,-2.1182,-1.057951716041752,-5408.25,0.570026742505218,2899.68,-1.6722307479120744,6.421,-0.2006184550618627,2.5499,-0.35023120838829364,9.58,-0.13720556791389232,3.215,0.4153822190840628,2.786,0.6452323374876808,2816.75,0.1076969811582027,4.666,2.709276776916996
777,0.4855,-0.7565382189578591,-5160.0,0.9941011703925539,2957.04,-0.7813611108574927,6.8579,-0.09020588367681935,2.6339,-0.2950107244980562,9.67,-0.12011748423364468,3.215,0.4153822190840628,2.786,0.6452323374876808,2850.25,0.23010974347864036,4.666,2.709276776916996
778,0.3391,-0.7734859994137803,-5116.5,1.0684102846447154,3015.41,0.12519503828608672,8.6037,0.3509895091453571,3.0586,-0.015818587495867818,11.7,0.26531373655416385,3.215,0.4153822190840628,2.786,0.6452323374876808,2532.5,-0.930984442411481,4.666,2.709276776916996
779,1.4345,-0.6466786311664031,-5400.0,0.584119850380628,3051.05,0.6787270094266988,5.9375,-0.32280769347950644,3.1011,0.012120347805740376,8.87,-0.2720115613914019,3.238,0.6343948364770725,2.825,0.9508422418431668,2575.5,-0.7738576131643521,4.796,3.1162911208339654
780,1.8164,-0.6024685399361006,-5763.0,-0.03597689613741008,3055.66,0.7503258418329283,5.801,-0.3573037245943117,2.9049,-0.11685892528074276,8.59,-0.3251744883966168,3.601,4.0909852762015095,3.811,8.67728751606132,2616.25,-0.6249525366103869,5.244,4.518925167563213
781,0.56,-0.7479138361438828,-5646.5,0.16303486961837899,3043.14,0.5558752167296626,5.2906,-0.48629108196425025,2.4621,-0.40794976178785136,7.92,-0.45238577801623836,3.238,0.6343948364770725,2.825,0.9508422418431668,2648.5,-0.5071074146750402,4.796,3.1162911208339654
782,-1.1427,-0.9450243947661298,-5544.25,0.33770399449845995,2982.59,-0.38453894860601656,3.8475,-0.8509886827098585,2.1119,-0.6381665886731029,5.79,-0.8568037584487666,3.215,0.4153822190840628,2.786,0.6452323374876808,2771.5,-0.05765160078208996,4.666,2.709276776916996
783,5.4718,-0.17930654076551195,-5310.5,0.7370087176350754,3068.42,0.9485039549573465,6.0985,-0.28212006703640286,2.7504,-0.21842517243600088,8.84,-0.2777075892848177,3.238,0.6343948364770725,2.825,0.9508422418431668,2775.25,-0.04394867962681709,4.796,3.1162911208339654
784,-4.6736,-1.3537738347375232,-5377.25,0.6229826630067584,3068.45,0.9489698909599862,7.6915,0.12045998839132485,2.8634,-0.144140473869372,11.09,0.14949450272137416,3.238,0.6343948364770725,2.825,0.9508422418431668,2642.5,-0.5290320885234768,4.796,3.1162911208339654
785,1.2691,-0.6658259186487074,-5528.75,0.36418195474923015,2978.45,-0.44883811697083964,6.5857,-0.15899577136509768,2.9954,-0.05736542775614176,9.8,-0.09543469669550901,3.215,0.4153822190840628,2.786,0.6452323374876808,2724.0,-0.23122193541554634,4.666,2.709276776916996
786,1.6309,-0.6239426743252628,-5275.0,0.7976517878868393,2928.55,-1.2238450013680364,6.4754,-0.1868705862512738,3.0428,-0.0262052975609363,9.56,-0.1410029198428362,3.601,4.0909852762015095,3.811,8.67728751606132,2481.0,-1.1191712262772284,5.244,4.518925167563213
787,3.1382,-0.44945230901645183,-5646.0,0.16388899736840384,3049.58,0.6558961452971581,7.8219,0.15341443862847237,3.1969,0.07509799490912994,11.77,0.27860446830546765,3.601,4.0909852762015095,3.811,8.67728751606132,2508.25,-1.0195966658822455,5.244,4.518925167563213
788,1.91,-0.5916330737429706,-6468.0,-1.2402970236724427,2999.24,-0.12594446713881943,9.243,0.5125522394874453,3.7244,0.42186948600556134,13.76,0.6564409852353884,3.277,1.0057640572739144,2.992,2.2594795245961388,2915.5,0.46854057158038837,4.024,0.6992520938808829
789,4.3955,-0.3039028256337355,-5645.75,0.16431606124341624,3018.82,0.1781564305865817,3.2727,-0.9962510906570387,1.5775,-0.9894740480890895,4.79,-1.046671354895963,3.277,1.0057640572739144,2.992,2.2594795245961388,2854.75,0.24655324886496782,4.024,0.6992520938808829
790,2.1173,-0.5676352944498527,-4675.25,1.8221780240416419,2982.16,-0.3912173646439128,6.5354,-0.1717074956513593,3.1404,0.03795564562581565,10.1,-0.038474417761350306,3.215,0.4153822190840628,2.786,0.6452323374876808,3613.75,3.0200244906921974,4.666,2.709276776916996
791,2.3855,-0.5365875163195382,-5335.5,0.694302330133833,2958.83,-0.753560262699758,6.7805,-0.10976627055070892,3.0594,-0.015292678125484661,10.28,-0.00429825040085501,3.601,4.0909852762015095,3.811,8.67728751606132,2534.25,-0.9245897458723537,5.244,4.518925167563213
792,1.2882,-0.6636148352695538,-5197.5,0.9300415891406905,2975.57,-0.4935679732246207,8.2318,0.2570036192435542,3.2429,0.10533778370616487,12.16,0.3526528309198743,3.277,1.0057640572739144,2.992,2.2594795245961388,2879.75,0.33790605656678696,4.024,0.6992520938808829
793,3.9027,-0.36095109208645376,-5892.25,-0.2567689195188327,2925.62,-1.2693514176262333,9.1554,0.49041412721157024,3.4236,0.22412756274147308,13.25,0.5596085110473183,3.601,4.0909852762015095,3.811,8.67728751606132,3091.0,1.1098372816471587,5.244,4.518925167563213
794,-2.5482,-1.107730032954635,-5322.25,0.7169367155094915,3043.7,0.5645726887790091,5.2171,-0.5048658679491455,2.1166,-0.6350768711221015,7.67,-0.49985267712803744,3.238,0.6343948364770725,2.825,0.9508422418431668,2599.5,-0.6861589177706057,4.796,3.1162911208339654
795,1.5218,-0.6365724751978108,-5536.5,0.35094297462384505,3069.31,0.9623267230357716,4.3655,-0.7200806671972642,2.2054,-0.5767009310095649,6.44,-0.7333898207580889,3.215,0.4153822190840628,2.786,0.6452323374876808,2862.75,0.2757861473295499,4.666,2.709276776916996
796,-0.8736,-0.9138724294608812,-5393.5,0.595223511130951,3090.47,1.2909669169003946,4.1612,-0.7717109906899727,2.2654,-0.5372577282308238,6.2,-0.778958043905416,3.277,1.0057640572739144,2.992,2.2594795245961388,2612.75,-0.6377419296886415,4.024,0.6992520938808829
797,1.7073,-0.6150983408086483,-5545.25,0.33599573899841023,2896.84,-1.7163393561623312,5.6009,-0.40787263174502625,2.2197,-0.5673003010139649,8.01,-0.4352976943359907,3.238,0.6343948364770725,2.825,0.9508422418431668,2554.25,-0.8515074997108983,4.796,3.1162911208339654
798,2.1982,-0.5582700250585685,-6002.0,-0.44424996064928635,3064.76,0.8916597626348286,6.1374,-0.2722893299641248,2.2856,-0.5239785166286477,8.97,-0.253024801746682,3.232,0.5772611102006375,2.511,-1.509709295788173,2645.25,-0.5189832796762767,4.44,2.001697994415187
799,2.4218,-0.5323853002638692,-6313.5,-0.9763715489147653,2977.39,-0.46530118906424633,5.6564,-0.39384677294010556,2.5306,-0.3629187719487886,8.38,-0.36504668365052784,3.311,1.3295218395070554,2.627,-0.6007157341154516,2626.75,-0.5865843573756229,4.633,2.6059577511534564
800,4.9555,-0.23907525011928307,-1263.5,7.6503187263361765,3010.26,0.0452093578322729,9.9444,0.6898087686004447,4.0309,0.6233585135336298,14.74,0.842511229753641,3.232,0.5772611102006375,2.511,-1.509709295788173,820.0,-7.188651769986093,4.44,2.001697994415187
801,1.8709,-0.5961594276762119,-5512.0,0.3927952343750625,2947.39,-0.9312371917078549,7.6829,0.11828661207200392,3.3828,0.19730618485192922,11.28,0.18556934604634137,3.311,1.3295218395070554,2.627,-0.6007157341154516,2666.5,-0.4413333931297304,4.633,2.6059577511534564
802,0.7355,-0.7275973370317643,-4386.0,2.316290927431015,3036.64,0.4549224161568807,4.7399,-0.6254629818537983,2.5474,-0.3518746751707411,7.1,-0.6080772071029394,3.232,0.5772611102006375,2.511,-1.509709295788173,2934.75,0.5388822335107891,4.44,2.001697994415187
803,1.2809,-0.6644599090217957,-5371.25,0.6332321960070566,3045.07,0.5858504328997393,4.3922,-0.7133330918803023,2.2628,-0.5389669336845694,6.47,-0.7276937928646731,3.215,0.4153822190840628,2.5,-1.5959069611192083,2700.75,-0.31618004657823817,4.754,2.9847941789530963
804,5.5318,-0.17236072910324923,-5553.0,0.32275675887302513,3085.93,1.2204552685003291,5.0629,-0.5438350107909256,2.7541,-0.21599284159797835,7.6,-0.5131434088793413,3.215,0.4153822190840628,2.5,-1.5959069611192083,2441.5,-1.2635086624461027,4.754,2.9847941789530963
805,-3.1227,-1.174236179620801,-5352.25,0.6656890505080008,2952.31,-0.854823687274302,4.6652,-0.6443410296506917,2.2122,-0.5722307013613075,7.02,-0.6232666148187151,3.232,0.5772611102006375,2.511,-1.509709295788173,2701.0,-0.31526651850121995,4.44,2.001697994415187
806,6.1855,-0.09668611104289632,-5472.0,0.46112545437705016,3047.06,0.6167575210750952,5.9842,-0.31100575462923963,2.5774,-0.33215307378137077,9.17,-0.21505128245724286,3.232,0.5772611102006375,2.511,-1.509709295788173,2578.0,-0.7647223323941702,4.44,2.001697994415187
807,1.9936,-0.5819552428268845,-5611.75,0.22239674824510577,2991.25,-0.25003875584289714,6.7038,-0.1291497547009328,3.3449,0.17239122843002447,9.93,-0.07075190915737367,3.215,0.4153822190840628,2.5,-1.5959069611192083,2679.5,-0.3938299331247844,4.754,2.9847941789530963
808,0.2436,-0.7845414163095485,-5456.75,0.48717635075280796,3045.33,0.5898885449226469,5.772,-0.36463255171760367,2.278,-0.5289746556472883,8.4,-0.361249331721584,3.311,1.3295218395070554,2.627,-0.6007157341154516,2706.5,-0.29516890080681973,4.633,2.6059577511534564
809,2.9073,-0.476182107563393,-5196.75,0.9313227807657277,3208.47,3.1236485272985886,4.1934,-0.7635734654013521,2.1078,-0.6408618741963168,6.11,-0.7960461275856637,3.215,0.4153822190840628,2.5,-1.5959069611192083,2526.0,-0.954736172413954,4.754,2.9847941789530963
810,0.3491,-0.7723283641367366,-5612.5,0.2211155566200685,2939.93,-1.047099944365233,4.672,-0.6426225460493681,2.0829,-0.6572308033494945,7.02,-0.6232666148187151,3.215,0.4153822190840628,2.5,-1.5959069611192083,2494.75,-1.068927182041228,4.754,2.9847941789530963
811,1.1136,-0.6838271472067384,-5867.0,-0.213635468142578,3042.85,0.5513711687041083,5.5958,-0.4091614944460191,2.7347,-0.22874614382977132,8.31,-0.37833741540183163,3.311,1.3295218395070554,2.627,-0.6007157341154516,2606.75,-0.6596666035370782,4.633,2.6059577511534564
812,1.3009,-0.6621446384677081,-5143.5,1.0222873861433739,3039.04,0.4921972963683708,5.1379,-0.5248811475410325,2.5299,-0.36337894264787396,7.66,-0.5017513530925094,3.311,1.3295218395070554,2.627,-0.6007157341154516,2626.5,-0.587497885452641,4.633,2.6059577511534564
813,2.1918,-0.5590109116358765,-5611.75,0.22239674824510577,3050.36,0.668010481365895,4.8167,-0.6060542258859077,2.3113,-0.5070836781050869,7.15,-0.5985838272805795,3.222,0.4820382330732404,2.641,-0.49100961460322445,2327.75,-1.6791639374893799,4.853,3.2947512562437122
814,3.3655,-0.4231392591692464,-6616.0,-1.493118837679797,3012.09,0.0736314539935319,5.8156,-0.3536140392149993,2.53805,-0.3580212409370949,8.6,-0.32327581243214487,3.222,0.4820382330732404,2.641,-0.49100961460322445,2945.5,0.5781639408225713,4.853,3.2947512562437122
815,0.1809,-0.7917997894966131,-5495.0,0.42183557787590725,2924.39,-1.2884547937346216,4.282,-0.7411826349488116,2.2104,-0.5734139974446698,6.35,-0.7504779044383367,3.311,1.3295218395070554,2.627,-0.6007157341154516,2568.25,-0.8003499273978797,4.633,2.6059577511534564
816,0.7482,-0.7261271402299188,-5370.0,0.6353675153821187,2988.81,-0.2879348840579115,6.6146,-0.1516922160594722,3.0033,-0.05217207272360766,9.79,-0.09733337265998128,3.311,1.3295218395070554,2.627,-0.6007157341154516,2601.5,-0.6788506931544602,4.633,2.6059577511534564
817,2.5491,-0.5176486031871017,-5549.5,0.3287356531231991,2958.04,-0.7658299107693725,5.6037,-0.40716502085036366,2.6082,-0.311905563021617,8.16,-0.4068175548689112,3.215,0.4153822190840628,2.5,-1.5959069611192083,2568.5,-0.7994363993208614,4.754,2.9847941789530963
818,-0.6645,-0.8896662758178956,-6417.75,-1.1544571847949456,3087.39,1.2431308206289853,4.5947,-0.6621576611055912,2.3128,-0.5060975980356184,6.97,-0.6327599946410749,3.215,0.4153822190840628,2.5,-1.5959069611192083,2924.75,0.5023411104300615,4.754,2.9847941789530963
819,6.1882,-0.0963735495180945,-5440.25,0.5153625665036279,3064.71,0.8908832026304198,7.0742,-0.03554294206412778,3.0808,-0.0012246024677337966,10.31,0.0013977774925610972,3.222,0.4820382330732404,2.641,-0.49100961460322445,2575.75,-0.7729440850873339,4.853,3.2947512562437122
820,4.6209,-0.27780972648916846,-5563.5,0.3048200761225034,2946.62,-0.9431962157757072,5.2964,-0.48482531653959193,2.7722,-0.20409414209305815,8.08,-0.4220069625846869,3.232,0.5772611102006375,2.511,-1.509709295788173,2616.0,-0.625866064687405,4.44,2.001697994415187
821,3.0345,-0.46145698683939596,-5470.25,0.46411490150213713,3009.71,0.036667197783803916,6.674,-0.1366807563655569,2.7085,-0.2459696757098217,9.58,-0.13720556791389232,3.272,0.9581526187102136,2.76,0.44149240125068906,2682.75,-0.38195406812354793,4.817,3.182039591774399
822,-4.2064,-1.299689114594037,-5411.75,0.5640478482550441,3105.3,1.5212946142072243,3.3622,-0.9736328138454997,1.4275,-1.0880820550359418,4.74,-1.0561647347183227,3.222,0.4820382330732404,2.641,-0.49100961460322445,2537.5,-0.9127138808711172,4.853,3.2947512562437122
823,6.1727,-0.09816788419751242,-5762.75,-0.035549832262397656,3021.77,0.22397347084653374,10.9203,0.9364364372080525,4.3064,0.8044685529593489,16.4,1.1576914398559865,3.215,0.4153822190840628,2.5,-1.5959069611192083,2528.5,-0.9456008916437721,4.754,2.9847941789530963
824,7.3164,0.034230862437986335,-5585.25,0.2676655189964226,2927.54,-1.2395315134570413,3.2839,-0.993420647078388,1.3683,-1.1269993484442995,4.78,-1.0485700308604349,3.272,0.9581526187102136,2.76,0.44149240125068906,2634.25,-0.5591785150650771,4.817,3.182039591774399
825,4.5918,-0.28117844514536583,-5753.5,-0.019748468886938007,2951.83,-0.8622786633166,3.8241,-0.8569022880438252,1.8776,-0.7921922955240865,5.41,-0.9289534450987011,3.272,0.9581526187102136,2.76,0.44149240125068906,3413.25,2.2873749729236077,4.817,3.182039591774399
826,3.2273,-0.4391377786979916,-4961.25,1.33361695102743,3045.05,0.5855398088979771,6.132,-0.2736540081181173,2.6947,-0.255041612348932,9.33,-0.18467246702569143,3.311,1.3295218395070554,2.627,-0.6007157341154516,2703.75,-0.30521770965401984,4.633,2.6059577511534564
827,6.6827,-0.03912848506827893,-5505.5,0.40389889512538546,3073.73,1.0309746274252645,5.5553,-0.4193965806009613,2.2853,-0.5241757326425415,8.02,-0.4333990183715188,3.272,0.9581526187102136,2.76,0.44149240125068906,2730.75,-0.20655667733605518,4.817,3.182039591774399
828,-4.6636,-1.3526161994604793,-5592.75,0.2548536027460499,3103.85,1.4987743740794457,4.3419,-0.7260448161665638,2.0231,-0.6965425287856396,6.33,-0.7542752563672805,3.272,0.9581526187102136,2.76,0.44149240125068906,2851.0,0.23285032770969494,4.817,3.182039591774399
829,3.5945,-0.39662941132494345,-5578.75,0.2787691797467456,3002.22,-0.07966149087622071,6.0911,-0.2839901815437256,2.5537,-0.34773313887897334,9.1,-0.22834201420854666,3.222,0.4820382330732404,2.641,-0.49100961460322445,2469.5,-1.1611935178200652,4.853,3.2947512562437122
830,2.4182,-0.532802048963605,-5349.75,0.669959689258125,2968.33,-0.6060138618626153,5.0925,-0.5363545527616344,2.3748,-0.4653396218309194,7.39,-0.5530156041332525,3.272,0.9581526187102136,2.76,0.44149240125068906,2663.5,-0.4522957300539487,4.817,3.182039591774399
831,4.6209,-0.27780972648916846,-5714.25,0.047300559490012384,2961.04,-0.7192363105050116,5.9706,-0.314442721831887,2.8256,-0.16898969161997873,9.11,-0.22644333824407475,3.232,0.5772611102006375,2.511,-1.509709295788173,2573.5,-0.7811658377804976,4.44,2.001697994415187
832,2.2336,-0.5541719961778334,-5538.0,0.34838059137377053,3072.03,1.0045715872754628,3.9954,-0.8136116643810696,1.7875,-0.8514228383634959,5.98,-0.8207289151237992,3.394,2.1198717196644354,2.911,1.6247512617039783,2971.75,0.6740843889094814,3.816,0.04802914361373069
833,5.2064,-0.21003018101825421,-5466.75,0.47009379575231103,3021.83,0.2249053428518201,4.0558,-0.7983474865104891,1.6991,-0.9095358237908409,5.7,-0.8738918421290143,3.394,2.1198717196644354,2.911,1.6247512617039783,2605.5,-0.6642342439221691,3.816,0.04802914361373069
834,-0.5718,-0.8789349967996994,-6397.75,-1.1202920747939518,3006.95,-0.006198914459411464,4.6034,-0.6599590129686036,2.6713,-0.27042446143264104,6.68,-0.6878215976107619,3.394,2.1198717196644354,2.911,1.6247512617039783,2959.25,0.6284079850585719,3.816,0.04802914361373069
835,7.0273,0.0007636265786503029,-5515.5,0.3868163401248886,3003.72,-0.056364690744040276,3.7146,-0.884574928388669,1.5806,-0.9874361492788544,5.34,-0.9422441768500049,3.394,2.1198717196644354,2.911,1.6247512617039783,2633.25,-0.5628326273731499,3.816,0.04802914361373069
836,2.1145,-0.5679594323274251,-5617.5,0.21257427911982005,2953.59,-0.8349437511615049,5.1912,-0.5114112687247752,2.3918,-0.45416404771027624,7.74,-0.48656194537673364,3.153,-0.17499961910578446,2.783,0.6217238833064889,2682.5,-0.38286759620056615,3.235,-1.7710118857382648
837,2.1973,-0.5583742122335024,-5517.75,0.38297276524977675,3086.52,1.2296186765523223,3.7115,-0.8853583547363313,1.7947,-0.846689654030047,5.55,-0.9023719815960938,3.394,2.1198717196644354,2.911,1.6247512617039783,2499.75,-1.050656620500864,3.816,0.04802914361373069
838,4.9118,-0.2441341162799644,-5122.5,1.0581607516444174,3048.76,0.643160561224904,4.8707,-0.5924074443459847,2.5103,-0.37626372222226273,7.04,-0.6194692628897711,3.153,-0.17499961910578446,2.783,0.6217238833064889,2541.5,-0.8980974316388262,3.235,-1.7710118857382648
839,4.8127,-0.2556062818754684,-6469.5,-1.2428594069225172,2984.06,-0.36170808447648284,2.9198,-1.0854353352022021,1.4455,-1.0762490942023195,4.48,-1.1055303097945937,3.153,-0.17499961910578446,2.783,0.6217238833064889,2871.75,0.30867315810220486,3.235,-1.7710118857382648
840,4.4445,-0.298230412776221,-5085.75,1.1209391412712435,2947.87,-0.9237822156655568,2.9431,-1.079547001685902,1.3766,-1.1215430387265737,4.3,-1.1397064771550893,3.153,-0.17499961910578446,2.783,0.6217238833064889,2532.5,-0.930984442411481,3.235,-1.7710118857382648
841,5.6155,-0.16267132183439265,-4764.0,1.6705703484122318,3008.28,0.01445758165779445,4.7003,-0.6354706216497416,2.258,-0.5421223899068686,7.32,-0.5663063358845561,3.153,-0.17499961910578446,2.783,0.6217238833064889,2903.75,0.4256047519605333,3.235,-1.7710118857382648
842,2.8136,-0.4870291501092934,-5195.75,0.9330310362657774,3084.81,1.203060324401636,5.8022,-0.35700046278231345,2.4509,-0.4153124929732164,8.45,-0.3517559518992244,3.153,-0.17499961910578446,2.783,0.6217238833064889,2541.0,-0.8999244877928625,3.235,-1.7710118857382648
843,3.9527,-0.35516291570123476,-5569.75,0.2941434792471928,3034.5,0.42168564796830527,2.0008,-1.3176833395575578,0.9431,-1.4065201788029773,2.99,-1.3884330285009163,3.153,-0.17499961910578446,2.783,0.6217238833064889,2958.0,0.6238403446734809,3.235,-1.7710118857382648
844,3.4482,-0.41356561542809417,-5644.0,0.16730550836850322,3001.26,-0.09457144296080969,5.2947,-0.48525493743992293,2.4825,-0.39453907284307943,7.87,-0.4618791578385981,3.394,2.1198717196644354,2.911,1.6247512617039783,2685.75,-0.37099173119932966,3.816,0.04802914361373069
845,1.3445,-0.6570973486597972,-5250.75,0.8390769837630444,3017.39,0.1559468144605652,3.9991,-0.8126766071274082,1.9909,-0.717710380943564,5.94,-0.828323618981687,3.368,1.8722922391332062,2.822,0.9273337876619748,2517.0,-0.9876231831866089,3.358,-1.3859136988014389
846,3.3655,-0.4231392591692464,-5334.75,0.6955835217588703,3018.8,0.17784580658481958,5.8156,-0.3536140392149993,2.53805,-0.3580212409370949,8.6,-0.32327581243214487,2.988,-1.7461770917078019,2.686,-0.1383828018853579,2654.0,-0.48700979698063995,3.52,-0.878711208689523
847,0.9591,-0.701712612237065,-5209.0,0.910396650890119,2931.05,-1.1850170011477357,3.1241,-1.0338050117094935,1.2959,-1.1745941464639804,4.69,-1.0656581145406825,3.276,0.9962417695611716,2.699,-0.03651283376686372,2534.5,-0.9236762177953355,3.225,-1.802320681424185
848,5.3191,-0.19698363144597072,-5392.5,0.5969317666310007,3004.08,-0.05077345871231499,4.8468,-0.598447408768284,2.1924,-0.585246958278292,7.1,-0.6080772071029394,3.419,2.357928912482922,2.894,1.4915366880105627,2655.75,-0.4806151004415126,5.151,4.2277533676841506
849,-2.1555,-1.0622696956251252,-5494.75,0.42226264175091965,2893.07,-1.7748919804945444,3.9525,-0.8244532741600084,2.1022,-0.6445432397889995,5.92,-0.8321209709106311,3.419,2.357928912482922,2.894,1.4915366880105627,2727.25,-0.21934607041430987,5.151,4.2277533676841506
850,1.7627,-0.6086850413738257,-5436.25,0.5221955885038266,3215.87,3.23857940795068,2.0193,-1.3130080532892507,1.059,-1.3303290587687093,2.99,-1.3884330285009163,3.228,0.5391719593496795,2.437,-2.0895844989242236,2542.25,-0.8953568474077715,5.185,4.334203273016281
851,1.9273,-0.5896303647136849,-5472.0,0.46112545437705016,3004.39,-0.04595878668499855,6.2851,-0.23496285527066896,2.7292,-0.23236177075115597,9.32,-0.18657114299016336,3.228,0.5391719593496795,2.437,-2.0895844989242236,2857.25,0.2556885296351497,5.185,4.334203273016281
852,1.2327,-0.6700397110571469,-5481.75,0.4444699632515657,2929.93,-1.2024119452464357,4.0468,-0.8006219501004762,2.0309,-0.6914149124244033,6.21,-0.7770593679409441,3.23,0.5582165347751564,2.502,-1.5802346583317493,2740.25,-0.1718426104093639,5.165,4.27158568164444
853,5.4209,-0.1851989043256649,-5261.0,0.821567364887535,3089.1,1.2696891727796715,7.0153,-0.050428042669710536,3.051,-0.020814726514508376,10.47,0.03177659292411254,3.228,0.5391719593496795,2.437,-2.0895844989242236,2525.25,-0.9574767566450086,5.185,4.334203273016281
854,5.0818,-0.2244543165702199,-6465.0,-1.2351722571722936,2993.19,-0.21990822767194296,5.2405,-0.49895226261517894,3.0256,-0.0375123490241756,7.34,-0.5625089839556122,3.153,-0.17499961910578446,2.783,0.6217238833064889,2909.0,0.4447888415779154,3.235,-1.7710118857382648
855,5.5109,-0.17478018683227067,-5685.0,0.09726703286646586,3048.39,0.6374140171922941,4.9138,-0.5815152909317128,2.003,-0.7097560017165178,6.94,-0.6384560225344907,3.23,0.5582165347751564,2.502,-1.5802346583317493,2554.5,-0.8505939716338802,5.165,4.27158568164444
856,-0.07,-0.820844858597642,-6413.25,-1.146770035044722,2951.85,-0.8619680393148379,7.7911,0.14563071878718292,3.2089,0.08298663546487814,11.47,0.22164418937130892,3.153,-0.17499961910578446,2.783,0.6217238833064889,3109.5,1.177438359346505,3.235,-1.7710118857382648
857,0.5609,-0.747809648968949,-6515.25,-1.3210120960497904,2889.67,-1.8276980607941549,2.8961,-1.0914247559891683,1.2354,-1.2143660425992109,4.2,-1.1586932367998088,3.276,0.9962417695611716,2.699,-0.03651283376686372,2890.5,0.37718776387856917,3.225,-1.802320681424185
858,5.5964,-0.16488240521354627,-5204.0,0.9189379283903675,2938.02,-1.0767645365335403,4.8447,-0.5989781169392812,2.0684,-0.6667629106876901,7.12,-0.6042798551739954,3.065,-1.012960937826861,2.34,-2.8496911841160704,2541.5,-0.8980974316388262,6.09,7.16764928259211
859,5.3973,-0.18793092357948818,-5416.5,0.555933634629808,2919.71,-1.361140810147022,4.6771,-0.6413336833483753,2.4584,-0.4103820926258736,6.95,-0.6365573465700187,3.065,-1.012960937826861,2.34,-2.8496911841160704,2603.75,-0.6706289404612965,6.09,7.16764928259211
860,2.3182,-0.544378401734043,-5502.0,0.4098777893755594,3081.34,1.149167060095862,8.4018,0.29996570927664507,3.5548,0.3103766994843202,12.75,0.46467471282372014,3.065,-1.012960937826861,2.34,-2.8496911841160704,2501.75,-1.0433483958847185,6.09,7.16764928259211
861,6.0773,-0.10921172474051019,-5543.0,0.33983931387352206,3069.72,0.9686945150718986,3.9105,-0.8350674375799485,2.2933,-0.5189166389387094,5.68,-0.8776891940579583,3.065,-1.012960937826861,2.34,-2.8496911841160704,3085.0,1.0879126077987222,6.09,7.16764928259211
862,4.3136,-0.3133838585527242,-5529.25,0.3633278269992053,2982.62,-0.3840730126033769,5.1801,-0.5142164404857593,1.8855,-0.7869989404915523,7.65,-0.5036500290569813,3.065,-1.012960937826861,2.34,-2.8496911841160704,2678.75,-0.396570517355839,6.09,7.16764928259211
863,-2.3509,-1.0848898889385612,-5572.25,0.2898728404970686,2997.94,-0.14613502725337157,10.4136,0.8083841370917756,4.6793,1.049608058229224,15.43,0.9735198713022064,3.316,1.377133278070752,2.857,1.2015990864425392,2680.5,-0.39017582081671165,3.636,-0.515529178732842
864,1.1618,-0.6782473451713874,-5257.75,0.8271191952626965,2904.21,-1.6018744115128865,10.5293,0.8376236301319435,4.7768,1.1137032627446781,16.04,1.089339105134996,3.065,-1.012960937826861,2.34,-2.8496911841160704,2581.25,-0.7528464673929337,6.09,7.16764928259211
865,0.5764,-0.7460153142895312,-5348.75,0.6716679447581746,2949.75,-0.8945835594998891,4.1425,-0.7764368205936127,1.7107,-0.9019101379202843,5.97,-0.8226275910882713,3.246,0.7105731381789885,2.536,-1.3138055109449143,2663.0,-0.4541227862079851,6.101,7.202088957846623
866,6.8491,-0.019865434058270154,-5418.75,0.5520900597546963,2979.77,-0.42833693285451835,4.3849,-0.7151779345699585,2.3464,-0.4840094044795235,6.57,-0.7087070332199534,3.316,1.377133278070752,2.857,1.2015990864425392,2643.5,-0.525377976215404,3.636,-0.515529178732842
867,-0.7245,-0.8966120874801583,-5704.5,0.06395605061549688,3006.33,-0.015828258514044347,4.6526,-0.6475252786766738,2.3162,-0.50386248321149,7.16,-0.5966851513161076,3.268,0.9200634678592555,2.848,1.1310737238989632,2656.75,-0.47696098813343984,3.483,-0.9945537527274295
868,-0.2227,-0.8385219492781006,-5710.5,0.05370651761519873,3043.78,0.5658151847860646,4.4168,-0.7071162247343372,1.9227,-0.7625441547687328,6.39,-0.7428832005804489,3.246,0.7105731381789885,2.536,-1.3138055109449143,2656.25,-0.47878804428747623,6.101,7.202088957846623
869,5.9155,-0.12794226352307883,-5344.25,0.6793550945083983,3019.38,0.18685390263592822,5.5662,-0.4166419524753101,2.3573,-0.47684388930805227,8.09,-0.420108286620215,3.316,1.377133278070752,2.857,1.2015990864425392,2554.75,-0.849680443556862,3.636,-0.515529178732842
870,2.4209,-0.5324894874388032,-5451.75,0.49571762825305643,3085.1,1.2075643724271905,6.6675,-0.13832342451388097,2.5899,-0.32393573986913293,9.46,-0.15998967948755574,3.316,1.377133278070752,2.857,1.2015990864425392,2461.5,-1.1904264162846474,3.636,-0.515529178732842
871,13.5518,0.756062763085874,-5249.0,0.8420664308881314,3212.46,3.185618015650192,5.5608,-0.4180066306293024,2.2571,-0.5427140379485498,8.28,-0.38403344329524775,3.316,1.377133278070752,2.857,1.2015990864425392,2635.75,-0.553697346602968,3.636,-0.515529178732842
872,3.0945,-0.4545111751771332,-5603.75,0.2360627922455033,2982.07,-0.3926151726518388,1.6872,-1.3969357597597771,0.5741,-1.6490958758922345,2.3,-1.5194416700494817,3.246,0.7105731381789885,2.536,-1.3138055109449143,2603.0,-0.673369524692351,6.101,7.202088957846623
873,-1.2336,-0.9555472994344579,-5662.0,0.13655690936760875,3116.38,1.693380311183596,4.0648,-0.7960730229205019,1.9937,-0.7158696981472227,5.95,-0.8264249430172151,3.316,1.377133278070752,2.857,1.2015990864425392,2423.25,-1.3301962120684308,3.636,-0.515529178732842
874,4.4409,-0.2986471614759567,-5477.5,0.45173004912677683,3123.02,1.7965074797687128,4.7966,-0.6111338612368791,2.4145,-0.4392413693256526,7.3,-0.5701036878135001,3.398,2.1579608705153936,2.822,0.9273337876619748,2709.5,-0.28420656388260146,3.202,-1.874330911501803
875,-4.6109,-1.3465154615504584,-6521.5,-1.331688692925101,3078.6,1.1066115718544085,6.1402,-0.2715817190694622,3.1314,0.03203916520900457,9.24,-0.20176055070593907,3.246,0.7105731381789885,2.536,-1.3138055109449143,2911.75,0.4548376504251155,6.101,7.202088957846623
876,1.89,-0.5939483442970582,-5632.75,0.18652338274406224,2921.73,-1.3297677859690193,3.255,-1.0007242023840135,1.5795,-0.9881592746631314,4.83,-1.0390766510380751,3.398,2.1579608705153936,2.822,0.9273337876619748,2600.5,-0.6825048054625329,3.202,-1.874330911501803
877,0.4527,-0.7603352626665628,-5619.25,0.20958483199473307,3060.41,0.8240990422514997,7.173,-0.010574386209602101,3.3488,0.1749550366106428,11.02,0.13620377097007036,3.347,1.6723241971656775,2.825,0.9508422418431668,2767.0,-0.07409510616841741,3.583,-0.6814657958682218
878,-0.2036,-0.836310865898947,-5619.0,0.2100118958697455,3030.23,0.35536742359203194,3.2689,-0.9972114197283666,1.6673,-0.9304407212635737,4.95,-1.0162925394644116,3.398,2.1579608705153936,2.822,0.9273337876619748,2612.0,-0.6404825139196961,3.202,-1.874330911501803
879,-3.7536,-1.247271389249494,-5525.25,0.3701608489994041,2998.89,-0.13138038716966013,4.8003,-0.6101988039832177,2.2276,-0.5621069459814308,7.14,-0.6004825032450516,3.398,2.1579608705153936,2.822,0.9273337876619748,2653.5,-0.48883685313467634,3.202,-1.874330911501803
880,-3.9045,-1.2647401055800849,-5207.25,0.913386098015206,3073.25,1.0235196513829663,5.3634,-0.46789319870302076,2.4752,-0.39933799584782614,7.74,-0.48656194537673364,3.347,1.6723241971656775,2.825,0.9508422418431668,2658.0,-0.4723933477483489,3.583,-0.6814657958682218
881,-2.81,-1.1380369245076416,-5391.75,0.5982129582560379,3078.77,1.1092518758693901,4.4836,-0.6902346505330993,2.5604,-0.343328647902014,7.04,-0.6194692628897711,3.398,2.1579608705153936,2.822,0.9273337876619748,2641.25,-0.5335997289085678,3.202,-1.874330911501803
882,-2.6109,-1.1149884061416995,-5621.0,0.20659538486964613,3007.47,0.001877309586410802,2.5503,-1.1788147014800083,1.3464,-1.14139611745854,3.84,-1.2270455715207995,3.398,2.1579608705153936,2.822,0.9273337876619748,2600.5,-0.6825048054625329,3.202,-1.874330911501803
883,-2.6273,-1.1168869279960514,-5561.0,0.3090907148726276,3019.98,0.19617262268879898,5.1077,-0.5325132364763228,2.6882,-0.2593146259832956,7.8,-0.4751698895899019,3.239,0.643917124189811,3.009,2.392694098289555,2899.25,0.4091612465742059,3.559,-0.7566069055144315
884,5.4709,-0.17941072794044585,-5652.5,0.15278533661808083,3056.28,0.7599551858875683,5.2009,-0.5089599024111224,2.3854,-0.45837132267334174,7.95,-0.4466897501228224,3.347,1.6723241971656775,2.825,0.9508422418431668,2708.5,-0.28786067619067424,3.583,-0.6814657958682218
885,0.5218,-0.7523360029021902,-5627.5,0.1954917241193231,3010.41,0.04753903784548529,2.9002,-1.0903886114648407,1.4113,-1.0987317197862019,4.42,-1.1169223655814255,3.895,6.890537863746922,3.991,10.08779476693279,2710.25,-0.2814659796515469,6.889,9.669222057897178
886,4.3982,-0.3035902641089337,-5334.0,0.6968647133839075,2993.79,-0.2105895076190722,3.2659,-0.9979695742583624,1.676,-0.9247214568606563,4.85,-1.0352792991091313,3.387,2.053215705675258,3.23,4.12448355630397,2467.0,-1.1703287985902473,3.886,0.26719071341517686
887,0.5518,-0.7488630970710588,-5639.75,0.1745655942437144,3007.75,0.00622604561108759,6.0246,-0.30079594029196394,2.476,-0.398812086477443,8.84,-0.2777075892848177,3.895,6.890537863746922,3.991,10.08779476693279,2697.5,-0.32805591157947467,6.889,9.669222057897178
888,1.4418,-0.6458335574141612,-5567.75,0.2975599902472922,3083.14,1.1771232202544741,4.6325,-0.6526049140276449,2.0476,-0.6804365543176536,6.93,-0.6403546984989628,3.895,6.890537863746922,3.991,10.08779476693279,2652.0,-0.4943180215967855,6.889,9.669222057897178
889,-2.5955,-1.113205647815052,-5819.75,-0.13292039576523007,3094.08,1.347034549218511,7.4952,0.0708514103119382,3.343,0.17114219367536435,10.83,0.10012892764510313,3.451,2.6626421192905863,2.842,1.0840568155365826,2608.0,-0.6550989631519872,6.369,8.041164682229299
890,-4.9018,-1.3801910717596624,-5767.25,-0.043236982012621265,3071.05,0.9893510111891046,4.0905,-0.7895781657802053,1.9194,-0.7647135309215636,6.06,-0.8055395074080236,3.451,2.6626421192905863,2.842,1.0840568155365826,2894.75,0.39271774118787844,6.369,8.041164682229299
891,0.7636,-0.7243443819032712,-5476.5,0.45343830462682655,3074.96,1.0500780035336525,4.7589,-0.6206613364971587,2.2191,-0.5676947330417523,6.85,-0.6555441062147385,3.293,1.1581206606777463,2.884,1.413175174073257,2656.75,-0.47696098813343984,3.541,-0.8129627377490897
892,-2.7845,-1.1350849545511799,-5345.25,0.6776468390083485,3001.95,-0.0838549149000129,2.6974,-1.1416398576925515,1.6123,-0.9665969904774195,4.02,-1.1928694041603043,3.269,0.9295857555719982,2.95,1.9303611660594644,2676.25,-0.4057057981260209,3.365,-1.363997541821294
893,-2.4709,-1.0987815122630866,-5250.75,0.8390769837630444,3197.43,2.952184078325741,2.5702,-1.17378560976437,1.2428,-1.2095013809231663,3.77,-1.2403363032721033,3.293,1.1581206606777463,2.884,1.413175174073257,2579.25,-0.7601546920090793,3.541,-0.8129627377490897
894,-3.2718,-1.191496521601524,-5777.0,-0.05989247313810576,3001.6,-0.08929083493085359,4.0368,-0.8031491318671286,2.1174,-0.6345509617517183,6.31,-0.7580726082962246,3.387,2.053215705675258,3.23,4.12448355630397,2859.75,0.26482381040533165,3.886,0.26719071341517686
895,2.1136,-0.568063619502359,-5327.75,0.7075413102592182,2956.77,-0.7855545348812849,4.1174,-0.7827800468279102,2.1475,-0.6147636216910499,6.18,-0.78275539583436,3.387,2.053215705675258,3.23,4.12448355630397,2653.5,-0.48883685313467634,3.886,0.26719071341517686
896,3.9291,-0.3578949349550581,-5213.0,0.9035636288899203,3013.86,0.10112167814950453,4.1375,-0.7777004114769389,1.7612,-0.868712108914844,6.12,-0.7941474516211918,3.387,2.053215705675258,3.23,4.12448355630397,2570.25,-0.7930417027817341,3.886,0.26719071341517686
897,-0.5336,-0.8745128300413922,-5138.75,1.0304015997686098,2950.92,-0.8764120553967872,5.1598,-0.5193466194720638,2.5195,-0.37021576446285587,7.56,-0.5207381127372291,3.895,6.890537863746922,3.991,10.08779476693279,2497.75,-1.0579648451170096,6.889,9.669222057897178
898,-1.1836,-0.9497591230492389,-5406.75,0.5725891257552925,2948.09,-0.9203653516461665,4.1362,-0.7780289451066038,1.806,-0.839261184173384,6.17,-0.784654071798832,3.895,6.890537863746922,3.991,10.08779476693279,2540.0,-0.9035786001009353,6.889,9.669222057897178
899,5.7945,-0.14194965037530868,-5300.5,0.7540912726355723,3058.08,0.7879113460461805,6.0735,-0.28843802145303377,2.4635,-0.4070294203896808,8.73,-0.2985930248940092,3.239,0.643917124189811,3.009,2.392694098289555,2589.5,-0.7227000408513333,3.559,-0.7566069055144315
900,-4.9682,-1.3878777699992335,-5497.5,0.417564939125783,3066.38,0.9168203067775818,1.8685,-1.351117954330369,0.9168,-1.4238094493543256,2.82,-1.4207105198969399,3.204,0.3106370542439314,2.521,-1.4313477818508709,2684.5,-0.3755593715844206,6.442,8.26971889073652
901,-0.9136,-0.9185029705690564,-5398.75,0.58625516975569,3043.18,0.5564964647331868,5.8689,-0.34014416039874196,2.772,-0.20422561943565423,9.11,-0.22644333824407475,3.451,2.6626421192905863,2.842,1.0840568155365826,2711.0,-0.2787253954204923,6.369,8.041164682229299
902,-3.65,-1.2352782877793205,-5217.25,0.896303543014709,2978.57,-0.4469743729602598,4.6997,-0.6356222525557409,2.5175,-0.37153053788881374,7.34,-0.5625089839556122,3.204,0.3106370542439314,2.521,-1.4313477818508709,2508.75,-1.0177696097282092,6.442,8.26971889073652
903,-2.5345,-1.106144072625085,-5394.75,0.5930881917558888,2825.67,-2.821694866433853,2.7794,-1.1209169672060018,1.2576,-1.1997720575710766,4.16,-1.1662879406576967,3.204,0.3106370542439314,2.521,-1.4313477818508709,2516.5,-0.9894502393406452,6.442,8.26971889073652
904,0.86,-0.7131847778325691,-5397.5,0.5883904891307522,2993.98,-0.20763857960232848,3.893,-0.8394900056715902,1.6653,-0.9317554946895317,5.85,-0.8454117026619349,3.269,0.9295857555719982,2.95,1.9303611660594644,2684.0,-0.377386427738457,3.365,-1.363997541821294
905,-3.4991,-1.2178095714487296,-5543.0,0.33983931387352206,2948.57,-0.9129103756038685,4.3926,-0.7132320046096362,1.7519,-0.8748258053455489,6.6,-0.7030110053265376,3.269,0.9295857555719982,2.95,1.9303611660594644,2589.5,-0.7227000408513333,3.365,-1.363997541821294
906,-5.2327,-1.4184972230770416,-5526.0,0.3688796573743668,2966.39,-0.6361443900335695,5.8077,-0.3556105128106547,2.5177,-0.37139906054621796,8.5,-0.34226257207686445,3.895,6.890537863746922,3.991,10.08779476693279,3397.75,2.23073623214848,6.889,9.669222057897178
907,-1.79,-1.0199581262491746,-5445.5,0.506394225128367,3086.05,1.222319012510909,2.2725,-1.249019810957612,1.1528,-1.2686661850912777,3.43,-1.3048912860641502,3.204,0.3106370542439314,2.521,-1.4313477818508709,2691.75,-0.34906705735089305,6.442,8.26971889073652
908,1.0309,-0.6934007909478906,-4971.75,1.3156802682769084,2972.52,-0.5409381334933904,5.1741,-0.5157327495457509,2.5025,-0.3813913385834991,7.48,-0.5359275204530046,3.204,0.3106370542439314,2.521,-1.4313477818508709,2557.0,-0.8414586908636983,6.442,8.26971889073652
909,-4.0109,-1.277057344927831,-5001.0,1.2657137949004549,2954.92,-0.8142872550443061,5.8152,-0.35371512648566533,2.9808,-0.0669632737656355,9.12,-0.22454466227960282,3.204,0.3106370542439314,2.521,-1.4313477818508709,2672.0,-0.4212357754353302,6.442,8.26971889073652
910,1.4727,-0.6422564644080958,-5368.75,0.6375028347571808,2986.28,-0.3272288202808519,5.654,-0.3944532965641021,2.3467,-0.48381218846562996,8.25,-0.3897294711886635,3.269,0.9295857555719982,2.95,1.9303611660594644,3656.25,3.17532426378529,3.365,-1.363997541821294
911,-1.2427,-0.9566007475365677,-6471.25,-1.245848854047604,3111.64,1.6197624227659022,5.5738,-0.41472129433265426,2.3779,-0.46330172302068456,8.15,-0.4087162308333831,3.11,-0.5844579907535843,2.886,1.4288474768607196,2985.25,0.7234149050684637,3.751,-0.15547802834475402
912,2.4845,-0.5251269270768045,-5335.0,0.6951564578838579,3093.57,1.3391136371735732,4.0141,-0.8088858344774296,1.9941,-0.7156067434620311,5.9,-0.8359183228395749,3.11,-0.5844579907535843,2.886,1.4288474768607196,2736.75,-0.18463200348761857,3.751,-0.15547802834475402
913,0.79,-0.7212882247718756,-5613.0,0.22026142887004366,2980.66,-0.41451416477609326,4.9118,-0.5820207272850433,2.3692,-0.4690209874236018,7.27,-0.575799715706916,3.11,-0.5844579907535843,2.886,1.4288474768607196,2487.75,-1.0945059681977374,3.751,-0.15547802834475402
914,5.6618,-0.15731147050167982,-5459.0,0.48333277587769613,2977.29,-0.4668543090730569,5.5285,-0.4261694277355897,1.9505,-0.7442688041479163,7.8,-0.4751698895899019,3.293,1.1581206606777463,2.884,1.413175174073257,2635.75,-0.553697346602968,3.541,-0.8129627377490897
915,-2.4345,-1.094567719854647,-5398.5,0.5866822336307025,3184.83,2.756490957215427,3.6744,-0.8947341990906117,1.7924,-0.8482016434698987,5.44,-0.9232574172052852,0.0,-30.19877277737342,2.413,-2.2776521323737526,2648.75,-0.506193886598022,5.952,6.735587902126404
916,-1.4027,-0.9751229119692684,-5012.75,1.245641792774871,2998.01,-0.14504784324720063,3.6998,-0.8883151574033146,1.7381,-0.8838977419846593,5.51,-0.9099666854539816,0.0,-30.19877277737342,2.413,-2.2776521323737526,2543.5,-0.8907892070226806,5.952,6.735587902126404
917,-4.5936,-1.3445127525211729,-5248.25,0.8433476225131686,2973.56,-0.5247856854017459,4.1924,-0.7638261835780172,1.8275,-0.8251273698443353,6.2,-0.778958043905416,0.0,-30.19877277737342,2.413,-2.2776521323737526,2575.0,-0.7756846693183885,5.952,6.735587902126404
918,-0.3309,-0.8510475629757145,-5658.25,0.1429628674927951,3221.21,3.3215160164212447,3.2036,-1.0137139166646068,1.5814,-0.9869102399084713,4.78,-1.0485700308604349,0.0,-30.19877277737342,2.413,-2.2776521323737526,2626.75,-0.5865843573756229,5.952,6.735587902126404
919,2.6718,-0.5034444183377743,-5604.5,0.23478160062046602,3000.38,-0.10823889903835723,2.7091,-1.138683055025568,1.2209,-1.2238981499374066,4.09,-1.1795786724090005,0.0,-30.19877277737342,2.413,-2.2776521323737526,2793.5,0.02273886999551089,5.952,6.735587902126404
920,4.9845,-0.2357181078158561,-5494.75,0.42226264175091965,2964.63,-0.6634793021886575,4.218,-0.757356598255387,1.7493,-0.8765350107992943,6.29,-0.7618699602251684,2.939,-2.2127691896320365,2.389,-2.465719765823282,2694.5,-0.33901824850369294,6.355,7.997332368269011
921,-3.4445,-1.2114888828360704,-5549.25,0.3291627169982115,2990.58,-0.2604446599019389,4.7695,-0.6179825238245071,2.0821,-0.6577567127198776,6.98,-0.6308613186766029,2.939,-2.2127691896320365,2.389,-2.465719765823282,2627.0,-0.5856708292986047,6.355,7.997332368269011
922,2.2855,-0.5481638690899762,-5370.75,0.6340863237570814,3007.0,-0.005422354455002626,3.9185,-0.8330456921666266,1.8902,-0.7839092229405508,5.93,-0.8302222949461592,2.939,-2.2127691896320365,2.389,-2.465719765823282,2483.25,-1.1109494735840648,6.355,7.997332368269011
923,22.4673,1.788152494334269,-5573.75,0.28731045724699406,2982.1,-0.3921492366491992,2.5653,-1.1750239288300297,1.161,-1.2632756140448498,3.65,-1.2631204148457669,2.939,-2.2127691896320365,2.389,-2.465719765823282,2686.5,-0.36825114696827504,6.355,7.997332368269011
924,6.5645,-0.05281173404293656,-5370.25,0.6349404515071063,3091.76,1.3110021650140764,2.0751,-1.2989063790313304,1.018,-1.3572819140008492,3.1,-1.367547592891725,3.269,0.9295857555719982,2.95,1.9303611660594644,2601.75,-0.677937165077442,3.365,-1.363997541821294
925,-4.6227,-1.3478814711773701,-5599.25,0.24374994199572692,3013.66,0.09801543813187623,5.7416,-0.372315184288227,3.0708,-0.007798469597523822,8.98,-0.2511261257822101,3.11,-0.5844579907535843,2.886,1.4288474768607196,2676.75,-0.40387874197198453,3.751,-0.15547802834475402
926,5.5455,-0.17077476877369924,-4994.25,1.2772445195257902,2982.87,-0.38019021258134683,6.9636,-0.06349357240330353,3.3202,0.15615377661944266,10.36,0.010891157314920713,3.387,2.053215705675258,3.23,4.12448355630397,2890.0,0.37536070772453284,3.886,0.26719071341517686
927,-2.1518,-1.061841370572619,-5515.0,0.38767046787491344,3084.82,1.2032156364025206,4.4519,-0.6982458167333874,1.9222,-0.7628728481252224,6.68,-0.6878215976107619,2.939,-2.2127691896320365,2.389,-2.465719765823282,2680.0,-0.39200287697074804,6.355,7.997332368269011
928,6.25,-0.08921936350596388,-5738.75,0.005448299738794944,2955.87,-0.7995326149605946,4.275,-0.7429516621854683,1.9929,-0.716395607517606,6.6,-0.7030110053265376,2.939,-2.2127691896320365,2.389,-2.465719765823282,2759.25,-0.10241447655598135,6.355,7.997332368269011
929,3.2509,-0.43640575944416826,-5508.75,0.39834706475022397,2914.86,-1.436467130574404,5.7289,-0.37552470513187547,3.0807,-0.001290341139031545,8.71,-0.30239037682295306,3.11,-0.5844579907535843,2.886,1.4288474768607196,2608.75,-0.6523583789209326,3.751,-0.15547802834475402
930,0.9909,-0.6980313320560658,-5580.25,0.27620679649667107,3037.62,0.47014299224323886,4.2708,-0.7440130785274623,1.9118,-0.7697096699402042,6.09,-0.7998434795146078,2.908,-2.5079601087269623,2.393,-2.4343751602483605,2713.25,-0.2705036427273286,6.063,7.0831155342401235
931,-3.8655,-1.260225327999614,-5554.5,0.3201943756229506,3097.63,1.4021703095313407,6.381,-0.21072718212847233,2.9373,-0.09555959578022265,9.55,-0.1429015958073081,2.908,-2.5079601087269623,2.393,-2.4343751602483605,2551.75,-0.8606427804810803,6.063,7.0831155342401235
932,-0.75,-0.8995640574366199,-5692.5,0.08445511661609317,3084.23,1.1940522283505275,5.8268,-0.3507835956363484,2.5434,-0.3545042220226572,8.49,-0.34416124804133635,2.908,-2.5079601087269623,2.393,-2.4343751602483605,2647.75,-0.5098479989060948,6.063,7.0831155342401235
933,0.2745,-0.7809643233034832,-5834.75,-0.15854422826597545,2919.84,-1.3591217541355647,2.8753,-1.096681294063805,1.1997,-1.2378347482525618,4.28,-1.1435038290840331,3.11,-0.5844579907535843,2.886,1.4288474768607196,2546.0,-0.8816539262524987,3.751,-0.15547802834475402
934,-5.9273,-1.4989065694205037,-5612.25,0.22154262049508092,3154.13,2.279683114510137,5.2422,-0.4985226417148479,2.5288,-0.36410206803215095,7.66,-0.5017513530925094,3.087,-0.8034706081465898,2.485,-1.7134492320251649,2586.5,-0.7336623777755517,6.023,6.95788035149644
935,-2.9209,-1.1508750997300572,-5588.0,0.2629678163712859,3054.81,0.7371243217580274,1.9674,-1.3261241266581767,1.0472,-1.3380862219818617,3.01,-1.3846356765719725,3.087,-0.8034706081465898,2.485,-1.7134492320251649,2700.5,-0.31709357465525634,6.023,6.95788035149644
936,-3.74,-1.2456970052727145,-5153.75,1.0047777672678644,2913.4,-1.45914268270306,2.7876,-1.1188446781573467,1.547,-1.0095243428349494,4.12,-1.1738826445155846,2.939,-2.2127691896320365,2.389,-2.465719765823282,2570.25,-0.7930417027817341,6.355,7.997332368269011
937,-0.0691,-0.8207406714227079,-5365.75,0.6426276012573299,3150.13,2.217558314157656,2.6536,-1.152708913830489,1.2708,-1.1910945529597539,3.91,-1.2137548397694957,2.908,-2.5079601087269623,2.393,-2.4343751602483605,2526.5,-0.9529091162599176,6.063,7.0831155342401235
938,5.1136,-0.2207730363892207,-5437.0,0.5209143968787894,3059.09,0.8035978581351854,7.7186,0.12730865097895305,3.0336,-0.03225325532034346,11.32,0.1931640499042294,2.908,-2.5079601087269623,2.393,-2.4343751602483605,2602.75,-0.6742830527693692,6.063,7.0831155342401235
939,1.7082,-0.6149941536337145,-5007.75,1.2541830702751193,3076.81,1.0788107236966737,4.001,-0.8121964425917442,1.7295,-0.8895512677162788,5.93,-0.8302222949461592,2.908,-2.5079601087269623,2.393,-2.4343751602483605,2425.5,-1.321974459375267,6.063,7.0831155342401235
940,1.5555,-0.6326712443141731,-5357.5,0.6567207091327398,3015.77,0.130786270317812,2.8002,-1.115660429131365,1.1592,-1.264458910128212,4.19,-1.1605919127642808,2.962,-1.993756572239027,2.892,1.4758643852231002,2691.25,-0.35089411350492944,3.429,-1.1636212494314024
941,1.3136,-0.6606744416658625,-5031.25,1.2140390660239517,2958.22,-0.7630342947535134,5.4938,-0.4349387484658735,2.6402,-0.29086918820628843,8.11,-0.4163109346912711,2.908,-2.5079601087269623,2.393,-2.4343751602483605,2675.5,-0.4084463823570755,6.063,7.0831155342401235
942,-1.0182,-0.9306118355669345,-5966.75,-0.3840339542725347,2945.9,-0.9543786798391508,6.2631,-0.2405226551573043,2.8934,-0.12441887248000136,9.49,-0.15429365159414,3.087,-0.8034706081465898,2.485,-1.7134492320251649,2555.0,-0.8487669154798438,6.023,6.95788035149644
943,-0.9945,-0.9278682399603407,-5477.5,0.45173004912677683,3087.24,1.2408011406157657,6.5778,-0.16099224496075315,2.5697,-0.3372149514713091,9.57,-0.13910424387836426,3.058,-1.0796169518160386,2.735,0.24558861640743024,2599.25,-0.687072445847624,3.234,-1.7741427653068567
944,-0.9236,-0.9196606058461003,-5759.75,-0.030425065762248578,2964.71,-0.662236806181609,6.5365,-0.1714295056570275,2.8475,-0.15459292260573826,9.56,-0.1410029198428362,2.908,-2.5079601087269623,2.393,-2.4343751602483605,2728.5,-0.2147784300292189,6.063,7.0831155342401235
945,-0.6609,-0.8892495271181597,-5622.0,0.20488712936959644,2964.0,-0.673263958244175,4.9039,-0.5840172008806988,2.4719,-0.40150737200065684,7.62,-0.5093460569503973,3.046,-1.1938844043689127,2.479,-1.7604661403875455,2875.0,0.3205490231034413,5.999,6.8827392418502304
946,-0.1918,-0.8349448562720353,-5215.5,0.899292990139796,2980.29,-0.42026070880869604,3.0794,-1.0451015142064295,1.5183,-1.028391341497447,4.54,-1.094138254007762,3.046,-1.1938844043689127,2.479,-1.7604661403875455,2684.25,-0.3764728996614388,5.999,6.8827392418502304
947,-2.2818,-1.0768906291741884,-5540.5,0.3441099526236463,3048.93,0.6458008652398785,4.6798,-0.640651344271379,2.163,-0.6045741276398753,6.91,-0.6441520504279067,3.046,-1.1938844043689127,2.479,-1.7604661403875455,2515.25,-0.9940178797257363,5.999,6.8827392418502304
948,-5.9336,-1.4996358796450413,-6561.25,-1.3995918490520762,3055.29,0.7445792978003255,6.0378,-0.2974600603599829,3.0163,-0.04362604545488022,9.04,-0.23973406999537855,2.939,-2.2127691896320365,2.389,-2.465719765823282,3052.75,0.9700674858633754,6.355,7.997332368269011
949,5.7182,-0.1507824075391528,-5526.0,0.3688796573743668,3001.53,-0.0903780189370175,7.5307,0.07982290558355443,3.1292,0.030592914440450602,11.24,0.17797464218845366,3.046,-1.1938844043689127,2.479,-1.7604661403875455,2740.5,-0.17092908233234572,5.999,6.8827392418502304
950,-5.1255,-1.4060873729071321,-5476.25,0.45386536850183895,3077.04,1.0823828997169418,3.6831,-0.892535550953624,1.8495,-0.810664862158797,5.47,-0.9175613893118695,3.046,-1.1938844043689127,2.479,-1.7604661403875455,2640.75,-0.5354267850626041,5.999,6.8827392418502304
951,-2.1309,-1.0594219128435975,-5261.75,0.8202861732624978,3062.47,0.8560933144330266,6.4533,-0.19245565795557562,2.6739,-0.2687152559788955,9.44,-0.16378703141649995,3.046,-1.1938844043689127,2.479,-1.7604661403875455,2645.75,-0.5171562235222403,5.999,6.8827392418502304
952,0.42,-0.764120730022496,-5444.75,0.5076754167534042,3071.15,0.9909041311979152,6.8146,-0.10114858072642412,3.2833,0.13189620691051712,10.38,0.014688509243864898,3.058,-1.0796169518160386,2.735,0.24558861640743024,2588.5,-0.7263541531594061,3.234,-1.7741427653068567
953,-1.1945,-0.9510209455012165,-5290.0,0.772027955386094,3075.67,1.0611051555962185,6.4728,-0.18752765351060327,2.7953,-0.18890850902324294,9.83,-0.08973866880209325,3.076,-0.9082157729867254,2.42,-2.222799072617639,2498.25,-1.0561377889629733,6.086,7.155125764317742
954,-3.5291,-1.2212824772798607,-6493.0,-1.2830034111736848,2971.86,-0.5511887255515475,5.8253,-0.35116267290134634,2.2727,-0.5324588052260771,8.72,-0.3004917008584811,2.908,-2.5079601087269623,2.393,-2.4343751602483605,2909.75,0.4475294258089699,6.063,7.0831155342401235
955,-3.4291,-1.209706124509423,-5743.25,-0.002238850011428668,2892.86,-1.7781535325130502,3.2658,-0.9979948460760288,1.5879,-0.9826372262741075,4.9,-1.0257859192867713,3.046,-1.1938844043689127,2.479,-1.7604661403875455,2621.5,-0.6057684469930048,5.999,6.8827392418502304
956,-2.1709,-1.0640524539517726,-5364.0,0.6456170483824168,2996.69,-0.16554902736352195,4.197,-0.7626636799653571,1.8102,-0.8365001599788722,6.06,-0.8055395074080236,3.058,-1.0796169518160386,2.735,0.24558861640743024,2582.5,-0.7482788270078428,3.234,-1.7741427653068567
957,-5.9573,-1.502379475251635,-5501.0,0.4115860448756091,2999.04,-0.12905070715644068,5.1833,-0.5134077423204306,2.6725,-0.2696355973770663,8.1,-0.418209610655743,3.058,-1.0796169518160386,2.735,0.24558861640743024,2551.75,-0.8606427804810803,3.234,-1.7741427653068567
958,-1.0464,-0.933876367048198,-5537.0,0.3500888468738202,3037.98,0.47573422427496415,4.9448,-0.5736810274550905,2.7028,-0.24971677997380212,7.69,-0.4960553251990934,3.046,-1.1938844043689127,2.479,-1.7604661403875455,2722.75,-0.2357895758006373,5.999,6.8827392418502304
959,4.2391,-0.32200824136670053,-5423.25,0.5444029100044726,3024.67,0.269013951102084,5.8338,-0.34901456839969186,2.9536,-0.08484419235866483,9.04,-0.23973406999537855,3.076,-0.9082157729867254,2.42,-2.222799072617639,2659.25,-0.46782570736325796,6.086,7.155125764317742
960,-1.6873,-1.008069211953935,-4682.0,1.8106472994163065,3034.43,0.4205984639621343,4.1093,-0.7848270640588987,2.1216,-0.6317899375572065,6.02,-0.8131342112659116,3.076,-0.9082157729867254,2.42,-2.222799072617639,2583.5,-0.74462471469977,6.086,7.155125764317742
961,1.0145,-0.6952993128022424,-6469.5,-1.2428594069225172,3044.39,0.5752892168398129,3.6118,-0.9105543569498556,1.6747,-0.9255760595875289,5.42,-0.9270547691342292,3.076,-0.9082157729867254,2.42,-2.222799072617639,2823.0,0.1305351830836575,6.086,7.155125764317742
962,-0.8727,-0.9137682422859473,-5305.0,0.7464041228853486,3040.48,0.5145622244952649,4.3145,-0.7329692942071915,2.1236,-0.6304751641312483,6.39,-0.7428832005804489,3.076,-0.9082157729867254,2.42,-2.222799072617639,2587.5,-0.7300082654674789,6.086,7.155125764317742
963,-4.2364,-1.3031620204251684,-5671.25,0.12075554599214912,3082.05,1.1601942121584277,3.5871,-0.9167964959134871,1.5767,-0.9899999574594726,5.52,-0.9080680094895097,3.058,-1.0796169518160386,2.735,0.24558861640743024,2510.0,-1.0132019693431182,3.234,-1.7741427653068567
964,-5.1391,-1.4076617568839118,-5614.75,0.21727198174495668,3101.48,1.4619654298706024,4.3478,-0.7245537789242388,2.2019,-0.5790017845049913,6.46,-0.7295924688291451,2.893,-2.650794424418056,2.415,-2.26197982958629,2631.25,-0.5701408519892954,6.003,6.8952627601245995
965,1.54,-0.634465578993591,-5459.75,0.48205158425265887,2947.91,-0.9231609676620327,5.5782,-0.4136093343553273,2.6772,-0.26654587982606487,8.65,-0.3137824326097849,2.893,-2.650794424418056,2.415,-2.26197982958629,2803.0,0.05745293692220217,6.003,6.8952627601245995
966,0.1082,-0.8002157979607215,-5504.75,0.4051800867504228,2928.24,-1.2286596733953599,8.686,0.3717882150849064,3.5888,0.3327278477256066,12.76,0.4665733887881921,3.046,-1.1938844043689127,2.479,-1.7604661403875455,2673.25,-0.4166681350502392,5.999,6.8827392418502304
967,-1.67,-1.006066502924649,-5648.25,0.160045422493292,3074.24,1.0388955394702022,6.8634,-0.0888159337051604,3.5341,0.2967687945256544,10.55,0.04696600063988827,3.076,-0.9082157729867254,2.42,-2.222799072617639,2767.75,-0.07135452193736283,6.086,7.155125764317742
968,-4.89,-1.3788250621327507,-5300.25,0.7545183365105846,2941.85,-1.0172800401960407,2.9432,-1.0795217298682354,1.4904,-1.0467324307895618,4.29,-1.1416051531195612,2.893,-2.650794424418056,2.415,-2.26197982958629,2498.75,-1.054310732808937,6.003,6.8952627601245995
969,-6.5282,-1.5684688732180652,-5121.5,1.059869007144467,2945.05,-0.9675801999140516,3.8322,-0.8548552708128369,1.4578,-1.0681632376326777,5.59,-0.8947772777382059,3.076,-0.9082157729867254,2.42,-2.222799072617639,2532.5,-0.930984442411481,6.086,7.155125764317742
970,7.03,0.0010761881034521187,-5491.75,0.42738740825106875,3066.18,0.9137140667599535,6.4358,-0.19687822604721714,2.6789,-0.2654283224140005,9.74,-0.10682675248234089,3.058,-1.0796169518160386,2.735,0.24558861640743024,2649.75,-0.5025397742899492,3.234,-1.7741427653068567
971,-2.6355,-1.1178361889232273,-5409.0,0.5687455508801808,3087.64,1.2470136206510154,6.1127,-0.2785314689277563,2.922,-0.10561761248880151,8.98,-0.2511261257822101,2.893,-2.650794424418056,2.415,-2.26197982958629,2649.25,-0.5043668304439856,6.003,6.8952627601245995
972,1.3936,-0.6514133594495122,-5274.25,0.7989329795118767,3043.12,0.5555645927279005,6.4565,-0.19164695979024673,2.527,-0.36528536411551304,9.82,-0.09163734476656517,3.058,-1.0796169518160386,2.735,0.24558861640743024,2537.5,-0.9127138808711172,3.234,-1.7741427653068567
973,-3.7045,-1.2415874000392089,-5339.0,0.6883234358836591,2971.54,-0.5561587095797486,6.9715,-0.06149709880764807,2.9395,-0.09411334501166897,10.29,-0.0023995744363830866,3.076,-0.9082157729867254,2.42,-2.222799072617639,2529.0,-0.9437738354897357,6.086,7.155125764317742
974,-0.45,-0.8648349991253061,-5966.75,-0.3840339542725347,2931.17,-1.1831532571371628,5.1544,-0.5207112976260562,2.0055,-0.7081125349340702,7.37,-0.5568129560621963,2.893,-2.650794424418056,2.415,-2.26197982958629,2376.5,-1.5010259624708326,6.003,6.8952627601245995
975,-1.4564,-0.9813394134069936,-6351.0,-1.0404311301666287,3055.54,0.7484620978223555,3.5747,-0.9199302013041362,1.5864,-0.9836233063435761,5.33,-0.944142852814477,2.893,-2.650794424418056,2.415,-2.26197982958629,3131.25,1.2569153020470876,6.003,6.8952627601245995
976,-2.6364,-1.1179403760981614,-5623.5,0.2023247461195219,2949.99,-0.8908560714787436,3.7718,-0.8701194486834173,1.6556,-0.9381321458054281,5.71,-0.8719931661645424,2.901,-2.5746161227161397,2.456,-1.9406976224433452,2785.25,-0.007407556546089427,5.902,6.5790439236968
977,3.9818,-0.35179419704503734,-5303.0,0.7498206338854481,2927.94,-1.2333190334217916,5.3483,-0.471709243170666,2.3412,-0.4874278153870143,8.04,-0.4296016664425749,3.058,-1.0796169518160386,2.735,0.24558861640743024,2712.25,-0.27415775503540135,3.234,-1.7741427653068567
978,-4.2327,-1.3027336953726623,-5675.0,0.11434958786696278,3041.48,0.5300934245833852,7.7983,0.14745028965917267,3.0468,-0.023575750709020234,11.51,0.2292388932291966,2.901,-2.5746161227161397,2.456,-1.9406976224433452,2669.75,-0.4294575281284939,5.902,6.5790439236968
979,-0.8045,-0.9058731696965087,-5439.25,0.5170708220036776,3188.9,2.819702941574079,5.2201,-0.5041077134191497,2.5895,-0.32419869455432454,7.99,-0.43909504626493456,2.893,-2.650794424418056,2.415,-2.26197982958629,2668.75,-0.4331116404365667,6.003,6.8952627601245995
980,-0.0164,-0.8146399335126872,-5949.25,-0.3541394830216651,3083.31,1.1797635242694557,4.2753,-0.7428758467324689,1.9898,-0.7184335063278409,6.11,-0.7960461275856637,2.901,-2.5746161227161397,2.456,-1.9406976224433452,2624.75,-0.5938925819917684,5.902,6.5790439236968
981,0.7827,-0.7221332985241176,-6189.75,-0.7649749307836159,3075.1,1.0522523715459875,6.5144,-0.1770145773613293,2.9162,-0.10943045542407998,9.7,-0.11442145634022892,2.901,-2.5746161227161397,2.456,-1.9406976224433452,2875.0,0.3205490231034413,5.902,6.5790439236968
982,-0.4409,-0.8637815510231963,-5125.75,1.0526089212692558,3012.68,0.08279486204551806,6.1962,-0.2574295011762088,2.4829,-0.3942761181578879,8.97,-0.253024801746682,2.901,-2.5746161227161397,2.456,-1.9406976224433452,2624.25,-0.5957196381458048,5.902,6.5790439236968
983,2.1136,-0.568063619502359,-5387.0,0.6063271718812739,2981.7,-0.3983617166844487,7.4407,0.05707826968368262,2.8625,-0.14473212191105322,10.77,0.08873687185827125,2.901,-2.5746161227161397,2.456,-1.9406976224433452,2606.75,-0.6596666035370782,5.902,6.5790439236968
984,-1.66,-1.0049088676476052,-5145.25,1.0192979390182868,3000.77,-0.10218173100399229,1.942,-1.3325431683454738,0.8945,-1.4384691730537578,2.9,-1.4055211121811642,2.901,-2.5746161227161397,2.456,-1.9406976224433452,2601.25,-0.6797642212314784,5.902,6.5790439236968
985,3.0982,-0.454082850124627,-5548.25,0.3308709724982612,3058.91,0.8008022421193193,4.8741,-0.5915482025453228,2.2029,-0.5783443977920124,7.05,-0.6175705869252992,3.058,-1.0796169518160386,2.735,0.24558861640743024,2700.25,-0.31800710273227456,3.234,-1.7741427653068567
986,1.4009,-0.6505682856972702,-5648.0,0.16047248636830444,2999.96,-0.11476200307536888,4.8971,-0.5857356844820224,2.3113,-0.5070836781050869,7.07,-0.6137732349963552,2.783,-3.6982460728193995,2.381,-2.5284089769731253,2452.0,-1.2251404832113386,5.854,6.428761704404381
987,1.1855,-0.6755037495647935,-6445.0,-1.2010071471712997,3079.44,1.1196577799284317,4.5385,-0.6763604226341776,2.0701,-0.6656453532756258,6.9,-0.6460507263923786,2.783,-3.6982460728193995,2.381,-2.5284089769731253,2984.75,0.7215878489144274,5.854,6.428761704404381
988,-2.6655,-1.1213090947543587,-5441.5,0.5132272471285657,3234.24,3.5238875535694483,2.2386,-1.2575869571465637,1.0725,-1.321454338143493,3.31,-1.3276753976378135,2.901,-2.5746161227161397,2.456,-1.9406976224433452,2566.0,-0.8085716800910434,5.902,6.5790439236968
989,-1.31,-0.9643916329510724,-5482.5,0.44318877162652837,2994.15,-0.2049982755873469,8.1214,0.22910353253971164,3.3904,0.2023023238705698,11.72,0.269111088483108,2.901,-2.5746161227161397,2.456,-1.9406976224433452,2668.75,-0.4331116404365667,5.902,6.5790439236968
990,-3.8836,-1.2623206478510633,-5307.5,0.7421334841352244,3043.23,0.5572730247375957,6.528,-0.17357761015868217,3.2564,0.11421250433138164,9.74,-0.10682675248234089,2.783,-3.6982460728193995,2.381,-2.5284089769731253,2653.25,-0.48975038121169456,5.854,6.428761704404381
991,-1.5945,-0.9973263565829684,-5648.25,0.160045422493292,2940.53,-1.037781224312355,7.0549,-0.040420402873767,3.3956,0.2057207347780606,11.01,0.13430509500559842,2.901,-2.5746161227161397,2.456,-1.9406976224433452,2577.75,-0.7656358604711884,5.902,6.5790439236968
992,-1.7155,-1.0113337434351983,-5471.75,0.46155251825206256,3040.06,0.5080391204582532,4.2076,-0.7599848672927055,2.007,-0.7071264548646017,6.3,-0.7599712842606965,2.783,-3.6982460728193995,2.381,-2.5284089769731253,2776.25,-0.04029456731874432,5.854,6.428761704404381
993,-3.2882,-1.1933950434558758,-5399.25,0.5854010420056652,2966.26,-0.6381634460450197,4.5105,-0.6834365315808042,2.2065,-0.5759778056252879,6.66,-0.6916189495397057,2.783,-3.6982460728193995,2.381,-2.5284089769731253,2654.25,-0.4860962689036218,5.854,6.428761704404381
994,-2.9182,-1.1505625382052556,-5707.0,0.05968541186537265,3086.92,1.235831156587572,5.7046,-0.3816657568248409,2.4905,-0.3892799791392473,8.34,-0.37264138750841586,2.783,-3.6982460728193995,2.381,-2.5284089769731253,2594.5,-0.7044294793109696,5.854,6.428761704404381
995,3.3655,-0.4231392591692464,-5420.25,0.5495276765046216,2982.4,-0.3874898766227603,5.8156,-0.3536140392149993,2.53805,-0.3580212409370949,8.6,-0.32327581243214487,3.058,-1.0796169518160386,2.735,0.24558861640743024,2918.25,0.4785893804275885,3.234,-1.7741427653068567
996,-3.0882,-1.170242337915,-5525.0,0.3705879128744165,2901.62,-1.64210021974112,6.6096,-0.1529558069427984,2.9604,-0.08037396271040743,10.05,-0.04796779758370992,2.783,-3.6982460728193995,2.381,-2.5284089769731253,2691.5,-0.3499805854279112,5.854,6.428761704404381
997,-0.0045,-0.8132623475330051,-5327.5,0.7079683741342305,3053.64,0.7189528176549256,7.5303,0.07972181831288834,2.9927,-0.05914037188118505,11.06,0.14379847482795838,2.783,-3.6982460728193995,2.381,-2.5284089769731253,2618.25,-0.6176443119942413,5.854,6.428761704404381
998,-5.8564,-1.490698935306263,-5194.75,0.9347392917658272,2938.84,-1.0640289524612792,4.6662,-0.6440883114740265,2.6277,-0.2990865221185262,6.98,-0.6308613186766029,2.783,-3.6982460728193995,2.381,-2.5284089769731253,2469.0,-1.1630205739741017,5.854,6.428761704404381
999,3.9673,-0.35347276819675083,-6411.0,-1.14292646016961,3045.11,0.5864716809032635,5.5115,-0.4304656367388988,2.0327,-0.6902316163410409,8.13,-0.4125135827623269,2.783,-3.6982460728193995,2.381,-2.5284089769731253,2936.25,0.5443634019728982,5.854,6.428761704404381
1000,0.7,-0.7317069422652698,-5339.5,0.6874693081336343,3033.11,0.40009727984582005,3.952,-0.8245796332483409,1.6826,-0.9203827045549946,5.88,-0.8397156747685189,3.06,-1.0605723763905575,2.411,-2.2933244351612116,2642.5,-0.5290320885234768,5.675,5.868334261626399
1001,-6.6618,-1.5839348805193705,-5443.25,0.5102378000034787,3022.6,0.23686436691967244,5.7503,-0.3701165361512394,2.5969,-0.31933403287827977,9.07,-0.23403804210196244,3.06,-1.0605723763905575,2.411,-2.2933244351612116,2609.25,-0.6505313227668963,5.675,5.868334261626399
1002,2.6345,-0.5077623979211477,-5776.75,-0.059465409263093336,2976.58,-0.4778814611356229,4.0633,-0.7964521001854997,1.8762,-0.7931126369222571,6.14,-0.7903500996922479,3.06,-1.0605723763905575,2.411,-2.2933244351612116,2739.25,-0.17549672271743666,5.675,5.868334261626399
1003,-0.6327,-0.8859849956368963,-5352.75,0.6648349227579758,2917.47,-1.395930698344415,3.0271,-1.0583186748460218,1.4008,-1.1056342802724815,4.51,-1.099834281901178,3.06,-1.0605723763905575,2.411,-2.2933244351612116,2497.25,-1.059791901271046,5.675,5.868334261626399
1004,-5.8818,-1.4936393289099543,-5352.5,0.6652619866329883,3071.03,0.9890403871873424,3.9671,-0.8207635887806959,1.6822,-0.9206456592401864,5.81,-0.8530064065198227,3.06,-1.0605723763905575,2.411,-2.2933244351612116,2645.5,-0.5180697515992585,5.675,5.868334261626399
1005,-2.2636,-1.0747837329699688,-5187.75,0.9466970802661749,2945.22,-0.964939895899077,3.5046,-0.9376457454883695,1.4049,-1.1029389947492676,5.09,-0.9897110759618041,3.074,-0.9272603484122065,2.856,1.1937629350488062,2499.25,-1.0524836766549006,3.265,-1.6770854986805017
1006,0.7382,-0.7272847755069625,-5546.25,0.33428748349836057,3072.86,1.0174624833486015,5.8034,-0.3566972009703152,2.7265,-0.23413671487619925,8.41,-0.35935065575711206,3.06,-1.0605723763905575,2.411,-2.2933244351612116,2621.25,-0.6066819750700231,5.675,5.868334261626399
1007,4.9082,-0.24455086497970022,-5588.0,0.2629678163712859,3075.12,1.0525629955477496,3.0357,-1.0561452985267008,1.4577,-1.0682289763039756,4.5,-1.1017329578656498,3.293,1.1581206606777463,2.884,1.413175174073257,2739.75,-0.17366966656340027,3.541,-0.8129627377490897
1008,-1.1764,-0.9489256256497672,-6347.75,-1.034879299791467,3004.57,-0.04316317066913238,2.9801,-1.070196429149288,1.4718,-1.0589598236509714,4.35,-1.1302130973327293,3.074,-0.9272603484122065,2.856,1.1937629350488062,3123.75,1.229509459736542,3.265,-1.6770854986805017
1009,-3.1182,-1.1737152437461313,-6335.25,-1.013526106040846,3055.47,0.7473749138161846,3.6399,-0.9034529761855625,1.5202,-1.027142306742787,5.2,-0.9688256403526124,3.074,-0.9272603484122065,2.856,1.1937629350488062,3129.25,1.249607077430942,3.265,-1.6770854986805017
1010,-2.5191,-1.1043613142984376,-5383.25,0.6127331300064602,2965.5,-0.6499671581119946,7.4066,0.04846057985939803,3.579,0.32628545793841235,10.48,0.033675268888584464,3.074,-0.9272603484122065,2.856,1.1937629350488062,2794.5,0.026392982303583657,3.265,-1.6770854986805017
1011,-0.9,-0.9169285865922769,-5475.75,0.4547194962518638,2957.7,-0.7711105187993356,4.7778,-0.6158849629581855,2.2309,-0.5599375698285999,7.11,-0.6061785311384673,2.85,-3.0602527960658517,2.378,-2.5519174311543136,2637.5,-0.5473026500638406,5.904,6.585305682833984
1012,2.23,-0.5545887448775692,-5333.75,0.69729177725892,2992.4,-0.2321778757415574,2.0773,-1.2983503990426668,1.1579,-1.2653135128550848,3.12,-1.3637502409627809,3.06,-1.0605723763905575,2.411,-2.2933244351612116,2605.75,-0.663320715845151,5.675,5.868334261626399
1013,-1.0909,-0.9390278440310429,-5346.25,0.6759385835082988,2933.15,-1.1524014809626844,5.7275,-0.3758785105792069,2.3853,-0.4584370613446398,8.59,-0.3251744883966168,2.85,-3.0602527960658517,2.378,-2.5519174311543136,2704.25,-0.30339065349998345,5.904,6.585305682833984
1014,-6.0845,-1.5171045959756322,-5291.0,0.7703196998860443,3099.58,1.4324561497031725,5.4246,-0.4524268462911082,2.3348,-0.49163509035008013,8.07,-0.4239056385491588,3.141,-0.2892670716586585,2.701,-0.020840530979401202,2636.0,-0.5527838185259497,5.985,6.838906927889943
1015,0.4382,-0.7620138338182763,-6403.0,-1.1292604161692126,2990.68,-0.25889153989312824,5.5751,-0.4143927607029895,2.6027,-0.3155211899430016,7.92,-0.45238577801623836,3.074,-0.9272603484122065,2.856,1.1937629350488062,3095.5,1.1262807870334863,3.265,-1.6770854986805017
1016,2.6227,-0.5091284075480594,-5984.0,-0.4135013616483919,3061.73,0.844600226367821,4.3681,-0.7194235999379345,2.1894,-0.5872191184172291,6.63,-0.6973149774331217,3.141,-0.2892670716586585,2.701,-0.020840530979401202,2737.75,-0.18097789117954582,5.985,6.838906927889943
1017,-6.3391,-1.5465779901291672,-4951.25,1.350699506027927,3053.34,0.7142934576284937,2.5684,-1.1742405024823674,1.2924,-1.176894999959407,3.91,-1.2137548397694957,3.141,-0.2892670716586585,2.701,-0.020840530979401202,2557.25,-0.8405451627866801,5.985,6.838906927889943
1018,-2.67,-1.1218300306290285,-5167.0,0.9821433818922061,2972.6,-0.539695637486342,7.8399,0.15796336580844664,3.4212,0.22254983463032332,11.67,0.25961770866074807,3.141,-0.2892670716586585,2.701,-0.020840530979401202,2571.5,-0.7884740623966432,5.985,6.838906927889943
1019,-2.3891,-1.0893120556968683,-5135.0,1.036807557893796,3083.8,1.1873738123126383,5.9176,-0.3278367851951447,2.4574,-0.4110394793388528,8.61,-0.32137713646767296,3.06,-1.0605723763905575,2.411,-2.2933244351612116,2497.5,-1.0588783731940279,5.675,5.868334261626399
1020,-3.9218,-1.2667428146093707,-5740.75,0.0020317887386955605,2994.92,-0.19303925151949455,6.2586,-0.2416598869522977,2.6882,-0.2593146259832956,9.42,-0.1675843833454438,3.107,-0.6130248538917996,3.018,2.4632194608331273,2727.0,-0.22025959849132803,3.431,-1.1573594902942175
1021,-5.52,-1.4517560845865098,-5834.5,-0.15811716439096302,3026.09,0.2910682552272159,3.7167,-0.884044220217672,1.8028,-0.841364821654917,5.4,-0.9308521210631732,3.107,-0.6130248538917996,3.018,2.4632194608331273,2765.0,-0.08140333078456294,3.431,-1.1573594902942175
1022,-0.0636,-0.8201039720203339,-5176.25,0.9663420185167464,2994.06,-0.20639608359528,10.0705,0.7216765306779314,3.6058,0.34390342184624983,15.35,0.9583304635864307,3.074,-0.9272603484122065,2.856,1.1937629350488062,2621.0,-0.6075955031470412,3.265,-1.6770854986805017
1023,-1.5991,-0.9978588688104085,-5159.75,0.9945282342675663,2978.33,-0.4507018609814124,6.0422,-0.29634810038265574,3.1998,0.07700441637676932,9.2,-0.20935525456382711,3.074,-0.9272603484122065,2.856,1.1937629350488062,2609.75,-0.6487042666128598,3.265,-1.6770854986805017
1024,-2.2191,-1.0696322559871236,-5245.75,0.8476182612632929,3044.47,0.5765317128468614,3.8687,-0.8456310573645555,2.1802,-0.593267076176636,5.73,-0.8681958142355983,3.107,-0.6130248538917996,3.018,2.4632194608331273,2563.25,-0.8186204889382435,3.431,-1.1573594902942175
1025,2.9864,-0.46702521252197665,-5327.5,0.7079683741342305,2975.13,-0.5004017012633944,5.9771,-0.3128000536835629,3.2441,0.1061266477617396,8.89,-0.2682142094624577,3.017,-1.4700307480383572,2.789,0.6687407916688729,2586.25,-0.7345759058525698,3.082,-2.2500364597328524
1026,0.2464,-0.7842172784319762,-5313.5,0.7318839511349262,3014.07,0.10438323016801035,6.4316,-0.19793964238921113,2.597,-0.319268294206982,9.52,-0.1485976237007242,3.252,0.7677068644554235,2.852,1.1624183294738848,2518.0,-0.9839690708785361,2.956,-2.6445272853754536
1027,0.7136,-0.7301325582884902,-5450.25,0.49828001150313095,3064.09,0.8812538585757869,4.1454,-0.7757039378812834,1.9684,-0.7325015819855918,5.95,-0.8264249430172151,3.252,0.7677068644554235,2.852,1.1624183294738848,2680.0,-0.39200287697074804,2.956,-2.6445272853754536
1028,-3.9555,-1.2706440454930081,-5428.75,0.5350075047541993,3070.16,0.9755282431106724,4.0088,-0.8102252408137554,1.7171,-0.8977028629572186,5.84,-0.8473103786264068,3.252,0.7677068644554235,2.852,1.1624183294738848,2611.0,-0.6441366262277689,2.956,-2.6445272853754536
1029,0.5609,-0.747809648968949,-5580.75,0.2753526687466462,3017.86,0.16324647850198568,14.089,1.7372245236071997,5.9275,1.8701581533696328,21.24,2.076650606660417,2.894,-2.641272136705313,2.407,-2.3246690407361332,2652.0,-0.4943180215967855,5.76,6.134459024956724
1030,-2.5682,-1.1100453035087225,-5573.0,0.2885916488720313,3073.48,1.0270918274032343,3.2156,-1.0106812985446239,1.5813,-0.9869759785797692,4.75,-1.0542660587538508,3.266,0.9010188924337786,2.753,0.38663934149457896,2630.75,-0.5719679081433318,3.108,-2.1686335909494576
1031,-1.2991,-0.9631298104990946,-5334.5,0.6960105856338827,3027.61,0.3146756793611585,3.3779,-0.9696651384718554,1.4801,-1.0535035139332456,4.97,-1.0124951875354677,3.266,0.9010188924337786,2.753,0.38663934149457896,2726.75,-0.22117312656834623,3.108,-2.1686335909494576
1032,-2.7282,-1.1285674679414233,-5181.75,0.9569466132664731,2950.97,-0.8756354953923854,2.8666,-1.0988799422007927,1.6463,-0.944245842236133,4.24,-1.151098532941921,3.266,0.9010188924337786,2.753,0.38663934149457896,2688.25,-0.3618564504291477,3.108,-2.1686335909494576
1033,-5.4691,-1.445863721026357,-5450.0,0.49870707537814335,3093.12,1.3321245971339148,4.6156,-0.6568758512132876,1.9698,-0.7315812405874211,6.9,-0.6460507263923786,3.252,0.7677068644554235,2.852,1.1624183294738848,2675.0,-0.41027343851111187,2.956,-2.6445272853754536
1034,-2.1,-1.055844819837532,-5626.25,0.19762704349438523,2988.76,-0.28871144406231325,6.5737,-0.1620283894850807,2.9149,-0.11028505815095274,9.98,-0.06125852933501372,3.252,0.7677068644554235,2.852,1.1624183294738848,2731.0,-0.20564314925903698,2.956,-2.6445272853754536
1035,-1.9827,-1.0422657580378085,-6171.0,-0.7329451401576842,2990.69,-0.25873622789224365,3.8989,-0.8379989684292652,2.1012,-0.6452006265019784,5.95,-0.8264249430172151,3.266,0.9010188924337786,2.753,0.38663934149457896,2629.0,-0.5783626046824591,3.108,-2.1686335909494576
1036,-1.0545,-0.9348140516226033,-5693.75,0.08231979724103106,2978.77,-0.4438681329426386,9.2151,0.505501402358485,3.9688,0.5825347986576328,14.15,0.7304893478497951,3.017,-1.4700307480383572,2.789,0.6687407916688729,2826.25,0.14241104808489397,3.082,-2.2500364597328524
1037,-3.2055,-1.1838213997147236,-5715.5,0.045165240114950274,3036.99,0.4603583361877214,5.6108,-0.4053707217960404,2.6746,-0.2682550852798104,8.55,-0.33276919225450446,3.017,-1.4700307480383572,2.789,0.6687407916688729,2561.75,-0.8241016574003527,3.082,-2.2500364597328524
1038,1.4609,-0.6436224740350074,-5663.5,0.13399452611753424,3006.75,-0.009305154477032698,5.8149,-0.35379094193866495,2.8486,-0.15386979722146155,8.87,-0.2720115613914019,3.266,0.9010188924337786,2.753,0.38663934149457896,2665.25,-0.44590103351482135,3.108,-2.1686335909494576
1039,-3.1227,-1.174236179620801,-5329.25,0.7049789270091437,2960.63,-0.7256041025411386,3.3196,-0.984398608171439,1.5213,-1.02641918135851,4.85,-1.0352792991091313,3.107,-0.6130248538917996,3.018,2.4632194608331273,2632.5,-0.5655732116042045,3.431,-1.1573594902942175
1040,-3.7509,-1.2469588277246921,-5720.25,0.037051026489714235,3021.61,0.22148847883243675,3.369,-0.971914330244176,1.5594,-1.0013727475940095,4.95,-1.0162925394644116,3.273,0.9676749064229563,2.658,-0.35779504090980874,2615.25,-0.6286066489184596,5.97,6.79194373436106
1041,-3.2945,-1.1941243536804136,-5337.0,0.6917399468837585,2960.56,-0.7266912865473096,5.854,-0.343909661231054,2.3857,-0.45817410665944824,8.48,-0.34605992400580826,3.074,-0.9272603484122065,2.856,1.1937629350488062,2619.0,-0.6149037277631868,3.265,-1.6770854986805017
1042,-1.56,-0.9933325148771673,-5122.5,1.0581607516444174,2978.15,-0.4534974769972715,2.587,-1.1695399443963939,1.1253,-1.2867443196982007,3.86,-1.2232482195918557,3.273,0.9676749064229563,2.658,-0.35779504090980874,2561.0,-0.8268422416314072,5.97,6.79194373436106
1043,-1.0409,-0.933239667645824,-5730.75,0.019114343739192477,3053.48,0.7164678256408286,4.9073,-0.5831579590800369,2.51,-0.37646093823615656,7.32,-0.5663063358845561,3.279,1.0248086326993913,2.745,0.32395013034473585,2761.5,-0.09419272386281761,3.012,-2.4691980295342972
1044,-1.24,-0.9562881860117659,-5287.5,0.7762985941362183,3031.22,0.3707433116792676,6.5927,-0.1572267441284411,3.4391,0.23431705679264772,9.94,-0.06885323319290175,3.323,1.4437892920599293,2.846,1.1154014211115042,2566.25,-0.8076581520140251,2.897,-2.8292491799223867
1045,-4.4882,-1.3323112767011314,-5621.5,0.20574125711962127,2935.34,-1.1183881527697002,4.3095,-0.7342328850905177,1.9491,-0.7451891455460867,6.45,-0.731491144793617,3.279,1.0248086326993913,2.745,0.32395013034473585,2643.0,-0.5272050323694404,3.012,-2.4691980295342972
1046,1.4409,-0.645937744589095,-5596.25,0.24887470849587598,2972.34,-0.5437337495092496,5.942,-0.3216704616845128,2.7457,-0.22151488998700236,8.77,-0.2909983210361215,3.017,-1.4700307480383572,2.789,0.6687407916688729,2709.75,-0.28329303580558324,3.082,-2.2500364597328524
1047,-0.0509,-0.8186337752184883,-5650.5,0.1562018476181802,3051.68,0.6885116654822092,3.5047,-0.9376204736707029,1.6441,-0.9456920930046869,5.21,-0.9669269643881405,3.246,0.7105731381789885,2.858,1.2094352378362687,2705.25,-0.29973654119191073,2.959,-2.635134646669677
1048,1.7318,-0.6122621343798911,-5295.0,0.7634866778858456,3056.49,0.763216737906067,3.7079,-0.8862681401723261,2.1321,-0.6248873770709269,5.62,-0.88908124984479,3.06,-1.0605723763905575,2.411,-2.2933244351612116,2713.75,-0.2686765865732922,5.675,5.868334261626399
1049,-0.2436,-0.8409414070071222,-5344.25,0.6793550945083983,3034.13,0.41593910393570244,6.4864,-0.18409068630795614,3.151,0.044923944783393045,9.82,-0.09163734476656517,3.017,-1.4700307480383572,2.789,0.6687407916688729,2619.75,-0.6121631435321322,3.082,-2.2500364597328524
1050,0.38,-0.7687512711306712,-5412.25,0.5631937205050193,3090.72,1.2948497169224247,8.6495,0.36256400163662506,3.631,0.360469567013321,12.73,0.4608773608947763,2.894,-2.641272136705313,2.407,-2.3246690407361332,2641.25,-0.5335997289085678,5.76,6.134459024956724
1051,-2.1409,-1.0605795481206413,-5336.75,0.692167010758771,3012.45,0.07922268602525011,4.4298,-0.7038308884376892,2.0725,-0.6640676251644763,6.62,-0.6992136533975936,3.246,0.7105731381789885,2.858,1.2094352378362687,2522.25,-0.9684390935692269,2.959,-2.635134646669677
1052,-2.0655,-1.0518509781317311,-5407.5,0.5713079341302553,2990.29,-0.2649487079274932,3.8622,-0.8472737255128795,1.9484,-0.7456493162451722,5.78,-0.8587024344132386,3.252,0.7677068644554235,2.852,1.1624183294738848,2573.5,-0.7811658377804976,2.956,-2.6445272853754536
1053,-4.3955,-1.3215799976829352,-5535.5,0.35265123012389477,2997.67,-0.15032845127716377,5.4073,-0.45679887074741676,2.6148,-0.30756681071595565,8.13,-0.4125135827623269,3.252,0.7677068644554235,2.852,1.1624183294738848,2649.25,-0.5043668304439856,2.956,-2.6445272853754536
1054,-1.9291,-1.0360608329528538,-5490.25,0.42994979150114326,3040.28,0.5114559844776436,4.0911,-0.7894265348742061,2.0412,-0.6846438292807194,6.14,-0.7903500996922479,3.323,1.4437892920599293,2.846,1.1154014211115042,2637.0,-0.5491297062178769,2.897,-2.8292491799223867
1055,-4.6591,-1.3520952635858097,-5358.5,0.6550124536326901,2995.73,-0.18045897944811798,5.8666,-0.34072541220507196,2.3036,-0.5121455557950255,8.61,-0.32137713646767296,3.279,1.0248086326993913,2.745,0.32395013034473585,2714.5,-0.26593600234223763,3.012,-2.4691980295342972
1056,-0.5327,-0.8744086428664584,-5479.25,0.4487406020016899,2908.22,-1.5395942991595277,6.4537,-0.19235457068490933,2.9847,-0.06439946558501719,9.28,-0.19416584684805138,3.017,-1.4700307480383572,2.789,0.6687407916688729,2604.5,-0.6678883562302419,3.082,-2.2500364597328524
1057,-1.0827,-0.938078583103867,-5278.0,0.7925270213866903,3005.31,-0.03167008260392676,5.5896,-0.41072834714134354,2.3957,-0.4516002395296579,8.3,-0.3802360913663036,3.246,0.7105731381789885,2.858,1.2094352378362687,2609.5,-0.649617794689878,2.959,-2.635134646669677
1058,-0.3727,-0.8558864784337575,-5611.75,0.22239674824510577,3005.52,-0.028408530585420932,6.8759,-0.08565695649684507,3.3269,0.16055826759640232,10.44,0.026080565030696435,3.246,0.7105731381789885,2.858,1.2094352378362687,2629.5,-0.5765355485284227,2.959,-2.635134646669677
1059,-1.0473,-0.933980554223132,-5320.0,0.7207802903846032,3208.56,3.1250463353065214,4.6312,-0.6529334476573099,2.2744,-0.5313412478140127,6.99,-0.6289626427121309,3.017,-1.4700307480383572,2.789,0.6687407916688729,2619.0,-0.6149037277631868,3.082,-2.2500364597328524
1060,0.9736,-0.7000340410853515,-5511.5,0.39364936212508733,3063.64,0.8742648185361285,5.374,-0.4652143860303694,2.8289,-0.16682031546714807,8.06,-0.42580431451363077,3.323,1.4437892920599293,2.846,1.1154014211115042,2797.5,0.037355319227801956,2.897,-2.8292491799223867
1061,-3.9509,-1.270111533265568,-5535.0,0.35350535787391957,3150.47,2.222838922187612,4.1335,-0.7787112841835999,2.0521,-0.6774783141092482,6.14,-0.7903500996922479,3.252,0.7677068644554235,2.852,1.1624183294738848,2677.0,-0.40296521389496637,2.956,-2.6445272853754536
1062,1.0027,-0.6966653224291541,-5477.0,0.4525841768768017,3244.74,3.686965154494711,7.1443,-0.017827397879894426,2.7473,-0.22046307124623576,10.4,0.018485861172808742,3.017,-1.4700307480383572,2.789,0.6687407916688729,2657.75,-0.47330687582536707,3.082,-2.2500364597328524
1063,2.8109,-0.4873417116340952,-5408.75,0.5691726147551931,2940.74,-1.0345196722938563,5.9339,-0.32371747891550123,2.5551,-0.34681279748080285,8.8,-0.2853022931427054,3.017,-1.4700307480383572,2.789,0.6687407916688729,2785.0,-0.008321084623107619,3.082,-2.2500364597328524
1064,-3.6145,-1.2311686825458148,-5699.25,0.07292439199075776,2981.49,-0.40162326870295456,3.0022,-1.064611357444986,1.5874,-0.9829659196305971,4.5,-1.1017329578656498,3.246,0.7105731381789885,2.858,1.2094352378362687,2646.0,-0.516242695445222,2.959,-2.635134646669677
1065,-5.76,-1.479539331235561,-5301.75,0.7519559532605101,3026.53,0.2979019832659897,3.5226,-0.9330968183083951,1.6535,-0.9395126579026841,5.19,-0.9707243163170843,3.252,0.7677068644554235,2.852,1.1624183294738848,2642.0,-0.5308591446775132,2.956,-2.6445272853754536
1066,-1.6109,-0.9992248784373201,-5377.75,0.6221285352567336,3054.95,0.7392986897703623,5.824,-0.35149120653101124,2.7454,-0.2217121060008959,8.56,-0.33087051629003256,3.114,-0.5463688399026262,2.768,0.5041816124005322,2539.5,-0.9054056562549717,2.788,-3.1705150528989225
1067,2.32,-0.5441700273841751,-5228.25,0.8775127325141625,3060.97,0.8327965143008461,4.7428,-0.624730099141469,1.7957,-0.8460322673170679,6.81,-0.6631388100726264,3.074,-0.9272603484122065,2.856,1.1937629350488062,2544.5,-0.8871350947146078,3.265,-1.6770854986805017
1068,-1.2491,-0.9573416341138757,-5234.25,0.8672631995138643,2996.61,-0.16679152337057043,3.8315,-0.8550321735365024,1.6323,-0.9534492562178392,5.7,-0.8738918421290143,3.287,1.1009869344013072,2.924,1.7266212298224726,2552.75,-0.8569886681730076,2.96,-2.6320037671010854
1069,0.1873,-0.7910589029193051,-5359.25,0.6537312620076529,2994.22,-0.203911091581183,3.4793,-0.9440395153580001,1.7606,-0.8691065409426315,5.2,-0.9688256403526124,3.539,3.500603438011663,3.156,3.5446083531679227,2569.75,-0.7948687589357705,2.418,-4.328940493277989
1070,4.8791,-0.2479195836358976,-5684.5,0.0981211606164907,2945.66,-0.9581061678603033,3.1537,-1.0263245536802024,1.5234,-1.025038669261254,4.55,-1.09223957804329,3.287,1.1009869344013072,2.924,1.7266212298224726,2586.75,-0.7327488496985335,2.96,-2.6320037671010854
1071,-2.0209,-1.0466879247961156,-5685.5,0.09641290511644102,3160.57,2.3797040430776324,2.5282,-1.1843997731843101,1.1722,-1.2559128828594848,3.66,-1.2612217388812947,3.154,-0.165477331393046,2.803,0.7784469111810965,2649.5,-0.5034533023669674,2.941,-2.6914904789043352
1072,-0.7391,-0.8983022349846421,-5534.0,0.3552136133739693,3180.09,2.6828730687977402,5.1621,-0.5187653676657338,2.548,-0.3514802431429538,7.92,-0.45238577801623836,3.233,0.586783397913376,2.816,0.8803168792995908,2797.5,0.037355319227801956,2.765,-3.242525282976539
1073,-2.8727,-1.1452952976947062,-5685.0,0.09726703286646586,3069.3,0.9621714110348941,3.7156,-0.8843222102120039,1.6704,-0.9284028224533386,5.6,-0.892878601773734,3.158,-0.12738818054208798,2.758,0.42582009846323,2531.75,-0.9337250266425356,2.964,-2.619480248826717
1074,2.6036,-0.5113394909272131,-5499.25,0.41457549200069604,3136.15,2.000432136925734,4.3881,-0.7143692364046298,1.9875,-0.7199454957676925,6.45,-0.731491144793617,3.287,1.1009869344013072,2.924,1.7266212298224726,2658.5,-0.4705662915943125,2.96,-2.6320037671010854
1075,-5.9418,-1.500585140572217,-5761.5,-0.03341451288733554,2988.21,-0.2972536041107823,7.3721,0.03974180276444714,3.4666,0.2523951913995709,11.04,0.1400011228990142,3.158,-0.12738818054208798,2.758,0.42582009846323,2535.75,-0.9191085774102445,2.964,-2.619480248826717
1076,-4.9891,-1.3902972277282546,-5523.0,0.3740044238745159,3068.67,0.9523867549793766,2.4393,-1.20686641908985,1.0902,-1.309818593323764,3.66,-1.2612217388812947,3.287,1.1009869344013072,2.924,1.7266212298224726,2603.5,-0.6715424685383147,2.96,-2.6320037671010854
1077,-2.9718,-1.1567674632902103,-5424.75,0.5418405267543981,3225.61,3.389853296808975,2.9925,-1.0670627237586388,1.3383,-1.1467209498336701,4.45,-1.1112263376880096,3.314,1.358088702645275,2.93,1.7736381381848567,2620.5,-0.6094225593010776,2.819,-3.073457786272568
1078,-0.9364,-0.9211423790007163,-5977.25,-0.40197063702305647,2936.51,-1.1002166486665983,2.9235,-1.0845002779485406,1.4554,-1.0697409657438273,4.38,-1.1245170694393134,3.229,0.548694247062418,2.874,1.334813660135955,2809.0,0.07937761077063876,3.03,-2.4128421972996406
1079,1.1673,-0.6776106457690132,-4900.75,1.4369664087804364,3170.24,2.5298907479297497,3.0408,-1.054856435825708,1.3615,-1.131469578092557,4.47,-1.1074289857590658,3.102,-0.6606362924555003,2.836,1.0370399071741985,2670.75,-0.42580341582042114,3.135,-2.084099842597473
1080,0.6009,-0.7431791078607738,-5264.0,0.816442598387386,3039.4,0.4977885284000961,4.5318,-0.6780536344178347,2.0583,-0.6734025164887781,6.63,-0.6973149774331217,3.102,-0.6606362924555003,2.836,1.0370399071741985,2482.5,-1.1136900578151194,3.135,-2.084099842597473
1081,2.6473,-0.5062806247665317,-5598.75,0.24460406974575175,3078.2,1.100399091819159,3.2434,-1.0036557332333302,1.5846,-0.9848066024269383,4.82,-1.040975327002547,3.46,2.7483427087052408,3.087,3.0039139070005265,2741.0,-0.16910202617830933,2.632,-3.6589322655992853
1082,0.5364,-0.7506458553977062,-5588.25,0.2625407524962735,3010.3,0.04583060583579715,4.1514,-0.7741876288212921,2.1887,-0.5876792891163145,6.08,-0.8017421554790797,3.314,1.358088702645275,2.93,1.7736381381848567,2754.25,-0.12068503809634518,2.819,-3.073457786272568
1083,-2.5036,-1.1025669796190198,-5062.25,1.1610831455224113,3016.34,0.1396390543680431,5.4421,-0.4480042781994665,2.3285,-0.4957766266418479,7.9,-0.4561831299451822,3.233,0.586783397913376,2.816,0.8803168792995908,2568.0,-0.8012634554748979,2.765,-3.242525282976539
1084,-0.6327,-0.8859849956368963,-5434.25,0.525612099503926,2978.96,-0.4409172049258949,5.515,-0.42958112312057056,2.2925,-0.5194425483090925,8.16,-0.4068175548689112,3.46,2.7483427087052408,3.087,3.0039139070005265,2631.75,-0.568313795835259,2.632,-3.6589322655992853
1085,0.77,-0.7236034953259632,-5455.25,0.4897387340028825,2911.84,-1.483371354840527,3.9462,-0.8260453986729993,1.9009,-0.7768751851116754,5.73,-0.8681958142355983,3.287,1.1009869344013072,2.924,1.7266212298224726,2690.0,-0.3554617538900204,2.96,-2.6320037671010854
1086,-3.1818,-1.18107780410813,-5825.25,-0.14231580101550337,2888.58,-1.8446270688902082,2.9339,-1.081872008911222,1.5251,-1.02392111184919,4.35,-1.1302130973327293,3.233,0.586783397913376,2.816,0.8803168792995908,2578.25,-0.763808804317152,2.765,-3.242525282976539
1087,-0.8436,-0.9103995236297499,-5489.5,0.4312309831261806,3043.77,0.56565987278518,6.6223,-0.14974628609914992,2.8553,-0.1494653062445019,9.84,-0.08783999283762133,3.233,0.586783397913376,2.816,0.8803168792995908,2568.0,-0.8012634554748979,2.765,-3.242525282976539
1088,-2.2409,-1.0721559008910793,-5411.0,0.5653290398800813,2888.9,-1.839657084862007,5.1201,-0.5293795310856738,2.1802,-0.593267076176636,7.76,-0.48276459344778977,3.102,-0.6606362924555003,2.836,1.0370399071741985,2579.0,-0.7610682200860974,3.135,-2.084099842597473
1089,2.2982,-0.5466936722881306,-5402.0,0.5807033393805285,3059.68,0.8127612661871716,4.252,-0.748764180248769,2.6086,-0.3116426083364254,6.12,-0.7941474516211918,3.102,-0.6606362924555003,2.836,1.0370399071741985,2654.0,-0.48700979698063995,3.135,-2.084099842597473
1090,-3.1255,-1.1745603174983734,-5870.5,-0.21961436239275192,3009.94,0.04023937380407187,4.0177,-0.8079760490414348,1.8023,-0.8416935150114064,5.98,-0.8207289151237992,3.46,2.7483427087052408,3.087,3.0039139070005265,2514.5,-0.9967584639567908,2.632,-3.6589322655992853
1091,-1.1727,-0.9484973005972612,-5293.0,0.7669031888859449,2966.24,-0.6384740700467889,4.338,-0.7270304170555583,2.2329,-0.558622796402642,6.64,-0.6954163014686497,3.348,1.681846484878416,2.92,1.695276624247551,2673.75,-0.41484107889620286,2.865,-2.9294373261173314
1092,1.2955,-0.6627697615173117,-5630.25,0.19079402149418648,3186.16,2.777147453332626,4.624,-0.6547530185292996,2.2769,-0.5296977810315653,7.19,-0.5909891234226916,3.348,1.681846484878416,2.92,1.695276624247551,2631.0,-0.5710543800663136,2.865,-2.9294373261173314
1093,-2.9727,-1.1568716504651442,-5615.75,0.215563726244907,3162.14,2.404088027215977,5.8586,-0.3427471576183939,2.5017,-0.38191724795388227,9.05,-0.23783539403090628,3.348,1.681846484878416,2.92,1.695276624247551,2705.25,-0.29973654119191073,2.865,-2.9294373261173314
1094,4.3955,-0.3039028256337355,-5353.75,0.6631266672579261,3018.33,0.1705461425433991,3.3263,-0.9827053963877819,1.4828,-1.0517285698082024,5.05,-0.9973057798196919,3.348,1.681846484878416,2.92,1.695276624247551,2603.25,-0.6724559966153328,2.865,-2.9294373261173314
1095,-3.4964,-1.2174970099239275,-5404.0,0.5772868283804292,3104.27,1.5052974781164574,6.2188,-0.2517180703835744,3.1611,0.05156355058448111,9.6,-0.13340821598494848,3.348,1.681846484878416,2.92,1.695276624247551,2641.75,-0.5317726727545313,2.865,-2.9294373261173314
1096,-3.2155,-1.1849790349917675,-5360.5,0.6515959426325908,3062.78,0.86090798646035,2.7452,-1.129559928847953,1.3193,-1.1592112973802715,3.99,-1.19856543205372,3.321,1.4247447166344525,3.211,3.975596679823091,2656.0,-0.47970157236449446,3.474,-1.0227316688447579
1097,2.0282,-0.577949824768313,-5539.75,0.34539114424868356,3070.78,0.9851575871653124,6.4921,-0.18265019270096428,2.8781,-0.13447688918858053,9.98,-0.06125852933501372,3.233,0.586783397913376,2.816,0.8803168792995908,3299.0,1.8698926417262942,2.765,-3.242525282976539
1098,-3.6155,-1.231284446073519,-5303.5,0.7489665061354231,3072.44,1.0109393793115897,2.9962,-1.0661276665049777,1.3007,-1.1714386902416811,4.27,-1.1454025050485053,3.474,2.881654736683596,3.054,2.745320911007421,2588.75,-0.7254406250823879,3.517,-0.8881038473952996
1099,-4.1018,-1.2875802495961588,-5712.75,0.04986294274008692,3160.54,2.3792381070749857,4.0088,-0.8102252408137554,1.7174,-0.8975056469433249,5.97,-0.8226275910882713,3.233,0.586783397913376,2.816,0.8803168792995908,2690.0,-0.3554617538900204,2.765,-3.242525282976539
1100,0.1982,-0.7897970804673273,-5289.0,0.7737362108861437,2880.58,-1.9688766695951705,2.5177,-1.187053314039295,1.3592,-1.1329815675324086,3.69,-1.255525710987879,3.348,1.681846484878416,2.92,1.695276624247551,2667.25,-0.4385928088986758,2.865,-2.9294373261173314
1101,-5.9682,-1.5036412977036129,-5598.75,0.24460406974575175,3099.37,1.4291945976846665,3.8774,-0.8434324092275679,1.6596,-0.9355025989535121,5.65,-0.883385221951374,3.244,0.6915285627535116,2.921,1.7031127756412805,2615.25,-0.6286066489184596,3.293,-1.5894208707599236
1102,-1.4409,-0.9795450787275758,-5523.25,0.3735773599995035,2998.44,-0.13836942720931145,2.5745,-1.1726989216047095,1.0445,-1.339861166106905,3.87,-1.2213495436273836,3.102,-0.6606362924555003,2.836,1.0370399071741985,2740.5,-0.17092908233234572,3.135,-2.084099842597473
1103,-2.6709,-1.1219342178039624,-5366.75,0.6409193457572802,3065.12,0.8972509946665468,3.1113,-1.0370398043708084,1.6102,-0.9679775025746755,4.75,-1.0542660587538508,3.102,-0.6606362924555003,2.836,1.0370399071741985,2673.0,-0.4175816631272574,3.135,-2.084099842597473
1104,0.0327,-0.8089559443024021,-5760.0,-0.030852129637261,3088.41,1.2589726447188676,2.5159,-1.1875082067572926,1.3536,-1.1366629331250913,3.78,-1.2384376273076314,3.233,0.586783397913376,2.816,0.8803168792995908,2867.25,0.29222965271587736,2.765,-3.242525282976539
1105,1.7018,-0.6157350402110224,-5078.75,1.1328969297715914,3018.57,0.17427363056455164,4.1438,-0.776108286963948,2.0587,-0.6731395618035866,5.97,-0.8226275910882713,2.894,-2.641272136705313,3.165,3.615133715711495,2507.5,-1.0223372501133001,4.445,2.0173523922581476
1106,-3.3455,-1.2000282935933366,-5345.75,0.6767927112583237,3034.01,0.4140753599251297,5.7818,-0.36215591358628446,2.9259,-0.10305380430818348,8.61,-0.32137713646767296,3.154,-0.165477331393046,2.803,0.7784469111810965,2673.0,-0.4175816631272574,2.941,-2.6914904789043352
1107,-2.4373,-1.0948918577322195,-5515.0,0.38767046787491344,2991.47,-0.2466218918235138,3.6829,-0.8925860945889571,1.7391,-0.8832403552716802,5.45,-0.9213587412408133,3.314,1.358088702645275,2.93,1.7736381381848567,2715.5,-0.26228189003416486,2.819,-3.073457786272568
1108,-6.0455,-1.5125898183951612,-5647.5,0.1613266141183293,3052.93,0.7079256655923596,3.5785,-0.9189698722328082,1.688,-0.9168328163049081,5.2,-0.9688256403526124,3.244,0.6915285627535116,2.921,1.7031127756412805,2707.5,-0.29151478849874696,3.293,-1.5894208707599236
1109,-3.2255,-1.1861366702688112,-5283.0,0.7839857438864418,2885.8,-1.8878038051351786,3.911,-0.8349410784916158,1.8217,-0.8289402127796135,5.58,-0.8966759537026778,3.233,0.586783397913376,2.816,0.8803168792995908,2624.0,-0.5966331662228229,2.765,-3.242525282976539
1110,-9.1,-1.8661895137681883,-5463.75,0.4752185622524601,3151.8,2.2434954183048177,6.1557,-0.26766458733115095,2.3227,-0.4995894695771261,9.17,-0.21505128245724286,3.357,1.7675470742930748,2.917,1.671768170066359,2902.75,0.4219506396524606,3.467,-1.0446478258249028
1111,2.2727,-0.5496456422445922,-5569.5,0.2945705431222052,3010.83,0.054062141882496945,5.0108,-0.5570016277951847,2.184,-0.5907690066673157,7.28,-0.573901039742444,3.142,-0.27974478394592006,2.906,1.5855705047353275,2868.75,0.29771082117798653,2.901,-2.816725661648018
1112,-0.9536,-0.9231335116772316,-5390.0,0.6012024053811249,3135.88,1.9962387129019417,4.7569,-0.6211667728504892,2.0175,-0.700223894378322,7.06,-0.6156719109608273,3.321,1.4247447166344525,3.211,3.975596679823091,2585.5,-0.7373164900836244,3.474,-1.0227316688447579
1113,-2.5027,-1.1024627924440857,-5160.5,0.993247042642529,2916.93,-1.4043175463919995,4.6539,-0.6471967450470089,2.3454,-0.48466679119250244,6.96,-0.6346586706055468,3.314,1.358088702645275,2.93,1.7736381381848567,2607.0,-0.65875307546006,2.819,-3.073457786272568
1114,-3.8791,-1.2617997119763935,-5654.75,0.14894176174296903,2910.99,-1.4965728749154348,5.1665,-0.5176534076884066,2.5003,-0.38283758935205275,7.82,-0.47137253766095794,3.357,1.7675470742930748,2.917,1.671768170066359,2831.0,0.15976808154823963,3.467,-1.0446478258249028
1115,-6.6409,-1.5815154227903487,-5455.25,0.4897387340028825,3182.35,2.717973580996888,2.9266,-1.0837168516008784,1.8185,-0.8310438502611464,4.46,-1.1093276617235377,3.321,1.4247447166344525,3.211,3.975596679823091,2776.25,-0.04029456731874432,3.474,-1.0227316688447579
1116,-5.6945,-1.471956820170924,-5471.75,0.46155251825206256,3046.14,0.6024688169940234,3.8017,-0.8625631752011266,1.5936,-0.9788901220101273,5.57,-0.8985746296671497,3.114,-0.5463688399026262,2.768,0.5041816124005322,2649.75,-0.5025397742899492,2.788,-3.1705150528989225
1117,1.5927,-0.6283648410835703,-6438.0,-1.1890493586709519,2983.56,-0.369473684520543,3.3409,-0.9790157110084693,1.6363,-0.9508197093659231,4.84,-1.0371779750736032,3.233,0.586783397913376,2.816,0.8803168792995908,2954.75,0.6119644796722444,2.765,-3.242525282976539
1118,-2.5345,-1.106144072625085,-5573.0,0.2885916488720313,3052.22,0.6968985135297937,2.8331,-1.1073460011190783,1.5726,-0.9926952429826865,4.24,-1.151098532941921,3.46,2.7483427087052408,3.087,3.0039139070005265,2719.0,-0.24949249695591016,2.632,-3.6589322655992853
1119,-0.5955,-0.8816785924062933,-5168.0,0.9804351263921564,3059.62,0.8118293941818852,2.1151,-1.2887976519647208,0.9451,-1.4052054053770193,3.18,-1.3523581851759492,3.158,-0.12738818054208798,2.758,0.42582009846323,2531.75,-0.9337250266425356,2.964,-2.619480248826717
1120,-4.7818,-1.3662994484351367,-5729.5,0.02124966311425459,3002.82,-0.07034277082334288,3.7689,-0.8708523313957465,1.7984,-0.8442573231920246,5.54,-0.9042706575605657,3.474,2.881654736683596,3.054,2.745320911007421,2760.0,-0.09967389232492677,3.517,-0.8881038473952996
1121,1.63,-0.624046861500197,-5690.25,0.08829869149120498,3038.68,0.48660606433664555,6.7438,-0.11904102763432317,2.8925,-0.12501052052168254,10.14,-0.030879713903462273,3.283,1.0628977835503493,2.891,1.4680282338293706,2637.5,-0.5473026500638406,3.247,-1.73344133091516
1122,-0.4109,-0.8603086451920648,-5382.5,0.6140143216314975,2935.99,-1.1082928727124277,4.7785,-0.6157080602345198,2.3066,-0.5101733956560884,6.9,-0.6460507263923786,3.154,-0.165477331393046,2.803,0.7784469111810965,2604.25,-0.6688018843072601,2.941,-2.6914904789043352
1123,-2.9573,-1.1550888921384967,-5349.75,0.669959689258125,3030.88,0.36546270364931155,5.1967,-0.5100213187531165,2.3508,-0.4811169029424159,7.69,-0.4960553251990934,2.967,-1.9461451336753304,2.779,0.5903792777315673,3395.25,2.221600951378298,3.454,-1.0853492602165995
1124,-0.2136,-0.8374685011759908,-5077.5,1.1350322491466533,3033.32,0.40335883186432586,4.141,-0.7768158978586106,1.5402,-1.0139945724832067,6.03,-0.8112355353014394,3.823,6.204933148429678,3.099,3.0979477237252913,2613.25,-0.6359148735346052,3.865,0.20144224247474354
1125,-1.6045,-0.9984839918600121,-5768.0,-0.04451817363765853,3180.23,2.685047436810075,3.8038,-0.8620324670301296,1.9557,-0.7408503932404253,5.65,-0.883385221951374,3.321,1.4247447166344525,3.211,3.975596679823091,2748.75,-0.1407826557907454,3.474,-1.0227316688447579
1126,-0.0236,-0.8154734309121587,-5132.0,1.0419323243939453,3038.74,0.4875379363419319,5.4204,-0.4534882626331022,2.3292,-0.4953164559427625,8.12,-0.4144122587267992,3.233,0.586783397913376,2.816,0.8803168792995908,2616.0,-0.625866064687405,2.765,-3.242525282976539
1127,-0.0882,-0.8229517548018616,-5494.25,0.4231167695009445,3230.2,3.4611415052134427,3.3565,-0.9750733074524915,1.7898,-0.8499108489236441,5.03,-1.0011031317486359,3.154,-0.165477331393046,2.803,0.7784469111810965,2574.0,-0.7793387816264612,2.941,-2.6914904789043352
1128,-0.5973,-0.8818869667561612,-5399.25,0.5854010420056652,3041.09,0.5240362565490202,3.816,-0.8589493052748137,1.9569,-0.7400615291848505,5.71,-0.8719931661645424,3.158,-0.12738818054208798,2.758,0.42582009846323,2682.75,-0.38195406812354793,2.964,-2.619480248826717
1129,-0.4682,-0.8669418953295258,-5741.75,0.00032353323864586905,3078.17,1.0999331558165193,4.8846,-0.588894661690338,2.0709,-0.6651194439052426,7.27,-0.575799715706916,3.348,1.681846484878416,2.92,1.695276624247551,2852.0,0.23650444001776771,2.865,-2.9294373261173314
1130,-4.7991,-1.368302157464423,-5293.5,0.7660490611359201,2995.26,-0.18775864348953142,3.1549,-1.026021291868204,1.6266,-0.9571963604818197,4.67,-1.0694554664696265,3.114,-0.5463688399026262,2.768,0.5041816124005322,2529.25,-0.9428603074127175,2.788,-3.1705150528989225
1131,-0.0073,-0.8135864854105773,-5607.75,0.22922977024530453,2939.59,-1.052380552395189,6.7336,-0.12161875303630867,3.0376,-0.029623708468427396,10.03,-0.0517651495126541,3.283,1.0628977835503493,2.891,1.4680282338293706,2897.25,0.4018530219580604,3.247,-1.73344133091516
1132,-2.5436,-1.107197520727195,-5305.75,0.7451229312603114,2938.9,-1.0630970804559927,5.4237,-0.45265429265010687,1.9966,-0.7139632766795836,8.22,-0.3954254990820793,3.823,6.204933148429678,3.099,3.0979477237252913,2570.0,-0.7939552308587523,3.865,0.20144224247474354
1133,3.9982,-0.3498956751906855,-5615.0,0.21684491786994425,3217.96,3.271039616134854,4.4321,-0.7032496366313591,2.0406,-0.6850382613085069,6.58,-0.7068083572554814,3.283,1.0628977835503493,2.891,1.4680282338293706,2723.5,-0.23304899156958273,3.247,-1.73344133091516
1134,-0.5745,-0.8792475583245014,-5258.5,0.8258380036376592,3056.65,0.765701729920171,2.6894,-1.1436616031058733,1.1539,-1.2679430597070007,3.97,-1.2023627839826638,3.244,0.6915285627535116,2.921,1.7031127756412805,2621.5,-0.6057684469930048,3.293,-1.5894208707599236
1135,-9.4318,-1.9045998522605014,-5315.75,0.7280403762598144,3013.15,0.09009452608693855,5.5267,-0.42662432045358717,2.2195,-0.5674317783565607,8.28,-0.38403344329524775,3.102,-0.6606362924555003,2.836,1.0370399071741985,2659.5,-0.46691217928623974,3.135,-2.084099842597473
1136,1.47,-0.6425690259328977,-5227.5,0.8787939241391998,3074.58,1.0441761475001652,5.7143,-0.37921439051118816,2.3507,-0.4811826416137139,8.24,-0.39162814715313543,3.823,6.204933148429678,3.099,3.0979477237252913,2566.25,-0.8076581520140251,3.865,0.20144224247474354
1137,3.1645,-0.44640772823782665,-5161.5,0.9915387871424793,2895.09,-1.7435189563165416,3.11,-1.0373683380004732,1.4865,-1.0492962389701799,4.55,-1.09223957804329,3.142,-0.27974478394592006,2.906,1.5855705047353275,2501.0,-1.0460889801157731,2.901,-2.816725661648018
1138,-0.8173,-0.9073549428511247,-5469.75,0.46496902925216194,2939.8,-1.049119000376683,4.5853,-0.6645332119662443,2.2071,-0.5755833735975004,6.81,-0.6631388100726264,3.474,2.881654736683596,3.054,2.745320911007421,2656.75,-0.47696098813343984,3.517,-0.8881038473952996
1139,4.1655,-0.33052843700574286,-5657.5,0.1442440591178324,3052.44,0.700315377549184,3.9945,-0.8138391107400683,1.9212,-0.7635302348382014,5.93,-0.8302222949461592,3.321,1.4247447166344525,3.211,3.975596679823091,2853.25,0.24107208040285866,3.474,-1.0227316688447579
1140,-4.15,-1.29316005163151,-6576.0,-1.4247886176778093,2972.0,-0.5490143575392127,3.8611,-0.8475517155072113,1.9867,-0.7204714051380758,5.72,-0.8700944902000703,3.314,1.358088702645275,2.93,1.7736381381848567,3009.25,0.8111136004622101,2.819,-3.073457786272568
1141,3.2173,-0.4402954139750354,-5461.75,0.4786350732525595,2952.57,-0.8507855752513873,5.4916,-0.4354947284545371,2.214,-0.5710474052779454,8.34,-0.37264138750841586,3.114,-0.5463688399026262,2.768,0.5041816124005322,2621.75,-0.6048549189159866,2.788,-3.1705150528989225
1142,-2.9355,-1.1525652472345411,-5357.5,0.6567207091327398,3031.01,0.36748175966076885,4.0987,-0.7875058767315503,2.19,-0.5868246863894417,6.03,-0.8112355353014394,3.359,1.7865916497185517,2.926,1.7422935326099351,2539.0,-0.907232712409008,2.948,-2.6695743219241903
1143,-4.4927,-1.332832212575801,-5508.5,0.3987741286252364,3037.2,0.46361988820622724,4.5795,-0.6659989773909026,1.9594,-0.7384180624024029,6.78,-0.6688348379660422,3.357,1.7675470742930748,2.917,1.671768170066359,2574.5,-0.7775117254724249,3.467,-1.0446478258249028
1144,-5.3318,-1.4299693886725455,-5332.5,0.6994270966339822,2882.22,-1.9434055014506553,3.9171,-0.8333994976139578,1.706,-0.9049998554712858,5.71,-0.8719931661645424,3.823,6.204933148429678,3.099,3.0979477237252913,2637.75,-0.5463891219868224,3.865,0.20144224247474354
1145,-0.2627,-0.8431524903862758,-5564.0,0.30396594837247853,3063.69,0.8750413785405373,2.7083,-1.1388852295669003,1.2803,-1.1848493791864532,4.09,-1.1795786724090005,3.283,1.0628977835503493,2.891,1.4680282338293706,2365.75,-1.5403076697826148,3.247,-1.73344133091516
1146,-4.8382,-1.372828511397664,-5296.0,0.7617784223857959,2996.48,-0.16881057938202776,5.0567,-0.54540186348625,2.3221,-0.49998390160491374,7.54,-0.524535464666173,3.823,6.204933148429678,3.099,3.0979477237252913,2627.5,-0.5838437731445683,3.865,0.20144224247474354
1147,-1.02,-0.9308202099168024,-5528.5,0.3646090186242426,2983.51,-0.37025024452494476,3.5486,-0.926526145715099,1.8277,-0.8249958925017393,5.29,-0.9517375566723648,2.894,-2.641272136705313,3.165,3.615133715711495,2757.25,-0.10972270117212687,4.445,2.0173523922581476
1148,-0.5045,-0.8711441113851948,-5438.75,0.5179249497537024,3232.64,3.499037633428457,2.8381,-1.106082410235752,1.2579,-1.199574841557183,4.2,-1.1586932367998088,3.359,1.7865916497185517,2.926,1.7422935326099351,2700.25,-0.31800710273227456,2.948,-2.6695743219241903
1149,-0.1545,-0.830626876688662,-5770.75,-0.04921587626279519,3054.52,0.7326202737324732,4.319,-0.7318320624121978,2.3749,-0.4652738831596217,6.33,-0.7542752563672805,3.338,1.5866236077510232,2.865,1.2642882975923824,2688.25,-0.3618564504291477,2.923,-2.747846311138992
1150,-1.6864,-1.0079650247790009,-5357.0,0.6575748368827646,3035.18,0.43224686402822454,5.5709,-0.41545417704498355,2.3717,-0.46737752064115434,8.47,-0.3479585999702802,3.154,-0.165477331393046,2.803,0.7784469111810965,2480.75,-1.1200847543542467,2.941,-2.6914904789043352
1151,-0.8218,-0.9078758787257943,-5374.0,0.6285344933819199,2965.73,-0.6463949820917266,2.3996,-1.21689933070346,1.1882,-1.2453946954518205,3.63,-1.2669177667747107,3.359,1.7865916497185517,2.926,1.7422935326099351,2609.25,-0.6505313227668963,2.948,-2.6695743219241903
1152,1.6336,-0.6236301128004612,-5402.75,0.5794221477554913,3111.43,1.6165008707473965,3.5061,-0.9372666682233716,1.6798,-0.922223387351336,5.03,-1.0011031317486359,3.205,0.32015934195666984,2.832,1.005695301599277,2646.25,-0.5153291673682039,3.129,-2.102885120009024
1153,-1.4973,-0.9860741416901028,-5512.5,0.39194110662503767,3005.05,-0.03570819462683436,4.486,-0.6896281269091027,2.3508,-0.4811169029424159,6.76,-0.6726321898949862,3.205,0.32015934195666984,2.832,1.005695301599277,2539.75,-0.9044921281779534,3.129,-2.102885120009024
1154,4.0809,-0.3403220314495333,-6029.0,-0.490372859150628,3171.54,2.5500813080443088,3.2357,-1.0056016631936526,1.1728,-1.2555184508316972,4.87,-1.0314819471801873,3.204,0.3106370542439314,2.868,1.287796751773571,2709.0,-0.28603362003663785,2.962,-2.6257420079639004
1155,2.8464,-0.4832321064005897,-5625.75,0.1984811712444101,2990.36,-0.2638615239213222,6.913,-0.07628111214256451,3.4182,0.2205776744913865,10.22,-0.015690306187686548,3.205,0.32015934195666984,2.832,1.005695301599277,2544.75,-0.8862215666375897,3.129,-2.102885120009024
1156,3.6536,-0.38978778683761467,-5647.75,0.16089955024331687,3023.37,0.2488233909875248,7.3859,0.04322931360242763,2.8683,-0.14091927897577475,10.58,0.05266202853330404,3.348,1.681846484878416,2.92,1.695276624247551,2602.5,-0.6751965808463875,2.865,-2.9294373261173314
1157,-1.4355,-0.978919955677972,-5371.0,0.633659259882069,3254.32,3.8357540513389092,4.497,-0.6868482269657851,2.0084,-0.7062061134664311,6.66,-0.6916189495397057,3.338,1.5866236077510232,2.865,1.2642882975923824,2452.5,-1.2233134270573023,2.923,-2.747846311138992
1158,-0.7155,-0.895570215730819,-5729.25,0.021676726989267012,3026.07,0.2907576312254538,2.1779,-1.2729269504701437,1.0125,-1.3608975409222337,3.19,-1.3504595092114773,3.338,1.5866236077510232,2.865,1.2642882975923824,2646.75,-0.5135021112141676,2.923,-2.747846311138992
1159,0.3209,-0.775592895618,-5501.25,0.41115898100059667,2932.1,-1.1687092410552136,3.7579,-0.8736322313390642,1.7095,-0.9026990019758592,5.72,-0.8700944902000703,3.359,1.7865916497185517,2.926,1.7422935326099351,2620.5,-0.6094225593010776,2.948,-2.6695743219241903
1160,-4.4109,-1.3233627560095826,-5341.25,0.6844798610085473,3035.89,0.4432740160907905,3.706,-0.88674830470799,1.7378,-0.884094957998553,5.5,-0.9118653614184535,3.357,1.7675470742930748,2.917,1.671768170066359,2606.25,-0.6614936596911145,3.467,-1.0446478258249028
1161,-5.7473,-1.4780691344337153,-5294.0,0.7651949333858953,3098.02,1.4082274775657055,2.6227,-1.1605179054894448,1.3711,-1.1251586656479584,3.86,-1.2232482195918557,3.359,1.7865916497185517,2.926,1.7422935326099351,2642.25,-0.529945616600495,2.948,-2.6695743219241903
1162,-0.0945,-0.8236810650263993,-5337.75,0.6904587552587212,2982.89,-0.3798795885795847,4.0299,-0.8048928872861189,1.973,-0.7294776031058883,6.0,-0.8169315631948554,3.158,-0.12738818054208798,2.758,0.42582009846323,2603.0,-0.673369524692351,2.964,-2.619480248826717
1163,2.0909,-0.5706914515812485,-5398.25,0.5871092975057149,3094.57,1.3546448372616935,4.8154,-0.6063827595155724,2.1402,-0.6195625446957966,7.1,-0.6080772071029394,3.204,0.3106370542439314,2.868,1.287796751773571,2705.0,-0.3006500692689289,2.962,-2.6257420079639004
1164,-0.1464,-0.8296891921142565,-5637.5,0.1784091691188262,3023.95,0.2578314870386334,4.58,-0.66587261830257,2.2256,-0.5634217194073887,6.87,-0.6517467542857945,3.166,-0.05120987884017193,2.873,1.3269775087422255,2526.0,-0.954736172413954,3.008,-2.4817215478086654
1165,1.1473,-0.6799259163231008,-5442.0,0.5123731193785409,3065.48,0.9028422266982721,5.5049,-0.43213357670488933,2.091,-0.6519059709743642,8.25,-0.3897294711886635,3.205,0.32015934195666984,2.832,1.005695301599277,2542.25,-0.8953568474077715,3.129,-2.102885120009024
1166,-1.9382,-1.0371142810549636,-5314.5,0.7301756956348766,3020.29,0.20098729471611543,4.8264,-0.603602859572255,1.8421,-0.8155295238348416,6.83,-0.6593414581436824,3.163,-0.0797767419783915,2.932,1.7893104409723157,2474.5,-1.1429229562797014,3.179,-1.9463411415794212
1167,3.5436,-0.4025217748850964,-5329.25,0.7049789270091437,3010.75,0.052819645875448455,4.3696,-0.7190445226729366,2.2344,-0.5576367163331735,6.56,-0.7106057091844254,3.166,-0.05120987884017193,2.873,1.3269775087422255,2455.75,-1.2114375620560658,3.008,-2.4817215478086654
1168,0.2073,-0.7887436323652175,-5333.25,0.6981459050089448,3070.94,0.9876425791794093,3.9776,-0.8181100479257108,1.8047,-0.8401157869002568,5.79,-0.8568037584487666,3.163,-0.0797767419783915,2.932,1.7893104409723157,2768.75,-0.06770040962929007,3.179,-1.9463411415794212
1169,-0.1191,-0.826528847807927,-5546.5,0.3338604196233481,3003.05,-0.06677059480307493,2.8254,-1.1092919310794007,1.1965,-1.2399383857340947,4.17,-1.1643892646932248,3.338,1.5866236077510232,2.865,1.2642882975923824,2667.75,-0.4367657527446394,2.923,-2.747846311138992
1170,-1.8827,-1.0306894052673705,-5169.25,0.9782998070170943,2829.84,-2.7569297620663904,3.4658,-0.9474512107429808,1.5484,-1.0086040014367788,5.28,-0.9536362326368367,3.166,-0.05120987884017193,2.873,1.3269775087422255,2714.25,-0.2668495304192558,3.008,-2.4817215478086654
1171,3.3882,-0.420511427090357,-5490.5,0.42952272762613086,3169.93,2.525076075902433,3.9686,-0.820384511515698,1.654,-0.9391839645461947,5.79,-0.8568037584487666,3.359,1.7865916497185517,2.926,1.7422935326099351,2574.5,-0.7775117254724249,2.948,-2.6695743219241903
1172,4.5382,-0.2873833702303206,-5629.25,0.19250227699423617,3044.34,0.5745126568354112,4.351,-0.7237450807589101,2.0957,-0.648816253423363,6.59,-0.7049096812910095,3.163,-0.0797767419783915,2.932,1.7893104409723157,2664.5,-0.4486416177458759,3.179,-1.9463411415794212
1173,0.4982,-0.7550680221560135,-5302.0,0.7515288893854977,3025.07,0.2752264311373335,7.2128,-0.0005162027783256368,3.2788,0.12893796670211144,10.61,0.058358056426719804,3.037,-1.279584993783567,2.865,1.2642882975923824,2736.75,-0.18463200348761857,3.501,-0.9381979204927728
1174,4.0736,-0.3411671052017753,-5435.75,0.5230497162538514,3195.57,2.9232960461618425,5.5816,-0.4127500925546655,2.181,-0.5927411668062529,8.34,-0.37264138750841586,3.093,-0.7463368818701548,2.825,0.9508422418431668,2486.75,-1.09816008050581,3.118,-2.1373247952635377
1175,1.4427,-0.6457293702392272,-5492.5,0.4261062166260315,2939.73,-1.050206184382854,4.9264,-0.5783310419057308,2.0883,-0.6536809150994078,7.56,-0.5207381127372291,3.241,0.662961699615292,2.888,1.4445197796481786,2759.0,-0.10332800463299953,2.843,-2.998316676626358
1176,1.0,-0.6969778839539559,-5097.0,1.1017212668956844,3097.21,1.395647205494329,3.1456,-1.0283715709111907,1.501,-1.0397641316319841,4.6,-1.0827461982209303,3.241,0.662961699615292,2.888,1.4445197796481786,2337.75,-1.6426228144086523,2.843,-2.998316676626358
1177,-0.95,-0.9227167629774958,-5207.75,0.9125319702651812,2960.58,-0.7263806625455475,4.3441,-0.7254888361779003,1.9135,-0.7685921125281399,6.28,-0.7637686361896403,3.241,0.662961699615292,2.888,1.4445197796481786,2535.75,-0.9191085774102445,2.843,-2.998316676626358
1178,-2.2364,-1.0716349650164094,-5060.0,1.164926720397523,2923.36,-1.3044519298253814,4.0483,-0.8002428728354782,1.7871,-0.8516857930486875,6.0,-0.8169315631948554,3.158,-0.12738818054208798,2.758,0.42582009846323,2521.0,-0.9730067339543178,2.964,-2.619480248826717
1179,1.2236,-0.6710931591592567,-5465.0,0.473083242877398,2953.29,-0.8396031111879438,3.177,-1.0204362201639021,1.2549,-1.20154700169612,4.64,-1.0751514943630425,3.241,0.662961699615292,2.888,1.4445197796481786,2664.5,-0.4486416177458759,2.843,-2.998316676626358
1180,1.3555,-0.655823949855049,-5418.25,0.5529441875047211,3093.46,1.337405205163878,4.8659,-0.5936204915939779,2.2339,-0.5579654096896628,7.53,-0.5264341406306449,2.996,-1.669998790005886,2.792,0.6922492458500614,2611.25,-0.6432230981507507,3.283,-1.620729666445845
1181,0.59,-0.7444409303127515,-5343.75,0.6802092222584231,2997.33,-0.15560905930712693,2.3731,-1.2235963623850887,1.1633,-1.261763624604998,3.47,-1.297296582206262,3.166,-0.05120987884017193,2.873,1.3269775087422255,2556.75,-0.8423722189407165,3.008,-2.4817215478086654
1182,4.5355,-0.2876959317551224,-5593.5,0.25357241112101264,3093.16,1.332745845137439,4.1739,-0.7685014698463243,2.0856,-0.6554558592244512,6.16,-0.7865527477633039,3.236,0.6153502610515956,2.848,1.1310737238989632,2536.5,-0.9163679931791899,3.22,-1.817975079267145
1183,-2.3364,-1.0832113177868474,-4994.25,1.2772445195257902,2958.48,-0.7589961827305987,3.2527,-1.0013054541903434,1.3171,-1.1606575481488253,4.73,-1.0580634106827946,3.163,-0.0797767419783915,2.932,1.7893104409723157,2509.75,-1.0141154974201365,3.179,-1.9463411415794212
1184,-10.4455,-2.0219493402944306,-5489.0,0.4320851108762054,3299.4,4.535900551311371,5.4725,-0.44032164562884313,2.3921,-0.4539668316963824,8.04,-0.4296016664425749,3.127,-0.42257909963701373,2.848,1.1310737238989632,2667.0,-0.439506336975694,2.893,-2.841772698196755
1185,-2.9491,-1.1541396312113208,-5774.0,-0.05476770663795668,2904.26,-1.6010978515084775,3.5892,-0.9162657877424901,1.7336,-0.8868559821930648,5.28,-0.9536362326368367,3.236,0.6153502610515956,2.848,1.1310737238989632,2632.0,-0.5674002677582408,3.22,-1.817975079267145
1186,0.4782,-0.7573832927101011,-5415.0,0.5584960178798826,3049.97,0.661953313331523,5.2546,-0.49538893632419906,2.462,-0.4080155004591491,7.66,-0.5017513530925094,3.241,0.662961699615292,2.888,1.4445197796481786,2704.75,-0.30156359734594707,2.843,-2.998316676626358
1187,1.4055,-0.6500357734698301,-5597.0,0.24759351687083872,2935.84,-1.11062255272564,7.1475,-0.01701869971456575,2.8657,-0.1426284844295203,10.5,0.037472620817528314,3.163,-0.0797767419783915,2.932,1.7893104409723157,2631.5,-0.5692273239122771,3.179,-1.9463411415794212
1188,-7.0082,-1.6240353665161673,-5303.0,0.7498206338854481,3045.88,0.5984307049711158,7.8141,0.15144323685048336,2.8904,-0.12639103261893847,11.94,0.310881959701491,3.114,-0.5463688399026262,2.768,0.5041816124005322,2463.25,-1.1840317197455201,2.788,-3.1705150528989225
1189,1.9336,-0.5889010544891473,-5447.25,0.50340477800328,3200.74,3.0035923506174185,3.6107,-0.9108323469441875,1.7878,-0.8512256223496021,5.29,-0.9517375566723648,3.236,0.6153502610515956,2.848,1.1310737238989632,2780.0,-0.026591646163471448,3.22,-1.817975079267145
1190,6.3491,-0.07774719791045988,-5606.25,0.23179215349537907,3216.05,3.241375023966546,3.6306,-0.9058032552285492,1.5858,-0.9840177383713634,5.53,-0.9061693335250376,3.216,0.42490450679680547,2.931,1.7814742895785862,2513.75,-0.9994990481878454,3.102,-2.1874188683610107
1191,6.2755,-0.08626739354950219,-5631.25,0.1890857659941368,3105.06,1.517567126186072,3.2291,-1.007269603159643,1.5402,-1.0139945724832067,4.79,-1.046671354895963,3.166,-0.05120987884017193,2.873,1.3269775087422255,2664.5,-0.4486416177458759,3.008,-2.4817215478086654
1192,5.6364,-0.1602518641053711,-5632.0,0.1878045743690995,2890.83,-1.8096818686919376,2.7661,-1.1242781189556494,1.4668,-1.0622467572158665,4.19,-1.1605919127642808,3.093,-0.7463368818701548,2.825,0.9508422418431668,2547.0,-0.8779998139444259,3.118,-2.1373247952635377
1193,-3.7791,-1.2502233592059557,-5468.0,0.4679584763772489,2973.08,-0.5322406614440439,3.574,-0.9201071040278018,1.651,-0.9411561246851317,5.29,-0.9517375566723648,3.314,1.358088702645275,2.93,1.7736381381848567,2664.0,-0.4504686738999123,2.819,-3.073457786272568
1194,-1.9482,-1.0382719163320073,-5400.5,0.5832657226306031,2952.23,-0.8560661832813504,5.7,-0.38282826043750096,2.9841,-0.06479389761280456,8.51,-0.3403638961123925,3.236,0.6153502610515956,2.848,1.1310737238989632,2770.5,-0.06130571309016272,3.22,-1.817975079267145
1195,1.3282,-0.6589842941613786,-5651.25,0.15492065599314295,3036.32,0.44995243212868674,2.8024,-1.1151044491427013,1.4562,-1.0692150563734442,4.11,-1.1757813204800565,3.127,-0.42257909963701373,2.848,1.1310737238989632,2714.5,-0.26593600234223763,2.893,-2.841772698196755
1196,0.1536,-0.7949601338029427,-5528.5,0.3646090186242426,2942.64,-1.0050103921264264,7.5974,0.09667920796712595,3.7237,0.42140931530647596,11.65,0.2558203567318042,3.314,1.358088702645275,2.93,1.7736381381848567,2729.75,-0.21021078964412793,2.819,-3.073457786272568
1197,-1.3127,-0.9647041944758742,-5863.0,-0.20680244614237922,3050.71,0.6734464013967357,4.3131,-0.7333230996545226,2.4013,-0.44791887393697555,6.28,-0.7637686361896403,2.996,-1.669998790005886,2.792,0.6922492458500614,2509.5,-1.0150290254971546,3.283,-1.620729666445845
1198,-1.86,-1.028061573188481,-5631.75,0.18823163824411193,3075.32,1.0556692355653778,4.7955,-0.6114118512312109,2.1036,-0.6436228983908286,7.07,-0.6137732349963552,3.46,2.7483427087052408,3.087,3.0039139070005265,2667.5,-0.43767928082165763,2.632,-3.6589322655992853
1199,3.4318,-0.415464137282446,-5773.0,-0.05305945113790699,3030.56,0.3604927196211105,5.2435,-0.49819410808518316,2.7531,-0.2166502283109576,7.89,-0.4580818059096543,3.359,1.7865916497185517,2.926,1.7422935326099351,2747.75,-0.14443676809881814,2.948,-2.6695743219241903
1200,3.1764,-0.4450301422581445,-5520.25,0.3787021264996525,2972.06,-0.5480824855339264,4.0713,-0.7944303547721778,1.9033,-0.7752974570005258,6.08,-0.8017421554790797,3.338,1.5866236077510232,2.865,1.2642882975923824,2753.0,-0.12525267848143612,2.923,-2.747846311138992
1201,-2.3591,-1.085839149865737,-5511.0,0.3945034898751122,3095.02,1.3616338773013448,5.7786,-0.36296461175161315,2.5181,-0.3711361058610264,8.72,-0.3004917008584811,3.163,-0.0797767419783915,2.932,1.7893104409723157,2563.25,-0.8186204889382435,3.179,-1.9463411415794212
1202,2.3418,-0.5416463824802196,-5437.25,0.5204873330037769,2943.49,-0.9918088720515255,5.5691,-0.41590906976298103,2.4255,-0.4320101154828833,8.19,-0.4011215269754954,3.236,0.6153502610515956,2.848,1.1310737238989632,2745.25,-0.15357204886900006,3.22,-1.817975079267145
1203,-6.0255,-1.5102745478410735,-5318.5,0.7233426736346777,3002.15,-0.0807486748823846,3.6401,-0.9034024325502295,1.8862,-0.7865387697924668,5.4,-0.9308521210631732,3.338,1.5866236077510232,2.865,1.2642882975923824,2584.0,-0.7427976585457335,2.923,-2.747846311138992
1204,0.1973,-0.7899012676422613,-5145.25,1.0192979390182868,3051.88,0.6916179054998376,5.9703,-0.3145185372848866,2.5929,-0.32196357973019585,9.12,-0.22454466227960282,3.359,1.7865916497185517,2.926,1.7422935326099351,2520.0,-0.9766608462623906,2.948,-2.6695743219241903
1205,2.0673,-0.5734234708350718,-5605.0,0.2339274728704412,2979.97,-0.4252306928368971,6.3906,-0.2083010876324861,2.8179,-0.17405156930991733,9.6,-0.13340821598494848,3.154,-0.165477331393046,2.803,0.7784469111810965,2671.25,-0.42397635966638475,2.941,-2.6914904789043352
1206,3.3655,-0.4231392591692464,-5561.75,0.30780952324759037,3024.75,0.2702564471091325,5.8156,-0.3536140392149993,2.53805,-0.3580212409370949,8.6,-0.32327581243214487,3.357,1.7675470742930748,2.917,1.671768170066359,2762.5,-0.09053861155474485,3.467,-1.0446478258249028
1207,0.2355,-0.785479100883954,-5050.25,1.1815822115230075,3025.09,0.27553705513909565,5.5748,-0.41446857615598914,2.6376,-0.29257839366003396,7.87,-0.4618791578385981,3.359,1.7865916497185517,2.926,1.7422935326099351,2567.0,-0.8049175677829706,2.948,-2.6695743219241903
1208,-3.01,-1.1611896300485174,-5190.0,0.9428535053910632,3217.18,3.2589252800661166,2.7758,-1.1218267526419967,1.2251,-1.2211371257428947,4.16,-1.1662879406576967,3.474,2.881654736683596,3.054,2.745320911007421,2577.75,-0.7656358604711884,3.517,-0.8881038473952996
1209,1.28,-0.6645640961967296,-5191.5,0.9402911221409886,3093.05,1.331037413127751,8.226,0.2555378538188961,3.091,0.00548074200465231,12.04,0.3298687193462106,3.163,-0.0797767419783915,2.932,1.7893104409723157,2460.0,-1.1959075847467566,3.179,-1.9463411415794212
1210,2.2009,-0.5579574635337666,-5422.25,0.5461111655045223,3021.25,0.21589724680071146,3.977,-0.81826167883171,1.8615,-0.8027762216030487,6.07,-0.8036408314435516,2.996,-1.669998790005886,2.792,0.6922492458500614,2755.75,-0.11520386963423603,3.283,-1.620729666445845
1211,-3.0055,-1.1606686941738478,-5459.75,0.48205158425265887,3037.63,0.47029830424412344,4.3632,-0.7206619190035942,1.8538,-0.8078380992929871,6.46,-0.7295924688291451,3.114,-0.5463688399026262,2.768,0.5041816124005322,2712.0,-0.2750712831124195,2.788,-3.1705150528989225
1212,-1.0982,-0.9398729177832849,-5705.5,0.06224779511544719,3070.43,0.9797216671344646,3.6475,-0.9015323180429067,1.8021,-0.8418249923540022,5.25,-0.9593322605302527,2.91,-2.488915533301481,2.531,-1.3529862679135654,2666.0,-0.4431604492837668,4.232,1.350475044148035
1213,-2.0309,-1.0478455600731598,-5912.0,-0.2905069656448141,3201.05,3.008407022644742,3.7989,-0.8632707860957892,1.6269,-0.9569991444679259,5.4,-0.9308521210631732,2.91,-2.488915533301481,2.531,-1.3529862679135654,2685.75,-0.37099173119932966,4.232,1.350475044148035
1214,-6.6464,-1.5821521221927228,-5441.25,0.5136543110035782,2924.32,-1.2895419777407855,4.6056,-0.65940303297994,1.9195,-0.7646477922502657,6.96,-0.6346586706055468,2.91,-2.488915533301481,2.531,-1.3529862679135654,2450.5,-1.2306216516734478,4.232,1.350475044148035
1215,-0.5455,-0.8758904160210743,-5711.75,0.05157119824013662,3051.02,0.6782610734240522,5.4201,-0.45356407808610183,2.5189,-0.37061019649064325,7.82,-0.47137253766095794,2.91,-2.488915533301481,2.531,-1.3529862679135654,2497.5,-1.0588783731940279,4.232,1.350475044148035
1216,-7.1518,-1.6406590090945161,-5545.25,0.33599573899841023,3031.85,0.3805279677347851,3.2322,-1.0064861768119808,1.3938,-1.1102359872633347,4.86,-1.0333806231446592,2.91,-2.488915533301481,2.531,-1.3529862679135654,2641.75,-0.5317726727545313,4.232,1.350475044148035
1217,-6.3845,-1.551833654286946,-5316.25,0.7271862485097896,3001.83,-0.08571865891058564,5.1659,-0.5178050385944059,2.2592,-0.5413335258512939,7.61,-0.5112447329148692,2.914,-2.450826382450523,2.577,-0.9925233038019693,2551.0,-0.8633833647121348,4.005,0.6397653820776331
1218,-0.1545,-0.830626876688662,-5560.25,0.3103719064976649,3000.22,-0.11072389105246128,4.4263,-0.7047154020560175,2.0525,-0.6772153594240563,6.5,-0.7219977649712572,2.91,-2.488915533301481,2.531,-1.3529862679135654,2619.5,-0.6130766716091504,4.232,1.350475044148035
1219,-1.4327,-0.9785958178003998,-5357.25,0.6571477730077523,2952.88,-0.8459709032240709,3.8467,-0.8511908572511908,1.6205,-0.9612064194309916,5.79,-0.8568037584487666,3.154,-0.165477331393046,2.803,0.7784469111810965,2528.25,-0.9465144197207903,2.941,-2.6914904789043352
1220,-5.65,-1.4668053431880792,-5100.0,1.0965965003955354,2973.99,-0.5181072693638566,3.7154,-0.8843727538473368,1.7046,-0.9059201968694565,5.49,-0.9137640373829254,2.914,-2.450826382450523,2.577,-0.9925233038019693,2514.5,-0.9967584639567908,4.005,0.6397653820776331
1221,0.6573,-0.7366500448982467,-5498.75,0.4154296197507209,2965.67,-0.647326854097013,7.1117,-0.026066010439181362,2.616,-0.3067779466603806,10.72,0.07924349203591163,2.92,-2.393692656174088,2.589,-0.8984894870772046,2764.75,-0.08231685886158113,4.137,1.053041485131786
1222,-1.9727,-1.0411081227607646,-5597.75,0.24631232524580143,2947.5,-0.9295287596981597,2.7865,-1.1191226681516784,1.2355,-1.214300303927913,4.09,-1.1795786724090005,2.92,-2.393692656174088,2.589,-0.8984894870772046,2460.25,-1.1949940566697383,4.137,1.053041485131786
1223,5.0691,-0.2259245133720656,-5138.5,1.0308286636436224,3075.05,1.0514758115415856,2.7352,-1.1320871106146053,1.2139,-1.2284998569282597,4.13,-1.1719839685511126,2.92,-2.393692656174088,2.589,-0.8984894870772046,2474.5,-1.1429229562797014,4.137,1.053041485131786
1224,-0.5127,-0.8720933723123707,-5552.0,0.32446501437307484,2975.8,-0.48999579720435277,4.7687,-0.6181846983658392,2.6052,-0.31387772316055407,7.09,-0.6099758830674114,3.396,2.138916295089912,2.964,2.040067285571688,2707.75,-0.2906012604217288,2.803,-3.123551859370041
1225,4.1591,-0.3312693235830509,-5523.25,0.3735773599995035,3071.13,0.9905935071961531,2.9657,-1.0738355708932674,1.5198,-1.0274052614279785,4.51,-1.099834281901178,3.396,2.138916295089912,2.964,2.040067285571688,2633.75,-0.5610055712191134,2.803,-3.123551859370041
1226,3.1373,-0.4495564961913857,-5609.5,0.22624032312021758,2957.77,-0.7700233347931646,5.3052,-0.48260139658493784,2.3534,-0.4794076974886703,7.84,-0.46757518573201406,3.396,2.138916295089912,2.964,2.040067285571688,2566.5,-0.806744623937007,2.803,-3.123551859370041
1227,3.8682,-0.36494493379225484,-5261.25,0.8211403010125227,3057.45,0.778126689990663,2.3751,-1.2230909260317582,1.2497,-1.204965412603611,3.47,-1.297296582206262,2.92,-2.393692656174088,2.589,-0.8984894870772046,2605.0,-0.6660613000762055,4.137,1.053041485131786
1228,-5.4145,-1.439543032413698,-5370.5,0.6345133876320939,2908.28,-1.5386624271542342,8.1944,0.24755195943627425,3.6408,0.3669119568005155,11.84,0.29189520005677144,3.014,-1.4985976111765769,2.545,-1.2432801484013416,2451.75,-1.226054011288357,4.333,1.6666938805758347
1229,-0.6818,-0.8916689848471813,-5215.5,0.899292990139796,2979.32,-0.43532597289416963,4.6431,-0.6499261013549935,2.0883,-0.6536809150994078,6.79,-0.6669361620015702,3.014,-1.4985976111765769,2.545,-1.2432801484013416,2540.75,-0.9008380158698808,4.333,1.6666938805758347
1230,4.6891,-0.26991465389972974,-5743.25,-0.002238850011428668,3045.98,0.5999838249799264,6.0446,-0.29574157675865925,2.8822,-0.1317816036653664,9.41,-0.1694830593099157,3.014,-1.4985976111765769,2.545,-1.2432801484013416,2573.0,-0.782992893934534,4.333,1.6666938805758347
1231,0.7736,-0.7231867466262274,-5398.0,0.5875363613807273,3151.98,2.246291034320677,7.4113,0.04964835528972458,2.8486,-0.15386979722146155,10.91,0.11531833536087885,3.396,2.138916295089912,2.964,2.040067285571688,2708.0,-0.2896877323447106,2.803,-3.123551859370041
1232,-0.7109,-0.8950377035033786,-4995.75,1.2746821362757157,3071.18,0.9913700672005549,3.1153,-1.0360289316641473,1.4474,-1.0750000594476594,4.54,-1.094138254007762,2.92,-2.393692656174088,2.589,-0.8984894870772046,2668.25,-0.434938696590603,4.137,1.053041485131786
1233,3.1527,-0.44777373786473834,-5672.0,0.11947435436711185,2958.46,-0.7593068067323608,5.1688,-0.5170721558820767,2.0334,-0.6897714456419558,7.56,-0.5207381127372291,3.014,-1.4985976111765769,2.545,-1.2432801484013416,2565.0,-0.8122257923991162,4.333,1.6666938805758347
1234,3.3655,-0.4231392591692464,-5521.0,0.37742093487461525,3196.21,2.9332360142182377,5.8156,-0.3536140392149993,2.53805,-0.3580212409370949,8.6,-0.32327581243214487,2.92,-2.393692656174088,2.589,-0.8984894870772046,2617.5,-0.6203848962252959,4.137,1.053041485131786
1235,-3.8864,-1.2626447857286356,-5627.25,0.19591878799433554,3005.64,-0.026544786574848194,3.9177,-0.8332478667079587,1.9746,-0.728425784365122,5.69,-0.8757905180934862,3.686,4.9003797317843665,3.856,9.029914328779187,2795.25,0.029133566534638233,3.929,0.40181853486463515
1236,-6.8764,-1.6087777335647302,-5729.5,0.02124966311425459,3016.93,0.14880246242002929,4.0285,-0.8052466927334501,1.8514,-0.8094158274041368,6.2,-0.778958043905416,3.014,-1.4985976111765769,2.545,-1.2432801484013416,2701.0,-0.31526651850121995,4.333,1.6666938805758347
1237,-0.3955,-0.8585258868654174,-5346.25,0.6759385835082988,3013.73,0.09910262213804719,5.28,-0.4889698946369019,2.1601,-0.6064805491075144,7.82,-0.47137253766095794,3.014,-1.4985976111765769,2.545,-1.2432801484013416,2472.75,-1.1493176528188287,4.333,1.6666938805758347
1238,0.1364,-0.796951266479458,-5129.25,1.0466300270190818,3060.0,0.8177312502153726,4.6148,-0.6570780257546198,2.418,-0.43694051583022586,7.16,-0.5966851513161076,3.396,2.138916295089912,2.964,2.040067285571688,2442.75,-1.2589410220610118,2.803,-3.123551859370041
1239,0.5536,-0.7486547227211908,-5341.5,0.6840527971335348,2937.77,-1.0806473365555704,3.1414,-1.0294329872531847,1.3925,-1.1110905899902073,4.57,-1.088442226114346,3.014,-1.4985976111765769,2.545,-1.2432801484013416,2769.25,-0.06587335347525368,4.333,1.6666938805758347
1240,3.2573,-0.43566487286686023,-5290.5,0.7711738276360691,2976.56,-0.47819208513738504,2.991,-1.0674418010236368,1.3532,-1.1369258878102828,4.33,-1.1340104492616734,3.014,-1.4985976111765769,2.545,-1.2432801484013416,2712.25,-0.27415775503540135,4.333,1.6666938805758347
1241,0.8527,-0.7140298515848109,-5475.5,0.4551465601268762,2871.62,-2.1080362223847287,5.5495,-0.42086234602561967,2.5623,-0.34207961314735386,8.36,-0.36884403557947204,3.396,2.138916295089912,2.964,2.040067285571688,2520.5,-0.9748337901083542,2.803,-3.123551859370041
1242,-5.7091,-1.4736469676754083,-5333.0,0.6985729688839573,3181.59,2.7061698689299205,5.605,-0.4068364872206987,2.6508,-0.283900889048711,7.91,-0.45428445398071027,2.92,-2.393692656174088,2.589,-0.8984894870772046,2712.75,-0.27233069888136496,4.137,1.053041485131786
1243,3.0718,-0.4571390072560226,-5524.5,0.37144204062444136,3028.5,0.32849844743958356,6.275,-0.23751530885498778,2.6898,-0.25826280724252926,9.16,-0.2169499584217148,3.475,2.891177024396334,3.063,2.8158462735509975,2797.75,0.03826884730482015,3.029,-2.4159730768682324
1244,4.9382,-0.2410779591485688,-5324.5,0.7130931406343797,3011.82,0.0694380299697397,4.6676,-0.643734506026695,2.0492,-0.6793847355768873,6.93,-0.6403546984989628,3.475,2.891177024396334,3.063,2.8158462735509975,2384.75,-1.4708795359292322,3.029,-2.4159730768682324
1245,2.8727,-0.48018752562196454,-5662.0,0.13655690936760875,3022.33,0.23267094289588025,5.1336,-0.5259678357006929,2.0422,-0.6839864425677405,7.46,-0.5397248723819487,3.166,-0.05120987884017193,2.873,1.3269775087422255,2588.0,-0.7281812093134425,3.008,-2.4817215478086654
1246,-0.63,-0.8856724341120944,-5826.0,-0.14359699264054063,2929.54,-1.2084691132808005,2.9179,-1.085915499737866,1.3493,-1.1394896959909009,4.23,-1.152997208906393,2.937,-2.2318137650575176,2.58,-0.9690148496207772,2695.25,-0.3362776642726384,4.269,1.4663175881859416
1247,-1.4355,-0.978919955677972,-5219.5,0.8924599681395973,3118.54,1.7269277033739336,5.0005,-0.5596046250148367,2.4455,-0.418862381223303,7.29,-0.5720023637779721,3.413,2.300795186206483,2.971,2.0949203453278016,2591.5,-0.7153918162351879,2.626,-3.6777175430108384
1248,3.7136,-0.3828419751753519,-5329.75,0.7041247992591187,2916.18,-1.4159659464580896,3.787,-0.8662781323981057,1.7899,-0.8498451102523462,5.48,-0.9156627133473974,3.475,2.891177024396334,3.063,2.8158462735509975,2494.0,-1.0716677662722824,3.029,-2.4159730768682324
1249,1.04,-0.6923473428457807,-5621.0,0.20659538486964613,2995.33,-0.1866714594833675,3.251,-1.0017350750906744,1.3516,-1.1379777065510492,4.67,-1.0694554664696265,3.475,2.891177024396334,3.063,2.8158462735509975,2686.0,-0.37007820312231143,3.029,-2.4159730768682324
1250,-3.0909,-1.1705548994398016,-5248.75,0.8424934947631438,3185.69,2.7698477892912123,7.2454,0.007722409780961299,3.0975,0.009753755639015885,10.27,-0.006196926365326933,3.686,4.9003797317843665,3.856,9.029914328779187,2637.75,-0.5463891219868224,3.929,0.40181853486463515
1251,-1.41,-0.9759679857215104,-5329.0,0.705405990884156,2971.64,-0.554605589570938,4.9715,-0.5669334521381286,2.1918,-0.5856413903060793,7.19,-0.5909891234226916,3.475,2.891177024396334,3.063,2.8158462735509975,2486.75,-1.09816008050581,3.029,-2.4159730768682324
1252,-0.0182,-0.8148483078625551,-5759.5,-0.029998001887236156,2958.99,-0.751075270685661,4.277,-0.7424462258321378,1.9295,-0.7580739251204756,6.33,-0.7542752563672805,3.686,4.9003797317843665,3.856,9.029914328779187,2634.75,-0.5573514589110408,3.929,0.40181853486463515
1253,2.9282,-0.47376264983437144,-5345.25,0.6776468390083485,3028.08,0.3219753434025719,4.7353,-0.6266254854664584,2.4674,-0.4044656122090625,6.99,-0.6289626427121309,2.937,-2.2318137650575176,2.58,-0.9690148496207772,2529.0,-0.9437738354897357,4.269,1.4663175881859416
1254,3.8882,-0.36262966323816725,-5469.5,0.4653960931271744,2988.41,-0.294147364093161,3.9965,-0.8133336743867378,1.9284,-0.7587970505047525,6.18,-0.78275539583436,2.937,-2.2318137650575176,2.58,-0.9690148496207772,2607.25,-0.6578395473830417,4.269,1.4663175881859416
1255,-3.5727,-1.2263297670877717,-5867.5,-0.21448959589260283,2970.86,-0.5667199256396678,6.4423,-0.19523555789889308,2.8456,-0.15584195736039838,9.31,-0.18846981895463527,2.937,-2.2318137650575176,2.58,-0.9690148496207772,2740.25,-0.1718426104093639,4.269,1.4663175881859416
1256,0.1627,-0.7939066857008328,-5326.5,0.7096766296342802,2914.04,-1.449202714646665,3.2662,-0.9978937588053628,1.7493,-0.8765350107992943,4.89,-1.0276845952512434,3.475,2.891177024396334,3.063,2.8158462735509975,2599.5,-0.6861589177706057,3.029,-2.4159730768682324
1257,1.7909,-0.6054205098925622,-5224.25,0.8843457545143613,2889.78,-1.8259896287844597,5.1569,-0.5200795021843929,2.5686,-0.3379380768555861,7.74,-0.48656194537673364,2.937,-2.2318137650575176,2.58,-0.9690148496207772,2790.0,0.00994947691725621,4.269,1.4663175881859416
1258,-2.4818,-1.1000433347150642,-5719.0,0.03918634586477635,3133.75,1.9631572567142437,3.3746,-0.9704991084548507,1.5416,-1.013074231085036,4.96,-1.0143938634999397,2.937,-2.2318137650575176,2.58,-0.9690148496207772,2684.0,-0.377386427738457,4.269,1.4663175881859416
1259,0.67,-0.7351798480964011,-5432.0,0.5294556743790378,3190.78,2.8489015977397467,3.9365,-0.8284967649866521,1.8288,-0.8242727671174626,5.88,-0.8397156747685189,2.993,-1.6985656531441053,2.627,-0.6007157341154516,2609.75,-0.6487042666128598,4.253,1.4162235150884683
1260,1.7273,-0.6127830702545608,-5242.75,0.8527430277634419,2953.63,-0.8343225031579806,3.4184,-0.9594300523169131,1.8333,-0.8213145269090569,5.09,-0.9897110759618041,2.993,-1.6985656531441053,2.627,-0.6007157341154516,2550.25,-0.8661239489431894,4.253,1.4162235150884683
1261,1.8609,-0.5973170629532557,-5603.75,0.2360627922455033,3182.87,2.7260498050427104,2.582,-1.1708035352797201,1.2755,-1.1880048354087522,3.85,-1.2251468955563276,3.475,2.891177024396334,3.063,2.8158462735509975,2665.25,-0.44590103351482135,3.029,-2.4159730768682324
1262,2.5055,-0.5226958929950127,-5294.5,0.7643408056358704,2982.67,-0.3832964525989681,6.284,-0.23524084526500075,2.8866,-0.12888910212825877,9.49,-0.15429365159414,2.937,-2.2318137650575176,2.58,-0.9690148496207772,2475.5,-1.1392688439716288,4.269,1.4663175881859416
1263,1.9764,-0.5839463755033999,-5575.0,0.28517513787193194,2983.73,-0.3668333805055614,6.6172,-0.15103514880014254,2.4904,-0.38934571781054506,9.58,-0.13720556791389232,3.475,2.891177024396334,3.063,2.8158462735509975,2515.0,-0.9949314078027545,3.029,-2.4159730768682324
1264,3.3064,-0.42998088365657516,-5544.0,0.33813105837347235,3110.08,1.5955337506284355,5.1124,-0.5313254610459962,2.1525,-0.611476688126155,7.58,-0.5169407608082851,3.413,2.300795186206483,2.971,2.0949203453278016,2708.25,-0.2887742042676924,2.626,-3.6777175430108384
1265,-2.1009,-1.0559490070124662,-5224.5,0.8839186906393488,3028.4,0.3269453274307729,4.1239,-0.7811373786795862,1.7202,-0.8956649641469837,6.07,-0.8036408314435516,3.413,2.300795186206483,2.971,2.0949203453278016,2650.5,-0.49979919005889467,2.626,-3.6777175430108384
1266,0.7864,-0.7217049734716113,-5307.75,0.7417064202602119,2987.39,-0.30998918818304344,5.0348,-0.5509363915552189,2.212,-0.5723621787039033,7.68,-0.49795400116356553,3.413,2.300795186206483,2.971,2.0949203453278016,2633.25,-0.5628326273731499,2.626,-3.6777175430108384
1267,0.9573,-0.7019209865869329,-5663.5,0.13399452611753424,3225.54,3.3887661128028044,5.5044,-0.4322599357932219,2.4035,-0.44647262316842157,8.32,-0.3764387394373597,2.937,-2.2318137650575176,2.58,-0.9690148496207772,2666.5,-0.4413333931297304,4.269,1.4663175881859416
1268,0.2236,-0.7868566868636361,-5542.75,0.34026637774853447,3033.78,0.4105031839048618,3.3124,-0.9862181790434287,1.5323,-1.019187927515741,4.83,-1.0390766510380751,2.937,-2.2318137650575176,2.58,-0.9690148496207772,2544.25,-0.888048622791626,4.269,1.4663175881859416
1269,3.4845,-0.4093633993724252,-5709.75,0.054987709240236,3036.15,0.4473121281137052,3.5149,-0.9350427482687175,1.5132,-1.03174401373364,5.16,-0.9764203442105003,3.431,2.472196365035796,2.976,2.134101102296453,2708.75,-0.286947148113656,2.992,-2.531815620906139
1270,-0.1891,-0.8346322947472335,-5834.75,-0.15854422826597545,3062.36,0.8543848824233384,2.3933,-1.218491455216451,1.1253,-1.2867443196982007,3.5,-1.2916005543128464,3.014,-1.4985976111765769,2.608,-0.7496026105963264,2567.25,-0.8040040397059525,4.25,1.4068308763826918
1271,-5.55,-1.4552289904176412,-5477.0,0.4525841768768017,3024.55,0.2671502070915112,2.4673,-1.1997903101432232,1.0409,-1.3422277582736297,3.53,-1.2859045264194304,3.014,-1.4985976111765769,2.608,-0.7496026105963264,2498.5,-1.055224260885955,4.25,1.4068308763826918
1272,0.7955,-0.7206515253695016,-5241.5,0.8548783471385041,2831.18,-2.7361179539483143,2.4776,-1.1971873129235713,1.0058,-1.3653020318991933,3.55,-1.2821071744904866,3.085,-0.8225151835720709,2.734,0.2377524650137007,2572.0,-0.7866470062426067,4.684,2.7656326091516528
1273,1.5036,-0.6386793714020303,-5095.0,1.1051377778957838,3043.08,0.5549433447243762,3.5466,-0.9270315820684293,2.0186,-0.699500768994045,5.24,-0.9612309364947246,3.326,1.472356155198149,2.982,2.1811180106588366,2412.0,-1.3713049755342492,3.217,-1.8273677179729215
1274,-0.3445,-0.852621946952494,-5356.25,0.6588560285078019,3021.37,0.2177609908112842,9.8065,0.654958932038308,3.7928,0.46683473717332613,14.5,0.7969430066063138,3.326,1.472356155198149,2.982,2.1811180106588366,2585.75,-0.7364029620066063,3.217,-1.8273677179729215
1275,-7.1427,-1.6396055609924063,-5270.0,0.8061930653870878,3040.17,0.5097475524679485,4.0128,-0.8092143681070942,1.6937,-0.9130857120409276,5.86,-0.8435130266974628,3.326,1.472356155198149,2.982,2.1811180106588366,2595.25,-0.7016888950799149,3.217,-1.8273677179729215
1276,-4.72,-1.3591452624230065,-5247.5,0.8446288141382059,2999.28,-0.12532321913528813,5.7591,-0.3678926161965853,2.6811,-0.2639820716454468,8.44,-0.35365462786369634,3.326,1.472356155198149,2.982,2.1811180106588366,2558.0,-0.8378045785556255,3.217,-1.8273677179729215
1277,0.9427,-0.7036111340914168,-5445.25,0.5068212890033794,3092.74,1.3262227411004275,4.6356,-0.6518214876799827,2.2685,-0.535219829420589,6.75,-0.6745308658594581,3.326,1.472356155198149,2.982,2.1811180106588366,2624.25,-0.5957196381458048,3.217,-1.8273677179729215
1278,1.8782,-0.5953143539239699,-5461.0,0.47991626487759675,3083.67,1.185354756301181,4.3128,-0.7333989151075222,1.8367,-0.8190794120849283,6.47,-0.7276937928646731,3.413,2.300795186206483,2.971,2.0949203453278016,2615.5,-0.6276931208414415,2.626,-3.6777175430108384
1279,-3.3427,-1.1997041557157644,-5422.25,0.5461111655045223,2983.17,-0.3755308525549079,5.7178,-0.37832987689285963,2.4908,-0.38908276312535345,8.4,-0.361249331721584,3.085,-0.8225151835720709,2.734,0.2377524650137007,2511.75,-1.006807272803991,4.684,2.7656326091516528
1280,0.6855,-0.7333855134169832,-5294.5,0.7643408056358704,3057.69,0.7818541780118156,4.4256,-0.7048923047796831,2.3539,-0.47907900413218096,6.41,-0.7390858486515048,3.085,-0.8225151835720709,2.734,0.2377524650137007,2612.5,-0.6386554577656598,4.684,2.7656326091516528
1281,-3.6036,-1.2299068600938372,-5264.5,0.8155884706373612,2961.37,-0.7141110144759331,6.5672,-0.16367105763340473,3.1044,0.014289723958571037,9.63,-0.12771218809153237,3.041,-1.241495842932609,2.521,-1.4313477818508709,2601.25,-0.6797642212314784,4.033,0.7274300099982126
1282,1.1991,-0.673929365588014,-5612.25,0.22154262049508092,2927.71,-1.2368912094420597,4.6582,-0.6461100568873483,1.8051,-0.8398528322150652,6.76,-0.6726321898949862,3.085,-0.8225151835720709,2.734,0.2377524650137007,2636.25,-0.5518702904489315,4.684,2.7656326091516528
1283,1.5882,-0.6288857769582399,-5407.25,0.5717349980052677,2865.0,-2.2108527669680833,5.4022,-0.45808773344840964,2.461,-0.40867288717212835,7.96,-0.44479107415835045,3.431,2.472196365035796,2.976,2.134101102296453,2511.5,-1.007720800881009,2.992,-2.531815620906139
1284,-6.0636,-1.5146851382466104,-5517.75,0.38297276524977675,3050.96,0.6773292014187657,4.5022,-0.6855340924471257,2.0915,-0.6515772776178749,6.61,-0.7011123293620655,3.001,-1.6223873514421894,2.496,-1.6272515666941298,2628.5,-0.5801896608364955,4.04,0.7493461669783561
1285,2.5855,-0.5134348107786624,-5767.75,-0.04409110976264611,2999.19,-0.12672102714322123,3.1843,-1.018591377474246,1.6564,-0.9376062364350449,4.68,-1.0675567905051546,3.431,2.472196365035796,2.976,2.134101102296453,2605.75,-0.663320715845151,2.992,-2.531815620906139
1286,-1.8809,-1.0304810309175028,-5733.0,0.01527076886408067,3040.48,0.5145622244952649,2.3399,-1.2319866058503748,0.993,-1.3737165818253245,3.4,-1.310587313957566,3.001,-1.6223873514421894,2.496,-1.6272515666941298,2750.25,-0.13530148732863623,4.04,0.7493461669783561
1287,-3.7773,-1.2500149848560878,-5454.0,0.4918740533779446,3007.39,0.0006348135793623091,2.2464,-1.2556157553685747,1.0067,-1.364710383857512,3.36,-1.318182017815454,3.341,1.6151904708892426,3.175,3.6934952296487973,2838.5,0.18717392385878537,3.362,-1.3733901805270705
1288,-2.1464,-1.0612162475230154,-5320.5,0.7199261626345784,3018.78,0.17753518258305748,2.6374,-1.1568029482924658,1.1709,-1.2567674855863575,3.9,-1.2156535157339676,3.024,-1.4033747340491796,2.559,-1.1335740288891145,2505.0,-1.031472530883482,4.425,1.9547348008863044
1289,0.8045,-0.7196096536201622,-5802.25,-0.10302592451436046,2939.94,-1.0469446323643483,7.4993,0.07188755483626574,3.6089,0.345941320656485,11.32,0.1931640499042294,3.001,-1.6223873514421894,2.496,-1.6272515666941298,2638.25,-0.544562065832786,4.04,0.7493461669783561
1290,-1.3618,-0.9703881836861593,-5241.0,0.8557324748885289,2971.13,-0.5625265016158756,4.387,-0.7146472263989616,2.1308,-0.6257419797977997,6.46,-0.7295924688291451,3.024,-1.4033747340491796,2.559,-1.1335740288891145,2426.5,-1.3183203470671943,4.425,1.9547348008863044
1291,-3.1382,-1.1760305143002188,-5529.25,0.3633278269992053,2889.7,-1.827232124791515,3.4336,-0.9555887360316014,1.4577,-1.0682289763039756,5.13,-0.9821163721039162,3.024,-1.4033747340491796,2.559,-1.1335740288891145,2536.75,-0.9154544651021718,4.425,1.9547348008863044
1292,0.3245,-0.7751761469182642,-5390.0,0.6012024053811249,3202.9,3.037139742807763,8.9509,0.43873326008352875,3.6908,0.3997812924494662,12.8,0.4741680926460801,3.431,2.472196365035796,2.976,2.134101102296453,2558.5,-0.8359775224015891,2.992,-2.531815620906139
1293,-9.7682,-1.9435427029802548,-5400.0,0.584119850380628,3154.54,2.286050906546264,6.4163,-0.2018062304921895,2.8514,-0.1520291144251202,9.52,-0.1485976237007242,3.431,2.472196365035796,2.976,2.134101102296453,2585.75,-0.7364029620066063,2.992,-2.531815620906139
1294,2.6991,-0.5002840740314448,-5400.25,0.5836927865056155,3020.7,0.20735508675224248,6.2357,-0.2474471331979319,2.4195,-0.43595443576075726,8.88,-0.2701128854269297,3.085,-0.8225151835720709,2.734,0.2377524650137007,2622.5,-0.6021143346849321,4.684,2.7656326091516528
1295,-3.7073,-1.2419115379167813,-5194.75,0.9347392917658272,3089.26,1.2721741647937757,3.3667,-0.9724955820505061,1.8289,-0.8242070284461647,4.9,-1.0257859192867713,3.341,1.6151904708892426,3.175,3.6934952296487973,2503.25,-1.0378672274226095,3.362,-1.3733901805270705
1296,-2.6564,-1.1202556466522489,-5371.5,0.6328051321320441,2951.06,-0.8742376873844523,2.3646,-1.2257444668867432,1.0967,-1.3055455796894004,3.49,-1.2934992302773183,3.041,-1.241495842932609,2.521,-1.4313477818508709,2696.75,-0.3307964958105292,4.033,0.7274300099982126
1297,-7.87,-1.7238003746918014,-4992.75,1.2798069027758647,3006.75,-0.009305154477032698,6.0516,-0.29397254952200264,2.6611,-0.27712980590502717,8.9,-0.2663155334979858,3.431,2.472196365035796,2.976,2.134101102296453,2608.75,-0.6523583789209326,2.992,-2.531815620906139
1298,-1.99,-1.0431108317900504,-5526.5,0.368025529624342,3054.01,0.7246993616875355,6.1495,-0.2692314400264756,2.5233,-0.36771769495353557,9.04,-0.23973406999537855,3.341,1.6151904708892426,3.175,3.6934952296487973,2512.5,-1.0040666885729363,3.362,-1.3733901805270705
1299,-5.8855,-1.4940676539624607,-5295.25,0.7630596140108331,2982.27,-0.3895089326342176,2.5985,-1.1666336853647437,1.3053,-1.1684147113619778,3.78,-1.2384376273076314,3.014,-1.4985976111765769,2.608,-0.7496026105963264,2755.25,-0.11703092578827241,4.25,1.4068308763826918
1300,4.3618,-0.3078040565173732,-5426.0,0.5397052073793359,2851.68,-2.417728352141848,5.1653,-0.5179566695004049,2.4864,-0.39197526466246113,7.55,-0.522636788701701,3.085,-0.8225151835720709,2.734,0.2377524650137007,2639.75,-0.5390808973706769,4.684,2.7656326091516528
1301,-7.6655,-1.700126733276256,-5186.25,0.9492594635162495,2870.13,-2.131177710516025,4.0743,-0.7936722002421821,1.7322,-0.8877763235912355,5.85,-0.8454117026619349,3.024,-1.4033747340491796,2.559,-1.1335740288891145,2523.0,-0.9656985093381724,4.425,1.9547348008863044
1302,1.1655,-0.6778190201188812,-5389.5,0.6020565331311497,3054.34,0.729824657716614,3.6022,-0.9129804514458421,1.6713,-0.9278111744116576,5.52,-0.9080680094895097,3.085,-0.8225151835720709,2.734,0.2377524650137007,2464.5,-1.1794640793604292,4.684,2.7656326091516528
1303,8.1455,0.13021040325768737,-5233.75,0.8681173272638891,2848.46,-2.4677388164255922,3.4324,-0.9558919978435998,1.5118,-1.0326643551318107,4.95,-1.0162925394644116,3.014,-1.4985976111765769,2.608,-0.7496026105963264,2497.25,-1.059791901271046,4.25,1.4068308763826918
1304,1.6482,-0.6219399652959772,-5633.5,0.18524219111902498,3014.42,0.10981915019885104,4.3157,-0.7326660323951932,2.0178,-0.7000266783644284,6.13,-0.7922487756567198,3.341,1.6151904708892426,3.175,3.6934952296487973,2603.5,-0.6715424685383147,3.362,-1.3733901805270705
1305,-1.4227,-0.9774381825233561,-5619.5,0.20915776811972064,3011.77,0.06866146996533086,4.6557,-0.6467418523290113,1.799,-0.8438628911642372,6.83,-0.6593414581436824,3.014,-1.4985976111765769,2.608,-0.7496026105963264,2639.0,-0.5418214816017315,4.25,1.4068308763826918
1306,0.0955,-0.8016859947625671,-5357.5,0.6567207091327398,2941.26,-1.026443448248027,4.9375,-0.5755258701447467,2.1526,-0.6114109494548569,7.38,-0.5549142800977244,3.035,-1.298629569209044,2.606,-0.7652749133837888,2563.0,-0.8195340170152616,4.146,1.0812194012491156
1307,7.1009,0.009283822217692616,-5070.75,1.146562973771989,3045.07,0.5858504328997393,4.1801,-0.7669346171509995,1.8037,-0.8407731736132358,6.07,-0.8036408314435516,3.001,-1.6223873514421894,2.496,-1.6272515666941298,2643.75,-0.5244644481383858,4.04,0.7493461669783561
1308,1.5273,-0.6359357757954366,-5421.75,0.5469652932545471,3282.87,4.27916981385474,6.2217,-0.2509851876712451,3.0798,-0.0018819891807127405,9.24,-0.20176055070593907,3.218,0.44394908222228235,2.908,1.6012428075227865,2561.0,-0.8268422416314072,3.267,-1.6708237395433183
1309,1.8582,-0.5976296244780575,-5311.25,0.7357275260100381,3014.85,0.11649756623674022,6.818,-0.1002893389257625,2.5068,-0.3785645757176892,9.95,-0.06695455722842983,3.035,-1.298629569209044,2.606,-0.7652749133837888,2635.75,-0.553697346602968,4.146,1.0812194012491156
1310,0.2336,-0.7856990515865924,-5207.25,0.913386098015206,2918.56,-1.3790016902483617,4.2573,-0.7474247739124432,2.1339,-0.6237040809875645,6.39,-0.7428832005804489,3.218,0.44394908222228235,2.908,1.6012428075227865,2596.25,-0.6980347827718422,3.267,-1.6708237395433183
1311,1.0482,-0.6913980819186049,-5594.5,0.2518641556209629,2908.11,-1.5413027311692158,3.7884,-0.8659243269507743,1.6831,-0.9200540111985052,5.72,-0.8700944902000703,3.001,-1.6223873514421894,2.496,-1.6272515666941298,2746.5,-0.1490044084839091,4.04,0.7493461669783561
1312,-1.03,-0.9319778451938461,-5349.25,0.6708138170081498,2986.79,-0.3193079082359142,9.7229,0.6338316924690938,4.5108,0.9388383970922597,14.62,0.8197271181799772,3.218,0.44394908222228235,2.908,1.6012428075227865,2602.75,-0.6742830527693692,3.267,-1.6708237395433183
1313,-1.0445,-0.9336564163455596,-5337.75,0.6904587552587212,3339.93,5.165380090882882,4.6415,-0.6503304504376579,2.3784,-0.46297302966419496,6.61,-0.7011123293620655,3.218,0.44394908222228235,2.908,1.6012428075227865,2674.75,-0.4111869665881301,3.267,-1.6708237395433183
1314,0.5982,-0.7434916693855755,-5424.5,0.5422675906294105,3038.53,0.4842763843234331,3.1249,-1.0336028371681614,1.5265,-1.0230007704510191,4.58,-1.0865435501498741,3.218,0.44394908222228235,2.908,1.6012428075227865,2459.75,-1.1968211128237747,3.267,-1.6708237395433183
1315,0.4264,-0.7633798434451879,-5092.25,1.1098354805209205,2942.21,-1.0116888081643154,3.7573,-0.8737838622450633,1.7787,-0.8572078414377112,5.45,-0.9213587412408133,3.058,-1.0796169518160386,2.553,-1.1805909372514984,2613.25,-0.6359148735346052,4.207,1.2722030549332322
1316,1.3255,-0.6592968556861805,-5440.5,0.5149355026286154,2974.65,-0.5078566773056925,7.4533,0.06026251870966463,3.4722,0.25607655699225323,11.1,0.15139317868584606,3.058,-1.0796169518160386,2.553,-1.1805909372514984,2568.0,-0.8012634554748979,4.207,1.2722030549332322
1317,-3.4191,-1.2085484892323792,-5412.75,0.5623395927549943,2992.34,-0.2331097477468438,4.1054,-0.785812664947893,1.8762,-0.7931126369222571,5.93,-0.8302222949461592,3.341,1.6151904708892426,3.175,3.6934952296487973,2577.75,-0.7656358604711884,3.362,-1.3733901805270705
1318,0.1773,-0.792216538196349,-5731.25,0.01826021598916763,3212.7,3.189345503671338,6.3655,-0.21464431386678365,2.7348,-0.22868040515847357,9.61,-0.13150954002047657,3.058,-1.0796169518160386,2.553,-1.1805909372514984,2725.5,-0.2257407669534372,4.207,1.2722030549332322
1319,-1.7336,-1.0134290632866476,-5200.25,0.9253438865155538,2912.24,-1.4771588748052844,3.454,-0.9504332852276306,1.2919,-1.1772236933158964,4.99,-1.0086978356065237,3.041,-1.241495842932609,2.521,-1.4313477818508709,2465.5,-1.1758099670523563,4.033,0.7274300099982126
1320,-6.74,-1.5929875883858529,-5415.25,0.5580689540048701,2990.66,-0.25920216389489037,4.736,-0.6264485827427927,2.5064,-0.37882753040288075,7.3,-0.5701036878135001,3.341,1.6151904708892426,3.175,3.6934952296487973,2674.5,-0.41210049466514825,3.362,-1.3733901805270705
1321,-3.1927,-1.1823396265601076,-5156.5,1.000080064642728,2907.65,-1.5484470832097517,3.0517,-1.052101807700057,1.3263,-1.1546095903894182,4.4,-1.1207197175103696,3.341,1.6151904708892426,3.175,3.6934952296487973,2613.25,-0.6359148735346052,3.362,-1.3733901805270705
1322,2.7927,-0.4894486078383149,-5419.75,0.5503818042546466,2965.41,-0.6513649661199277,3.9522,-0.824529089613008,1.8276,-0.8250616311730374,6.01,-0.8150328872303835,3.058,-1.0796169518160386,2.553,-1.1805909372514984,2727.25,-0.21934607041430987,4.207,1.2722030549332322
1323,3.64,-0.3913621708143942,-5470.0,0.46454196537714953,3023.56,0.2517743190042685,4.9673,-0.5679948684801226,2.0089,-0.7058774201099415,7.24,-0.5814957436003318,3.058,-1.0796169518160386,2.553,-1.1805909372514984,2498.0,-1.0570513170399916,4.207,1.2722030549332322
1324,1.0691,-0.6889786241895833,-5645.0,0.16559725286845353,3224.1,3.3664011846759103,4.55,-0.6734541636025273,2.0163,-0.7010127584338968,6.62,-0.6992136533975936,2.993,-1.6985656531441053,2.627,-0.6007157341154516,2489.0,-1.0899383278126464,4.253,1.4162235150884683
1325,-1.8736,-1.0296359571652607,-5399.75,0.5845469142556403,3193.53,2.891612397982078,4.2324,-0.7537174565114075,1.6364,-0.9507539706946252,6.04,-0.8093368593369675,3.475,2.891177024396334,3.063,2.8158462735509975,2506.0,-1.0278184185754093,3.029,-2.4159730768682324
1326,5.7309,-0.14931221073730722,-5280.25,0.7886834465115785,3033.52,0.4064650718819471,8.1035,0.22457987717740405,3.3909,0.20263101722705912,11.7,0.26531373655416385,3.01,-1.5366867620275348,2.649,-0.42832040345338135,2488.75,-1.0908518558896645,4.296,1.5508513365379282
1327,-4.0527,-1.281896260385874,-4921.0,1.4023742349044301,3188.42,2.812247965531781,6.4994,-0.18080535001130804,2.9256,-0.10325102032207702,9.52,-0.1485976237007242,3.326,1.472356155198149,2.982,2.1811180106588366,2437.0,-1.2799521678324302,3.217,-1.8273677179729215
1328,-2.5418,-1.1069891463773271,-5554.25,0.320621439497963,3177.96,2.6497916126100423,4.6392,-0.650911702243988,2.3159,-0.5040596992253835,6.94,-0.6384560225344907,3.475,2.891177024396334,3.063,2.8158462735509975,2633.25,-0.5628326273731499,3.029,-2.4159730768682324
1329,-6.6455,-1.582047935017789,-5284.0,0.7822774883863921,3266.55,4.025700628416621,5.6033,-0.40726610812102976,2.3003,-0.5143149319478562,8.12,-0.4144122587267992,2.912,-2.4698709578760045,2.569,-1.0552125149518123,2549.5,-0.8688645331742441,4.076,0.8620578314476696
1330,1.0518,-0.6909813332188691,-5396.75,0.5896716807557895,2996.01,-0.1761102434234412,5.0215,-0.5542975433048666,2.1259,-0.6289631746913966,7.36,-0.5587116320266682,3.058,-1.0796169518160386,2.553,-1.1805909372514984,2587.25,-0.730921793544497,4.207,1.2722030549332322
1331,-0.81,-0.9065098690988828,-5048.5,1.1845716586480945,3001.56,-0.08991208293437783,7.8785,0.16771828742772485,3.358,0.18100299437004966,11.46,0.21974551340683698,3.054,-1.1177061026669965,2.673,-0.24025277000385206,2605.75,-0.663320715845151,4.156,1.1125281969350358
1332,-5.1491,-1.4088193921609553,-5489.75,0.4308039192511681,3045.48,0.5922182249358663,6.2464,-0.24474304870761363,2.7074,-0.2466928010940987,9.2,-0.20935525456382711,3.054,-1.1177061026669965,2.673,-0.24025277000385206,2713.75,-0.2686765865732922,4.156,1.1125281969350358
1333,6.2636,-0.08764497952918428,-5673.5,0.11691197111703731,2971.75,-0.5528971575612428,8.6184,0.354704466342336,3.5519,0.3084702780166808,12.96,0.5045469080776316,3.054,-1.1177061026669965,2.673,-0.24025277000385206,2804.75,0.0638476334613295,4.156,1.1125281969350358
1334,-4.8873,-1.378512500607949,-5652.0,0.1536394643681057,2983.98,-0.36295058048353135,1.7904,-1.3708552439279242,0.9188,-1.4224946759283674,2.75,-1.4340012516482437,3.054,-1.1177061026669965,2.673,-0.24025277000385206,2740.25,-0.1718426104093639,4.156,1.1125281969350358
1335,-2.15,-1.0616329962227513,-5467.75,0.46838554025226137,3039.64,0.5015160164212416,8.2545,0.26274032185385526,3.4738,0.2571283757330199,12.21,0.3621462107422343,3.045,-1.203406692081651,2.594,-0.8593087301085536,2577.5,-0.7665493885482065,4.185,1.2033237044242058
1336,-1.97,-1.040795561235963,-5377.0,0.6234097268817709,2908.47,-1.5357114991374976,2.8027,-1.1150286336897015,1.2915,-1.177486648001088,4.15,-1.1681866166221686,3.423,2.39601806333388,3.064,2.8236824249447268,2511.75,-1.006807272803991,2.84,-3.0077093153321344
1337,0.7,-0.7317069422652698,-5311.0,0.7361545898850504,2915.54,-1.4259059145144846,7.0696,-0.03670544567678787,2.8398,-0.15965480029567686,10.46,0.02987791695964062,3.045,-1.203406692081651,2.594,-0.8593087301085536,2571.0,-0.7903011185506795,4.185,1.2033237044242058
1338,-2.7136,-1.1268773204369393,-5425.5,0.5405593351293608,2997.45,-0.1537453152965542,6.015,-0.3032220347879504,2.5379,-0.35811984894404186,9.09,-0.2302406901730186,3.054,-1.1177061026669965,2.673,-0.24025277000385206,2583.75,-0.7437111866227518,4.156,1.1125281969350358
1339,-5.2427,-1.4196548583540856,-5439.25,0.5170708220036776,2990.85,-0.2562512358781467,8.0432,0.2093409711244901,3.5801,0.32700858332268906,11.65,0.2558203567318042,3.045,-1.203406692081651,2.594,-0.8593087301085536,2566.5,-0.806744623937007,4.185,1.2033237044242058
1340,-2.8055,-1.137515988632972,-5361.75,0.6494606232575286,3029.98,0.3514846235700019,5.1201,-0.5293795310856738,2.1918,-0.5856413903060793,7.46,-0.5397248723819487,3.045,-1.203406692081651,2.594,-0.8593087301085536,2532.5,-0.930984442411481,4.185,1.2033237044242058
1341,-4.6582,-1.3519910764108756,-5506.5,0.4021906396253358,3033.51,0.4063097598810696,4.7022,-0.6349904571140776,2.0846,-0.65611324593743,6.93,-0.6403546984989628,3.045,-1.203406692081651,2.594,-0.8593087301085536,2659.0,-0.4687392354402761,4.185,1.2033237044242058
1342,-1.1455,-0.945348532643702,-5475.5,0.4551465601268762,3034.5,0.42168564796830527,4.1182,-0.782577872286578,1.8619,-0.802513266917857,6.0,-0.8169315631948554,3.035,-1.298629569209044,2.606,-0.7652749133837888,2553.0,-0.8560751400959893,4.146,1.0812194012491156
1343,3.1336,-0.44998482124389194,-5486.5,0.4363557496263296,3058.46,0.7938132020796679,4.2996,-0.7367347950395035,1.6719,-0.9274167423838703,6.31,-0.7580726082962246,3.085,-0.8225151835720709,2.734,0.2377524650137007,2656.25,-0.47878804428747623,4.684,2.7656326091516528
1344,3.6809,-0.3866274425312851,-5546.0,0.334714547373373,2964.69,-0.6625474301833711,4.1813,-0.7666313553390013,2.2442,-0.5511943265459789,6.26,-0.7675659881185843,3.423,2.39601806333388,3.064,2.8236824249447268,2687.75,-0.3636835065831841,2.84,-3.0077093153321344
1345,5.17,-0.21424397342669368,-5285.0,0.7805692328863425,2909.43,-1.5208015470529015,6.4886,-0.18353470631929256,2.5906,-0.3234755691700478,9.5,-0.15239497562966806,3.045,-1.203406692081651,2.594,-0.8593087301085536,2530.0,-0.9401197231816629,4.185,1.2033237044242058
1346,-1.2955,-0.962713061799359,-5312.75,0.7331651427599635,3014.42,0.10981915019885104,7.9285,0.1803541962609868,3.362,0.18363254122196573,11.98,0.31847666355937904,3.045,-1.203406692081651,2.594,-0.8593087301085536,2483.5,-1.1100359455070465,4.185,1.2033237044242058
1347,3.8109,-0.37157818392971576,-5260.25,0.8228485565125724,2997.84,-0.14768814726218218,5.1132,-0.531123286504664,2.4511,-0.4151810156306206,7.53,-0.5264341406306449,3.045,-1.203406692081651,2.594,-0.8593087301085536,2597.75,-0.6925536143097331,4.185,1.2033237044242058
1348,2.0509,-0.5753219926894235,-5445.25,0.5068212890033794,2873.83,-2.0737122701899824,8.3516,0.28727925680804994,3.4824,0.26278190146463937,12.38,0.3944237021382576,3.045,-1.203406692081651,2.594,-0.8593087301085536,2514.0,-0.9985855201108272,4.185,1.2033237044242058
1349,0.6327,-0.7394978276797746,-5431.75,0.5298827382540502,3001.74,-0.08711646691851872,5.3109,-0.48116090297794595,2.1312,-0.6254790251126078,7.83,-0.469473861696486,3.004,-1.5938204883039697,2.638,-0.5145180687844165,2760.75,-0.0969333080938722,4.162,1.131313474346589
1350,1.7036,-0.6155266658611546,-5483.0,0.44233464387650356,3057.49,0.7787479379941873,4.4746,-0.6925091141230865,1.8534,-0.8081010539781788,6.7,-0.6840242456818179,3.004,-1.5938204883039697,2.638,-0.5145180687844165,2549.0,-0.8706915893282804,4.162,1.131313474346589
1351,-1.7818,-1.0190088653219986,-5149.0,1.0128919808931005,2910.77,-1.4999897389348182,4.0694,-0.7949105193078418,2.1375,-0.62133748882084,6.02,-0.8131342112659116,3.423,2.39601806333388,3.064,2.8236824249447268,2470.0,-1.1593664616660289,2.84,-3.0077093153321344
1352,-2.2373,-1.0717391521913435,-5398.75,0.58625516975569,2985.31,-0.3422940843663325,6.3223,-0.22556173909872193,2.911,-0.11284886633157078,9.32,-0.18657114299016336,3.004,-1.5938204883039697,2.638,-0.5145180687844165,2552.75,-0.8569886681730076,4.162,1.131313474346589
1353,-4.9627,-1.3872410705968592,-5238.0,0.8608572413886779,3020.62,0.206112590745194,5.8746,-0.33870366679175007,2.2919,-0.5198369803368799,8.87,-0.2720115613914019,3.423,2.39601806333388,3.064,2.8236824249447268,2757.0,-0.11063622924914507,2.84,-3.0077093153321344
1354,-2.0327,-1.0480539344230275,-5305.25,0.7459770590103362,3019.44,0.1877857746412146,4.8172,-0.6059278667975752,2.518,-0.3712018445323244,7.01,-0.625165290783187,3.049,-1.165317541230693,2.585,-0.9298340926521261,2482.75,-1.1127765297381012,3.959,0.49574492192239816
1355,-1.8709,-1.029323395640459,-5516.5,0.38510808462483886,3185.63,2.768915917285926,4.1828,-0.7662522780740034,1.668,-0.9299805505644884,5.93,-0.8302222949461592,2.987,-1.7556993794205402,2.678,-0.20107201303520097,2607.75,-0.6560124912290054,4.255,1.4224852742256517
1356,3.7555,-0.37799148336453836,-5206.0,0.915521417390268,3029.94,0.3508633755664776,7.5153,0.07593104566290959,3.0927,0.006598299416716369,10.92,0.11721701132535077,3.423,2.39601806333388,3.064,2.8236824249447268,2634.25,-0.5591785150650771,2.84,-3.0077093153321344
1357,-4.8609,-1.3754563434765532,-4977.5,1.3058577991516227,3117.3,1.7076690152646679,6.2351,-0.24759876410393092,2.4862,-0.3921067420050569,9.2,-0.20935525456382711,2.969,-1.9271005582498535,2.683,-0.16189125606654992,2521.0,-0.9730067339543178,4.178,1.1814075474440622
1358,-0.1145,-0.8259963355804868,-5404.5,0.5764327006304043,3084.17,1.193120356345241,5.2041,-0.5081512042457935,2.1549,-0.6098989600150052,7.97,-0.44289239819387854,2.987,-1.7556993794205402,2.678,-0.20107201303520097,2492.75,-1.0762354066573734,4.255,1.4224852742256517
1359,-3.9255,-1.2671711396618768,-5241.0,0.8557324748885289,3005.9,-0.022506674551933527,5.146,-0.5228341303100441,1.8511,-0.8096130434180304,7.29,-0.5720023637779721,3.004,-1.5938204883039697,2.638,-0.5145180687844165,2434.5,-1.289087448602612,4.162,1.131313474346589
1360,-3.54,-1.2225442997318388,-5393.5,0.595223511130951,3024.48,0.2660630230853403,4.8902,-0.5874794399010126,2.1173,-0.6346167004230161,6.87,-0.6517467542857945,3.004,-1.5938204883039697,2.638,-0.5145180687844165,2659.0,-0.4687392354402761,4.162,1.131313474346589
1361,-5.68,-1.4702782490192106,-5422.75,0.5452570377544974,2981.72,-0.39805109268268657,8.4634,0.3155331489592239,3.6995,0.40550055685238373,12.4,0.3982210540672015,2.987,-1.7556993794205402,2.678,-0.20107201303520097,2571.75,-0.7875605343196249,4.255,1.4224852742256517
1362,2.4209,-0.5324894874388032,-5130.75,1.0440676437690073,3001.9,-0.08463147490441468,4.2983,-0.7370633286691682,2.1563,-0.6089786186168347,6.46,-0.7295924688291451,2.987,-1.7556993794205402,2.678,-0.20107201303520097,2611.0,-0.6441366262277689,4.255,1.4224852742256517
1363,-0.3136,-0.8490448539464288,-5392.25,0.597358830506013,3016.46,0.14150279837861585,9.1663,0.4931687553372212,3.6164,0.3508717210038275,13.1,0.5311283715802388,2.92,-2.393692656174088,2.589,-0.8984894870772046,2619.0,-0.6149037277631868,4.137,1.053041485131786
1364,-0.0345,-0.8167352533641365,-5390.0,0.6012024053811249,3163.86,2.4308016913675474,7.1003,-0.02894699765316512,2.6685,-0.2722651442289824,10.19,-0.021386334081102656,3.413,2.300795186206483,2.971,2.0949203453278016,2596.25,-0.6980347827718422,2.626,-3.6777175430108384
1365,-1.2164,-0.9535561667579425,-5274.25,0.7989329795118767,2988.39,-0.29445798809492313,10.9187,0.9360320881253882,4.1701,0.7148667439803087,15.44,0.9754185472666783,3.045,-1.203406692081651,2.594,-0.8593087301085536,2565.0,-0.8122257923991162,4.185,1.2033237044242058
1366,1.8109,-0.6031052393384746,-5043.5,1.193112936148343,3013.32,0.09273483010192013,5.9964,-0.3079225928739237,2.7887,-0.19324726132890455,9.07,-0.23403804210196244,3.069,-0.9748717869759029,2.593,-0.8671448815022831,2611.25,-0.6432230981507507,4.136,1.0499106055631957
1367,1.2109,-0.6725633559611023,-5547.5,0.33215216412329845,2886.03,-1.8842316291149106,3.1765,-1.0205625792522348,1.4385,-1.0808508011931728,4.73,-1.0580634106827946,3.069,-0.9748717869759029,2.593,-0.8671448815022831,2910.0,0.44844295388598815,4.136,1.0499106055631957
1368,-2.5945,-1.1130898842873478,-5294.5,0.7643408056358704,2916.12,-1.416897818463376,3.3232,-0.983488822735444,1.6733,-0.9264964009856995,4.85,-1.0352792991091313,3.069,-0.9748717869759029,2.593,-0.8671448815022831,2665.5,-0.44498750543780313,4.136,1.0499106055631957
1369,-2.91,-1.1496132772780796,-5259.25,0.824556812012622,3103.67,1.4959787580635866,2.7876,-1.1188446781573467,1.5332,-1.01859627947406,3.99,-1.19856543205372,3.069,-0.9748717869759029,2.593,-0.8671448815022831,2618.5,-0.6167307839172231,4.136,1.0499106055631957
1370,-3.2436,-1.1882319901202605,-5395.5,0.5918070001308515,3222.84,3.3468318725648825,5.7353,-0.37390730880121814,2.5816,-0.3293920495868589,8.62,-0.319478460503201,3.072,-0.9463049238376834,2.594,-0.8593087301085536,2490.75,-1.083543631273519,3.882,0.25466719514080854
1371,-3.6345,-1.2334839530999024,-5573.75,0.28731045724699406,2979.93,-0.42585194084042133,4.6133,-0.6574571030196177,1.931,-0.757087845051007,6.77,-0.6707335139305143,3.069,-0.9748717869759029,2.593,-0.8671448815022831,2926.5,0.5087358069691887,4.136,1.0499106055631957
1372,-3.9927,-1.2749504487236112,-5487.0,0.43550162187630476,2881.1,-1.9608004455493482,2.5272,-1.1846524913609753,1.3998,-1.1062916669854606,3.79,-1.2365389513431593,3.072,-0.9463049238376834,2.594,-0.8593087301085536,2705.0,-0.3006500692689289,3.882,0.25466719514080854
1373,-2.3618,-1.0861517113905388,-5364.75,0.6443358567573796,2945.78,-0.9562424238497235,4.0841,-0.7911955621108626,2.1102,-0.6392841460851674,6.09,-0.7998434795146078,3.072,-0.9463049238376834,2.594,-0.8593087301085536,2454.25,-1.216918730518175,3.882,0.25466719514080854
1374,4.7282,-0.2653882999664885,-5464.5,0.47393737062742286,2996.28,-0.171916819399649,5.44,-0.4485349863704634,2.4675,-0.40439987353776474,7.72,-0.4903592973056777,3.069,-0.9748717869759029,2.593,-0.8671448815022831,2659.5,-0.46691217928623974,4.136,1.0499106055631957
1375,-3.1964,-1.182767951612614,-5362.5,0.6481794316324914,3062.34,0.8540742584215764,4.4213,-0.7059789929393439,2.2705,-0.5339050559946308,6.62,-0.6992136533975936,3.072,-0.9463049238376834,2.594,-0.8593087301085536,2615.0,-0.6295201769954778,3.882,0.25466719514080854
1376,-1.5036,-0.9868034519146404,-5378.0,0.6217014713817212,3028.38,0.3266347034290108,2.8462,-1.1040353930047635,1.3435,-1.1433025389261793,4.16,-1.1662879406576967,3.072,-0.9463049238376834,2.594,-0.8593087301085536,2519.5,-0.978487902416427,3.882,0.25466719514080854
1377,8.9964,0.22871358898134375,-5339.75,0.6870422442586218,3017.35,0.15532556645704093,7.364,0.037694785533458744,2.5629,-0.3416851811195665,10.59,0.05456070449777596,3.098,-0.6987254433064584,2.563,-1.102229423314193,2520.5,-0.9748337901083542,4.058,0.8057019992130129
1378,-0.4109,-0.8603086451920648,-5492.75,0.42567915275101903,3013.79,0.10003449414333355,5.6724,-0.3898032821134617,2.5781,-0.3316929030822854,8.24,-0.39162814715313543,3.098,-0.6987254433064584,2.563,-1.102229423314193,2671.0,-0.4248898877434029,4.058,0.8057019992130129
1379,-6.5027,-1.5655169032616034,-5342.0,0.68319866938351,3043.32,0.5586708327455288,3.3019,-0.9888717198984137,1.7074,-0.904079514073115,4.81,-1.0428740029670192,3.098,-0.6987254433064584,2.563,-1.102229423314193,2536.75,-0.9154544651021718,4.058,0.8057019992130129
1380,-3.7673,-1.248857349579044,-5656.75,0.14552525074286965,3093.31,1.3350755251506585,5.8656,-0.3409781303817373,2.5016,-0.38198298662518027,8.56,-0.33087051629003256,3.072,-0.9463049238376834,2.594,-0.8593087301085536,2560.0,-0.83049635393948,3.882,0.25466719514080854
1381,3.3691,-0.4227225104695106,-5522.0,0.3757126793745656,2862.69,-2.2467298391716404,5.0427,-0.5489399179595634,2.4916,-0.3885568537549703,7.33,-0.5644076599200841,3.098,-0.6987254433064584,2.563,-1.102229423314193,2752.25,-0.1279932627124907,4.058,0.8057019992130129
1382,1.3355,-0.6581392204091366,-5302.75,0.7502476977604604,3097.89,1.4062084215542483,4.9672,-0.568020140297789,2.0379,-0.6868132054335501,7.35,-0.5606103079911403,3.072,-0.9463049238376834,2.594,-0.8593087301085536,2667.25,-0.4385928088986758,3.882,0.25466719514080854
1383,-3.4327,-1.2101228732091587,-5482.75,0.44276170775151596,2875.39,-2.0494835980525155,5.9723,-0.31401310093155615,2.8691,-0.1403933696053916,8.31,-0.37833741540183163,3.098,-0.6987254433064584,2.563,-1.102229423314193,2595.25,-0.7016888950799149,4.058,0.8057019992130129
1384,-3.8691,-1.2606420766993498,-6496.75,-1.2894093692988713,3060.16,0.8202162422294695,5.1033,-0.5336251964536499,1.9629,-0.7361172089069763,7.45,-0.5416235483464206,3.072,-0.9463049238376834,2.594,-0.8593087301085536,2259.5,-1.928557102515346,3.882,0.25466719514080854
1385,4.9336,-0.24161047137600894,-5519.25,0.38041038199970223,2975.87,-0.48890861319818885,5.8227,-0.35181974016067596,2.3678,-0.46994132882177264,8.32,-0.3764387394373597,3.098,-0.6987254433064584,2.563,-1.102229423314193,2622.0,-0.6039413908389685,4.058,0.8057019992130129
1386,1.1891,-0.6750870008650578,-5414.25,0.5597772095049198,2955.82,-0.8003091749649964,6.2608,-0.24110390696363435,2.9194,-0.10732681794254706,9.15,-0.21884863438618674,3.072,-0.9463049238376834,2.594,-0.8593087301085536,2548.75,-0.8716051174052986,3.882,0.25466719514080854
1387,-2.3109,-1.080259347830386,-6553.5,-1.3863528689266913,2994.64,-0.19738798754417136,7.9419,0.18374061982830123,3.2464,0.10763863720159132,11.72,0.269111088483108,3.656,4.614711100402184,3.045,2.6747955484638486,2271.75,-1.8837942267414547,3.205,-1.8649382727960264
1388,-3.0645,-1.1674987423084062,-5711.75,0.05157119824013662,3053.36,0.7146040816302559,4.4816,-0.6907400868864296,2.0839,-0.6565734166365155,6.67,-0.6897202735752338,3.656,4.614711100402184,3.045,2.6747955484638486,2757.25,-0.10972270117212687,3.205,-1.8649382727960264
1389,-1.99,-1.0431108317900504,-5477.0,0.4525841768768017,2871.59,-2.1085021583873687,5.941,-0.32192317986117813,2.7298,-0.23196733872336858,9.08,-0.23213936613749053,3.427,2.434107214184838,2.99,2.2438072218086798,2608.5,-0.6532719069979508,2.679,-3.511780925875459
1390,3.1727,-0.44545846731065075,-5694.25,0.08146566949100621,3001.71,-0.08758240292115838,3.742,-0.8776504503480415,1.7117,-0.9012527512073053,5.5,-0.9118653614184535,3.656,4.614711100402184,3.045,2.6747955484638486,2631.25,-0.5701408519892954,3.205,-1.8649382727960264
1391,1.8318,-0.6006857816094531,-5946.25,-0.34901471652151606,3042.43,0.5448480646670966,4.2518,-0.7488147238841019,2.2202,-0.5669716076574753,6.44,-0.7333898207580889,3.427,2.434107214184838,2.99,2.2438072218086798,2747.25,-0.14626382425285453,2.679,-3.511780925875459
1392,-4.9191,-1.3821937807889484,-5540.0,0.34496408037367116,3001.81,-0.08602928291234777,5.6678,-0.39096578572612184,2.4315,-0.4280657952050091,8.54,-0.33466786821897676,3.427,2.434107214184838,2.99,2.2438072218086798,2780.25,-0.025678118086453258,2.679,-3.511780925875459
1393,-2.3264,-1.0820536825098037,-5418.75,0.5520900597546963,2915.71,-1.4232656104995032,3.253,-1.0012296387373438,1.6017,-0.9735652896349972,4.89,-1.0276845952512434,3.656,4.614711100402184,3.045,2.6747955484638486,2670.5,-0.4267169438974393,3.205,-1.8649382727960264
1394,-6.2591,-1.5373169079128168,-5587.5,0.26382194412131077,3056.37,0.7613529938954943,3.2128,-1.0113889094392865,1.5308,-1.0201740075852095,4.88,-1.0295832712157154,3.656,4.614711100402184,3.045,2.6747955484638486,2613.75,-0.6340878173805689,3.205,-1.8649382727960264
1395,-0.4636,-0.8664093831020856,-5524.25,0.37186910449945376,3015.36,0.12441847828168495,3.5555,-0.9247823902961088,1.5425,-1.012482583043355,5.18,-0.9726229922815565,3.427,2.434107214184838,2.99,2.2438072218086798,2657.25,-0.47513393197940346,2.679,-3.511780925875459
1396,-0.28,-0.8451551994155616,-6370.0,-1.0728879846675727,2981.04,-0.40861230874260585,8.9449,0.43721695102353725,4.197,0.7325504465594446,12.57,0.43049854546322486,3.398,2.1579608705153936,2.985,2.2046264648400253,2280.0,-1.8536478001998544,2.398,-4.391558084649831
1397,4.7382,-0.2642306646894447,-5403.5,0.578140956130454,2984.41,-0.3562721644456422,66.3942,14.955699297717924,31.8827,18.932761766082603,111.43,19.200809130233058,3.656,4.614711100402184,3.045,2.6747955484638486,2792.5,0.019084757687438128,3.205,-1.8649382727960264
1398,-6.4945,-1.5645676423344277,-5573.75,0.28731045724699406,2852.18,-2.409962752097788,6.5708,-0.16276127219740974,3.3018,0.1440578611006289,9.79,-0.09733337265998128,3.427,2.434107214184838,2.99,2.2438072218086798,2578.25,-0.763808804317152,2.679,-3.511780925875459
1399,-3.9618,-1.271373355717546,-4958.5,1.3383146536525667,2864.77,-2.2144249429883516,4.9627,-0.5691573720927827,1.9333,-0.7555758556111553,7.17,-0.5947864753516356,3.427,2.434107214184838,2.99,2.2438072218086798,2477.25,-1.1328741474325013,2.679,-3.511780925875459
1400,-2.49,-1.1009925956422402,-5247.0,0.8454829418882307,3052.98,0.7087022255967684,6.2746,-0.23761639612565386,2.5045,-0.3800765651575409,8.79,-0.28720096910717763,2.92,-2.393692656174088,2.589,-0.8984894870772046,2541.25,-0.8990109597158443,4.137,1.053041485131786
1401,-0.5345,-0.8746170172163261,-5442.25,0.5119460555035285,2870.76,-2.121393054460507,7.9648,0.1895278660739352,4.1417,0.6961969613317049,11.77,0.27860446830546765,3.427,2.434107214184838,2.99,2.2438072218086798,2608.0,-0.6550989631519872,2.679,-3.511780925875459
1402,-7.8145,-1.7173754989042085,-5441.0,0.5140813748785906,3014.77,0.11525507022969173,7.7685,0.13991928799454856,3.65,0.3729599145599224,11.9,0.3032872558436033,3.427,2.434107214184838,2.99,2.2438072218086798,2689.75,-0.3563752819670386,2.679,-3.511780925875459
1403,-2.9791,-1.1576125370424521,-5597.5,0.24673938912081386,3027.72,0.3163841113708466,4.6832,-0.6397921024707173,2.6016,-0.3162443153272786,7.0,-0.627063966747659,3.398,2.1579608705153936,2.985,2.2046264648400253,2680.5,-0.39017582081671165,2.398,-4.391558084649831
1404,0.3173,-0.7760096443177358,-5399.5,0.5849739781306528,2893.19,-1.7730282364839716,5.9014,-0.3319308196571217,2.9726,-0.07235384481206343,8.88,-0.2701128854269297,3.237,0.6248725487643341,2.723,0.15155479968266558,2579.0,-0.7610682200860974,3.853,0.16387168765163862
1405,-3.4618,-1.2134915918653562,-5429.25,0.5341533770041744,3006.5,-0.013187954499062769,2.3936,-1.2184156397634514,1.1102,-1.2966708590641838,3.5,-1.2916005543128464,3.398,2.1579608705153936,2.985,2.2046264648400253,2529.0,-0.9437738354897357,2.398,-4.391558084649831
1406,-3.4391,-1.2108637597864667,-5650.5,0.1562018476181802,3094.77,1.3577510772793147,1.8547,-1.3546054651683492,1.0188,-1.356756004630466,2.68,-1.4472919833995475,3.237,0.6248725487643341,2.723,0.15155479968266558,2730.25,-0.20838373349009157,3.853,0.16387168765163862
1407,-3.5573,-1.2245470087611243,-5168.25,0.9800080625171439,2985.78,-0.334994420324912,2.8933,-1.0921323668838308,1.2841,-1.1823513096771328,4.17,-1.1643892646932248,3.398,2.1579608705153936,2.985,2.2046264648400253,2634.5,-0.5582649869880589,2.398,-4.391558084649831
1408,2.6827,-0.5021825958857966,-5226.25,0.8809292435142618,3171.42,2.5482175640337363,4.2653,-0.7454030284991212,2.1752,-0.5965540097415313,6.29,-0.7618699602251684,3.398,2.1579608705153936,2.985,2.2046264648400253,2537.25,-0.9136274089481354,2.398,-4.391558084649831
1409,1.7791,-0.6067865195194739,-6456.75,-1.2210791492968835,3068.47,0.9492805149617484,8.0368,0.2077235747938323,3.0567,-0.017067622250527957,11.33,0.19506272586870133,3.234,0.5963056856261144,2.819,0.9038253334807828,2251.25,-1.9587035290569466,4.333,1.6666938805758347
1410,-1.4627,-0.9820687236315312,-5362.75,0.6477523677574789,3012.98,0.08745422207195698,6.6101,-0.15282944785446584,3.3431,0.17120793234666237,9.89,-0.07834661301526137,3.398,2.1579608705153936,2.985,2.2046264648400253,2583.5,-0.74462471469977,2.398,-4.391558084649831
1411,-5.4282,-1.4411289927432478,-5313.75,0.7314568872599139,3060.55,0.8262734102638416,3.7528,-0.8749210940400568,2.1364,-0.6220606142051169,5.79,-0.8568037584487666,3.513,3.2530239574804334,3.02,2.47889176362059,2765.25,-0.08048980270754474,3.23,-1.7866662835812248
1412,-1.4609,-0.9818603492816633,-5689.0,0.0904340108662671,3025.46,0.28128359917169843,7.3778,0.04118229637143901,3.135,0.03440575737572877,11.05,0.14189979886348644,3.225,0.51060509621146,2.673,-0.24025277000385206,2689.25,-0.35820233812107494,4.138,1.0561723647003791
1413,-4.8009,-1.3685105318142907,-5398.75,0.58625516975569,2973.39,-0.5274259894167275,4.4643,-0.6951121113427384,1.8861,-0.7866045084637647,6.64,-0.6954163014686497,3.225,0.51060509621146,2.673,-0.24025277000385206,2600.5,-0.6825048054625329,4.138,1.0561723647003791
1414,-2.6682,-1.1216216562791606,-5284.5,0.7814233606363673,3014.16,0.10578103817593637,4.3753,-0.7176040290659448,2.1529,-0.6112137334409634,6.68,-0.6878215976107619,3.289,1.1200315098267883,2.962,2.024394982784229,2569.75,-0.7948687589357705,2.858,-2.9513534830974764
1415,-2.2582,-1.074158609920365,-5657.5,0.1442440591178324,3037.71,0.47154080025117195,3.9613,-0.8222293542053543,1.8957,-0.7802935960191664,5.9,-0.8359183228395749,3.225,0.51060509621146,2.673,-0.24025277000385206,2571.25,-0.7893875904736614,4.138,1.0561723647003791
1416,-1.8509,-1.0270081250863712,-6349.25,-1.0374416830415418,2999.11,-0.1279635231502697,5.9273,-0.325385418881492,2.8033,-0.18364941531941079,8.62,-0.319478460503201,3.237,0.6248725487643341,2.723,0.15155479968266558,2261.5,-1.9212488778992005,3.853,0.16387168765163862
1417,-1.97,-1.040795561235963,-5231.5,0.8719609021390009,2991.63,-0.24413689980940975,8.2902,0.2717623607608044,3.0364,-0.03041257252400213,12.24,0.36784223863565,3.225,0.51060509621146,2.673,-0.24025277000385206,2492.75,-1.0762354066573734,4.138,1.0561723647003791
1418,-4.5718,-1.3419891076172172,-6461.0,-1.2283392351720948,2958.3,-0.7617917987464577,6.4959,-0.18168986362963635,3.4662,0.2521322367143793,9.44,-0.16378703141649995,3.237,0.6248725487643341,2.723,0.15155479968266558,2266.0,-1.904805372512873,3.853,0.16387168765163862
1419,-0.5655,-0.878205686575162,-6106.25,-0.6223355965294667,2998.88,-0.13153569917053767,4.8219,-0.6047400913672484,2.1906,-0.5864302543616544,7.34,-0.5625089839556122,3.225,0.51060509621146,2.673,-0.24025277000385206,2829.75,0.15520044116314866,4.138,1.0561723647003791
1420,-2.0991,-1.0557406326625982,-6504.75,-1.3030754132992688,2975.74,-0.4909276692096462,4.0262,-0.8058279445397801,1.9547,-0.7415077799534042,5.93,-0.8302222949461592,3.061,-1.051050088677819,2.533,-1.3373139651261063,2244.75,-1.9824552590594196,4.04,0.7493461669783561
1421,-5.1618,-1.4102895889628013,-5553.0,0.32275675887302513,2939.57,-1.052691176396951,4.881,-0.5898044471263327,2.2524,-0.545803755499551,7.33,-0.5644076599200841,3.106,-0.6225471416045423,2.495,-1.6350877180878594,2628.5,-0.5801896608364955,4.149,1.0906120399548922
1422,1.7736,-0.607423218921848,-5187.0,0.9479782718912122,3095.53,1.3695547893462896,7.4548,0.0606415959746625,2.9721,-0.07268253816855276,11.08,0.14759582675690222,3.225,0.51060509621146,2.673,-0.24025277000385206,2481.25,-1.1182576982002104,4.138,1.0561723647003791
1423,-0.3409,-0.8522051982527583,-5254.25,0.8330980895128705,3073.26,1.0236749633838509,7.9209,0.178433538118331,4.0836,0.6580027933076238,11.88,0.29948990391465946,3.061,-1.051050088677819,2.533,-1.3373139651261063,2587.0,-0.7318353216215153,4.04,0.7493461669783561
1424,2.8236,-0.4858715148322496,-5514.75,0.38809753174992584,3077.47,1.089061315754831,7.9017,0.17358134912635845,3.3135,0.1517492856424833,11.74,0.27290844041205187,3.061,-1.051050088677819,2.533,-1.3373139651261063,2557.25,-0.8405451627866801,4.04,0.7493461669783561
1425,3.6255,-0.39304074196610767,-5594.75,0.2514370917459505,3169.0,2.510632059820484,12.2951,1.283873386487425,4.7691,1.1086413850547399,18.4,1.5374266327503794,3.061,-1.051050088677819,2.533,-1.3373139651261063,2799.25,0.043750015766929294,4.04,0.7493461669783561
1426,0.2336,-0.7856990515865924,-5329.75,0.7041247992591187,2923.19,-1.307092233840363,6.5115,-0.17774746007365858,3.1167,0.022375580528212778,9.63,-0.12771218809153237,3.061,-1.051050088677819,2.533,-1.3373139651261063,2643.25,-0.5262915042924222,4.04,0.7493461669783561
1427,-5.8273,-1.4873302166500655,-5432.25,0.5290286105040254,3003.43,-0.060868738769594595,56.9481,12.568498129120398,23.1101,13.16577108780288,79.16,13.073781792882029,3.106,-0.6225471416045423,2.495,-1.6350877180878594,2548.5,-0.8725186454823167,4.149,1.0906120399548922
1428,-3.4873,-1.2164435618218177,-5431.25,0.5307368660040751,2953.63,-0.8343225031579806,5.9222,-0.32667428158248457,2.4362,-0.4249760776540079,8.72,-0.3004917008584811,3.225,0.51060509621146,2.673,-0.24025277000385206,2611.0,-0.6441366262277689,4.138,1.0561723647003791
1429,-5.3264,-1.429344265622942,-5636.0,0.18097155236890075,3034.74,0.42541313598945074,5.4535,-0.44512329098548276,2.5024,-0.38145707725479683,7.65,-0.5036500290569813,3.398,2.1579608705153936,2.985,2.2046264648400253,2556.5,-0.8432857470177346,2.398,-4.391558084649831
1430,-2.1264,-1.058900976968928,-6376.25,-1.0835645815428834,3038.57,0.4848976323269574,4.5812,-0.6655693564905718,2.1576,-0.6081240158899619,6.86,-0.6536454302502664,3.106,-0.6225471416045423,2.495,-1.6350877180878594,2300.0,-1.7805655540383991,4.149,1.0906120399548922
1431,-5.7373,-1.4769114991566714,-5337.25,0.691312883008746,2902.88,-1.6225309076300853,6.2186,-0.2517686140189073,2.5506,-0.3497710376892082,9.14,-0.22074731035065864,3.061,-1.051050088677819,2.533,-1.3373139651261063,2589.5,-0.7227000408513333,4.04,0.7493461669783561
1432,0.2055,-0.7889520067150854,-6517.75,-1.3252827347999148,3001.45,-0.09162051494407304,2.3679,-1.224910496903748,1.3739,-1.123317982851617,3.56,-1.2802084985260145,3.092,-0.7558591695828932,2.606,-0.7652749133837888,2304.25,-1.76503557672909,3.86,0.1857878446317821
1433,-2.8245,-1.1397154956593551,-5552.25,0.3240379504980624,2975.72,-0.49123829321140833,2.9356,-1.0814423880108912,1.2844,-1.182154093663239,4.26,-1.1473011810129772,3.339,1.5961458954637615,3.131,3.3487045683246603,2748.25,-0.14260971194478178,4.431,1.9735200782978575
1434,-4.9336,-1.3838723519406617,-5731.5,0.017833152114155208,3356.35,5.420402396329818,5.0456,-0.5482070352472341,2.4414,-0.4215576667465171,7.29,-0.5720023637779721,3.112,-0.5654134153281032,2.625,-0.6163880369029107,2600.75,-0.6815912773855147,4.173,1.1657531496011022
1435,3.1427,-0.4489313731417821,-5313.5,0.7318839511349262,3053.48,0.7164678256408286,4.1328,-0.7788881869072657,1.5433,-1.0119566736729717,6.05,-0.8074381833724956,3.237,0.6248725487643341,2.723,0.15155479968266558,2445.0,-1.2507192693678482,3.853,0.16387168765163862
1436,7.71,0.0797953869424301,-5282.25,0.7852669355114791,2816.81,-2.959301299214601,3.8915,-0.839869082936588,1.9256,-0.7606377333010937,5.76,-0.8624997863421825,3.225,0.51060509621146,2.673,-0.24025277000385206,2557.0,-0.8414586908636983,4.138,1.0561723647003791
1437,-3.1827,-1.181181991283064,-5418.25,0.5529441875047211,3100.96,1.45388920582478,4.2716,-0.7438109039861301,2.0568,-0.6743885965582468,6.33,-0.7542752563672805,3.106,-0.6225471416045423,2.495,-1.6350877180878594,2663.75,-0.4513822019769305,4.149,1.0906120399548922
1438,-5.1645,-1.410602150487603,-6333.25,-1.0101095950407466,2951.84,-0.8621233513157154,4.42,-0.7063075265690085,2.0415,-0.6844466132668257,6.5,-0.7219977649712572,3.398,2.1579608705153936,2.985,2.2046264648400253,2278.5,-1.8591289686619636,2.398,-4.391558084649831
1439,-3.5064,-1.2186546452009717,-5497.5,0.417564939125783,3004.07,-0.050928770713192524,4.9671,-0.5680454121154556,2.1005,-0.6456607972010638,7.36,-0.5587116320266682,3.106,-0.6225471416045423,2.495,-1.6350877180878594,2578.0,-0.7647223323941702,4.149,1.0906120399548922
1440,-1.0455,-0.9337721798732641,-5564.0,0.30396594837247853,2974.97,-0.5028866932774986,4.5404,-0.6758802580985136,2.1995,-0.580579512616141,6.74,-0.67642954182393,3.061,-1.051050088677819,2.533,-1.3373139651261063,2601.25,-0.6797642212314784,4.04,0.7493461669783561
1441,-4.25,-1.304736404401948,-5264.5,0.8155884706373612,2987.8,-0.3036213961469093,5.0001,-0.5597057122855027,2.0726,-0.6640018864931783,7.55,-0.522636788701701,3.106,-0.6225471416045423,2.495,-1.6350877180878594,2644.5,-0.5217238639073313,4.149,1.0906120399548922
1442,2.3091,-0.5454318498361528,-6475.5,-1.2531089399228152,2955.33,-0.807919463008179,5.1075,-0.5325637801116558,2.2496,-0.5476444382958923,7.42,-0.5473195762398365,3.106,-0.6225471416045423,2.495,-1.6350877180878594,2311.5,-1.7385432624955623,4.149,1.0906120399548922
1443,-6.2473,-1.5359508982859051,-5274.25,0.7989329795118767,3173.18,2.575552476188824,7.5956,0.09622431524912846,3.2762,0.1272287612483659,10.86,0.1058249555385189,3.237,0.6248725487643341,2.723,0.15155479968266558,2549.5,-0.8688645331742441,3.853,0.16387168765163862
1444,-2.5027,-1.1024627924440857,-6623.75,-1.506357817805182,2990.57,-0.2605999719028164,6.8676,-0.08775451736316639,3.1731,0.059452191140229316,9.69,-0.11632013230470084,3.061,-1.051050088677819,2.533,-1.3373139651261063,2269.5,-1.8920159794346185,4.04,0.7493461669783561
1445,4.1691,-0.330111688306007,-5187.25,0.9475512080161999,3219.75,3.2988404642925886,6.8146,-0.10114858072642412,3.0013,-0.05348684614956555,10.11,-0.03657574179687838,3.271,0.9486303309974752,2.654,-0.38913964648473026,2438.5,-1.274470999370321,4.029,0.7149064917238429
1446,-0.4491,-0.8647308119503722,-5384.5,0.6105978106313982,2962.45,-0.6973373183807643,3.2363,-1.0054500322876534,1.6672,-0.9305064599348716,4.68,-1.0675567905051546,3.271,0.9486303309974752,2.654,-0.38913964648473026,2661.5,-0.45960395467009424,4.029,0.7149064917238429
1447,-2.1136,-1.0574192038143118,-5158.75,0.996236489767616,2949.12,-0.9043682155554066,4.9854,-0.5634206694824816,2.2209,-0.5665114369583902,7.28,-0.573901039742444,3.271,0.9486303309974752,2.654,-0.38913964648473026,2576.25,-0.7711170289332975,4.029,0.7149064917238429
1448,-0.7664,-0.9014625792909717,-5379.0,0.6199932158816714,3047.38,0.6217275051032962,4.1137,-0.7837151040815717,2.2512,-0.546592619555126,6.26,-0.7675659881185843,3.271,0.9486303309974752,2.654,-0.38913964648473026,2567.75,-0.802176983551916,4.029,0.7149064917238429
1449,0.4345,-0.7624421588707825,-5311.75,0.7348733982600132,3214.14,3.211710431798232,6.0469,-0.2951603249523292,3.083,0.0002216483008201726,9.0,-0.24732877385326624,3.271,0.9486303309974752,2.654,-0.38913964648473026,2521.5,-0.9711796778002815,4.029,0.7149064917238429
1450,2.9864,-0.46702521252197665,-5211.0,0.9069801398900197,3043.18,0.5564964647331868,3.95,-0.8250850696016714,1.4522,-1.0718446032253601,5.61,-0.8909799258092619,3.271,0.9486303309974752,2.654,-0.38913964648473026,2601.0,-0.6806777493084966,4.029,0.7149064917238429
1451,-3.7245,-1.2439026705932967,-6194.0,-0.7722350166588271,2976.92,-0.47260085310565975,5.1156,-0.5305167628806675,2.4057,-0.44502637239986786,7.31,-0.5682050118490282,3.106,-0.6225471416045423,2.495,-1.6350877180878594,2420.5,-1.340245020915631,4.149,1.0906120399548922
1452,-1.4782,-0.983863058310949,-4416.5,2.2641891346794996,3059.44,0.8090337781660261,4.1278,-0.7801517777905919,2.0099,-0.7052200333969626,6.14,-0.7903500996922479,3.199,0.2630256156802307,2.721,0.13588249689520654,2838.75,0.18808745193580356,4.014,0.6679432981949628
1453,0.2945,-0.7786490527493956,-6451.0,-1.2112566801715978,2995.84,-0.17875054743842278,9.6409,0.6131088019825444,4.0381,0.6280916978670787,14.17,0.734286699778739,3.108,-0.6035025661790612,2.588,-0.9063256384709341,2282.0,-1.8463395755837089,4.224,1.3254280075992986
1454,5.6155,-0.16267132183439265,-6358.25,-1.052815982541989,2913.84,-1.4523089546642862,2.9642,-1.0742146481582653,1.4746,-1.0571191408546303,4.42,-1.1169223655814255,3.199,0.2630256156802307,2.721,0.13588249689520654,2319.25,-1.7102238921079984,4.014,0.6679432981949628
1455,5.5191,-0.17383092590509483,-6422.5,-1.1625713984201815,3022.41,0.23391343890292873,9.4815,0.5728255246221051,3.9968,0.6009416266210453,13.84,0.6716303929511642,3.199,0.2630256156802307,2.721,0.13588249689520654,2257.5,-1.9358653271314916,4.014,0.6679432981949628
1456,2.2618,-0.5509074646965699,-5641.0,0.17243027486865228,3026.86,0.30302727929506823,8.7071,0.3771205686125431,3.8378,0.4964171392573818,12.5,0.41720781371192106,3.15,-0.20356648224400403,2.545,-1.2432801484013416,2686.0,-0.37007820312231143,4.435,1.9860435965722245
1457,2.3936,-0.5356498317451327,-6464.25,-1.2338910655472561,3048.58,0.6403649452090378,8.1848,0.24512586494028776,4.2626,0.7756750149308679,11.71,0.2672124125186361,3.199,0.2630256156802307,2.721,0.13588249689520654,2262.0,-1.9194218217451642,4.014,0.6679432981949628
1458,-2.7973,-1.136566727705796,-5362.5,0.6481794316324914,2928.89,-1.2185643933380803,76.9317,17.618717084327898,30.7024,18.156848228753468,105.93,18.15653734977348,3.15,-0.20356648224400403,2.545,-1.2432801484013416,2680.0,-0.39200287697074804,4.435,1.9860435965722245
1459,-0.0864,-0.8227433804519938,-5249.25,0.8416393670131189,3006.8,-0.008528594472623857,5.2994,-0.48406716200959615,2.3327,-0.49301560244733605,7.94,-0.4485884260872943,3.349,1.6913687725911588,2.665,-0.30294198115369514,2609.25,-0.6505313227668963,4.227,1.3348206463050751
1460,-0.2491,-0.8415781064094964,-5295.25,0.7630596140108331,3051.8,0.6903754094927891,3.1226,-1.0341840889744913,1.6829,-0.9201854885411009,4.71,-1.0618607626117387,3.199,0.2630256156802307,2.721,0.13588249689520654,2560.0,-0.83049635393948,4.014,0.6679432981949628
1461,-1.7909,-1.0200623134241085,-5290.25,0.7716008915110816,2900.29,-1.662756715858319,8.2849,0.2704229544244786,3.2368,0.10132772475699288,11.51,0.2292388932291966,3.229,0.548694247062418,2.582,-0.9533425468333182,2691.5,-0.3499805854279112,4.25,1.4068308763826918
1462,1.6018,-0.6273113929814604,-6586.0,-1.4418711726783062,3051.1,0.6795035694311006,3.6852,-0.892004842782627,1.9208,-0.7637931895233929,5.43,-0.9251560931697573,3.257,0.8153183030191241,2.532,-1.3451501165198358,2235.5,-2.0162557979090927,4.289,1.5289351795577817
1463,-2.8618,-1.1440334752427286,-6553.0,-1.3854987411766664,2982.03,-0.3932364206553631,2.574,-1.1728252806930421,1.2405,-1.211013370363018,3.86,-1.2232482195918557,3.257,0.8153183030191241,2.532,-1.3451501165198358,2258.75,-1.9312976867464007,4.289,1.5289351795577817
1464,-10.68,-2.049095887541108,-6373.5,-1.0788668789177467,3088.81,1.2651851247541173,2.5881,-1.1692619544020622,1.2767,-1.1872159713531776,3.74,-1.246032331165519,3.256,0.8057960153063815,2.765,0.4806731582193436,2239.75,-2.0007258205997833,4.406,1.8952480890830545
1465,-0.5591,-0.8774647999978539,-6548.25,-1.3773845275514303,2969.65,-0.5855126777462939,3.1062,-1.038328667071801,1.5355,-1.017084290034208,4.58,-1.0865435501498741,3.256,0.8057960153063815,2.765,0.4806731582193436,2259.75,-1.927643574438328,4.406,1.8952480890830545
1466,-2.9609,-1.1555056408382325,-5426.0,0.5397052073793359,2963.26,-0.6847570463093806,7.3252,0.02788932027884738,3.406,0.21255755659304248,10.81,0.09633157571615929,3.257,0.8153183030191241,2.532,-1.3451501165198358,2598.0,-0.6916400862327149,4.289,1.5289351795577817
1467,1.4791,-0.6415155778307877,-5257.0,0.8284003868877339,2936.59,-1.0989741526595498,3.9117,-0.8347641757679501,1.7237,-0.8933641106515571,5.72,-0.8700944902000703,3.249,0.7391400013172081,2.897,1.5150451421917512,2693.75,-0.3417588327347475,4.412,1.9140333664946076
1468,1.2518,-0.6678286276779931,-6473.25,-1.2492653650477035,2968.78,-0.5990248218229569,4.0841,-0.7911955621108626,1.7128,-0.9005296258230283,5.79,-0.8568037584487666,3.256,0.8057960153063815,2.765,0.4806731582193436,2216.75,-2.084770403685457,4.406,1.8952480890830545
1469,0.0064,-0.8120005250810273,-5459.5,0.4824786481276713,2898.17,-1.6956828600451324,6.8544,-0.09109039729514765,2.7779,-0.200347037829078,10.1,-0.038474417761350306,3.249,0.7391400013172081,2.897,1.5150451421917512,2518.5,-0.9821420147244998,4.412,1.9140333664946076
1470,2.1927,-0.5589067244609426,-5351.75,0.6665431782580256,3045.87,0.5982753929702312,6.1039,-0.28075538888241036,2.8571,-0.14828201016113982,8.99,-0.24922744981773817,3.229,0.548694247062418,2.582,-0.9533425468333182,2534.75,-0.9227626897183173,4.25,1.4068308763826918
1471,3.6664,-0.3883060136829986,-6514.5,-1.3197309044247532,2926.38,-1.2575477055592585,3.6807,-0.8931420745776207,1.2959,-1.1745941464639804,5.23,-0.9631296124591965,3.129,-0.4035345242115326,2.546,-1.235443997007612,2262.75,-1.9166812375141096,4.392,1.8514157751227676
1472,1.4845,-0.6408904547811841,-5227.5,0.8787939241391998,3033.46,0.40553319987666075,6.1176,-0.2772931498620966,2.5494,-0.35055990174478324,8.59,-0.3251744883966168,3.129,-0.4035345242115326,2.546,-1.235443997007612,2575.25,-0.7747711412413703,4.392,1.8514157751227676
1473,-5.0355,-1.395668655413738,-5874.25,-0.22602032051793824,3064.53,0.8880875866145606,3.7746,-0.8694118377887546,1.9682,-0.7326330593281877,5.81,-0.8530064065198227,3.542,3.529170301149878,2.467,-1.8544999571123102,2670.5,-0.4267169438974393,4.791,3.1006367229910055
1474,-3.1427,-1.1765514501748886,-5626.0,0.19805410736939766,2959.51,-0.7429990466398316,4.191,-0.7641799890253486,1.6549,-0.9385923165045135,6.22,-0.7751606919764722,3.542,3.529170301149878,2.467,-1.8544999571123102,2703.5,-0.30613123773103806,4.791,3.1006367229910055
1475,-0.6236,-0.8849315475347863,-5100.0,1.0965965003955354,3068.72,0.9531633149837784,2.542,-1.1809122623463297,1.2564,-1.2005609216266515,3.86,-1.2232482195918557,3.166,-0.05120987884017193,2.485,-1.7134492320251649,2629.25,-0.5774490766054409,4.538,2.3085241921372104
1476,-0.0445,-0.8178928886411803,-5473.75,0.4581360072519632,3000.24,-0.11041326705069916,5.4095,-0.4562428907587532,2.6343,-0.2947477698128646,8.1,-0.418209610655743,3.542,3.529170301149878,2.467,-1.8544999571123102,2693.25,-0.3435858888887839,4.791,3.1006367229910055
1477,-1.3327,-0.9670194650299619,-5569.0,0.29542467087223007,3284.82,4.3094556540265785,8.9143,0.42948377481758093,4.0685,0.648076253941641,13.06,0.5235336677223511,3.211,0.37729306823310477,2.583,-0.9455063954395851,2650.75,-0.49888566198187645,4.166,1.1438369926209586
1478,2.6991,-0.5002840740314448,-5404.75,0.576005636755392,2938.51,-1.0691542484903578,5.1818,-0.5137868195854285,2.1683,-0.6010899780610864,7.81,-0.47327121362543,3.204,0.3106370542439314,2.51,-1.517545447181906,2592.75,-0.7108241758500968,4.133,1.040517966857419
1479,-2.5418,-1.1069891463773271,-5115.25,1.0705456040197776,3126.61,1.852264488085067,3.965,-0.8212942969516929,1.6937,-0.9130857120409276,5.83,-0.8492090545908787,3.204,0.3106370542439314,2.51,-1.517545447181906,2589.0,-0.7245270970053698,4.133,1.040517966857419
1480,-1.1236,-0.9428133113869761,-5530.25,0.36161957149915563,3016.68,0.14491966239799922,3.8851,-0.8414864792672455,1.7932,-0.8476757340995156,5.83,-0.8492090545908787,3.211,0.37729306823310477,2.583,-0.9455063954395851,2601.0,-0.6806777493084966,4.166,1.1438369926209586
1481,-0.9091,-0.9179820346943868,-5160.75,0.9928199787675166,3025.04,0.2747604951346868,4.2125,-0.7587465482270458,1.6063,-0.9705413107552936,6.32,-0.7561739323317525,3.286,1.0914646466885687,2.648,-0.43615655484711086,2566.5,-0.806744623937007,4.385,1.8294996181426213
1482,-1.7382,-1.0139615755140878,-5200.75,0.924489758765529,2983.64,-0.3682311885134945,8.3401,0.2843729977763997,3.3472,0.1739032178698762,12.09,0.3393620991685705,3.286,1.0914646466885687,2.648,-0.43615655484711086,2576.0,-0.7720305570103158,4.385,1.8294996181426213
1483,0.2327,-0.7858032387615262,-5405.5,0.5747244451303546,3036.24,0.4487099361216312,3.0945,-1.0412854697387846,1.3982,-1.107343485726227,4.49,-1.1036316338301217,3.166,-0.05120987884017193,2.485,-1.7134492320251649,2582.0,-0.7501058831618791,4.538,2.3085241921372104
1484,-1.3018,-0.9634423720238965,-5175.5,0.9676232101417837,2990.46,-0.2623084039125116,5.6614,-0.39258318205677917,3.1853,0.0674723090385733,8.42,-0.35745197979264015,3.286,1.0914646466885687,2.648,-0.43615655484711086,2585.25,-0.7382300181606426,4.385,1.8294996181426213
1485,-2.8845,-1.1466613073216179,-4821.5,1.5723456571593746,2911.22,-1.4930006988951667,2.406,-1.2152819343728025,1.306,-1.1679545406628924,3.53,-1.2859045264194304,3.194,0.21541417711653424,2.438,-2.0817483475304903,2549.25,-0.8697780612512622,4.413,1.9171642460632008
1486,-4.7682,-1.3647250644583575,-5552.0,0.32446501437307484,2984.93,-0.3481959403998199,3.8697,-0.8453783391878903,1.552,-1.0062374092700543,5.84,-0.8473103786264068,3.194,0.21541417711653424,2.438,-2.0817483475304903,2640.25,-0.5372538412166405,4.413,1.9171642460632008
1487,3.3573,-0.4240885200964223,-5393.5,0.595223511130951,2987.19,-0.31309542820066466,8.362,0.28990752584536855,3.3203,0.15621951529074068,12.81,0.476066768610552,3.321,1.4247447166344525,2.909,1.609078958916516,2598.75,-0.6888995020016603,4.523,2.2615609986083274
1488,-2.6591,-1.1205682081770507,-5304.75,0.7468311867603611,2970.42,-0.5735536536784416,6.2544,-0.2427213032942917,2.5827,-0.3286689242025819,9.2,-0.20935525456382711,3.194,0.21541417711653424,2.438,-2.0817483475304903,2805.75,0.06750174576940228,4.413,1.9171642460632008
1489,26.9709,2.309505117703712,-5475.0,0.45600068787690107,3190.97,2.8518525257564833,23.1002,4.014518557173012,9.3909,4.146951295101158,34.67,4.626572426946265,3.194,0.21541417711653424,2.438,-2.0817483475304903,2546.75,-0.8789133420214441,4.413,1.9171642460632008
1490,0.6055,-0.7426465956333336,-5591.75,0.2565618582460996,2977.92,-0.45706965301753943,4.2645,-0.7456052030404534,2.1216,-0.6317899375572065,6.51,-0.7200990890067852,3.194,0.21541417711653424,2.438,-2.0817483475304903,2476.0,-1.1374417878175924,4.413,1.9171642460632008
1491,4.7545,-0.2623437191878633,-5592.25,0.25570773049607476,3042.12,0.5400333926397801,6.2911,-0.23344654621067745,3.1368,0.03558905345909116,9.56,-0.1410029198428362,3.194,0.21541417711653424,2.438,-2.0817483475304903,2578.25,-0.763808804317152,4.413,1.9171642460632008
1492,-0.2709,-0.8441017513134518,-5394.25,0.5939423195059137,3070.74,0.9845363391617811,3.3925,-0.9659754530925428,1.359,-1.1331130448750044,4.98,-1.0105965115709956,3.321,1.4247447166344525,2.909,1.609078958916516,2507.25,-1.0232507781903184,4.523,2.2615609986083274
1493,-2.8555,-1.143304165018191,-6476.25,-1.2543901315478525,3002.54,-0.07469150684801967,3.5169,-0.934537311915387,1.3989,-1.1068833150271418,5.02,-1.003001807713108,3.204,0.3106370542439314,2.51,-1.517545447181906,2199.5,-2.147803840999712,4.133,1.040517966857419
1494,3.8873,-0.36273385041310113,-6062.25,-0.5471723545272803,3068.64,0.9519208189767299,3.8958,-0.8387823947769275,2.0038,-0.7092300923461345,5.77,-0.8606011103777106,3.194,0.21541417711653424,2.438,-2.0817483475304903,2717.5,-0.2549736654180193,4.413,1.9171642460632008
1495,-3.2373,-1.187502679895723,-6592.25,-1.4525477695536169,2983.24,-0.37444366854874406,4.4719,-0.6931914532000827,1.8896,-0.7843036549683383,6.39,-0.7428832005804489,3.106,-0.6225471416045423,2.495,-1.6350877180878594,2236.25,-2.013515213678038,4.149,1.0906120399548922
1496,-1.1627,-0.9473396653202173,-5526.75,0.36759846574932953,3073.57,1.0284896354111674,3.975,-0.8187671151850404,2.0117,-0.7040367373136005,5.93,-0.8302222949461592,3.194,0.21541417711653424,2.438,-2.0817483475304903,2741.25,-0.16818849810129113,4.413,1.9171642460632008
1497,-0.7418,-0.898614796509444,-4939.0,1.3716256359035357,2962.43,-0.6976479423825264,6.7855,-0.10850267966738275,3.0621,-0.013517734000441366,10.33,0.0051951294215049435,3.194,0.21541417711653424,2.438,-2.0817483475304903,2528.5,-0.9456008916437721,4.413,1.9171642460632008
1498,-6.7227,-1.590984879356567,-5631.0,0.1895128298691492,2918.48,-1.3802441862554102,5.315,-0.4801247584536184,2.203,-0.5782786591207146,8.05,-0.4277029904781027,3.204,0.3106370542439314,2.51,-1.517545447181906,2510.25,-1.0122884412661002,4.133,1.040517966857419
1499,0.4445,-0.7612845235937388,-5734.75,0.01228132173899371,2924.54,-1.286125113721402,5.0272,-0.5528570496978747,2.5278,-0.3647594547451299,7.16,-0.5966851513161076,3.451,2.6626421192905863,3.25,4.281206584178578,2806.25,0.06932880192343865,3.403,-1.2450241182147956
1500,-1.5091,-0.9874401513170143,-5554.75,0.31976731174793815,3107.42,1.5542207583940377,6.8431,-0.09394611269146494,2.7496,-0.21895108180638403,10.08,-0.04227176969029415,3.451,2.6626421192905863,3.25,4.281206584178578,2609.0,-0.6514448508439145,3.403,-1.2450241182147956
1501,2.44,-0.5302784040596495,-5695.0,0.08018447786596895,3033.22,0.4018057118555082,6.0401,-0.29687880855365284,3.0492,-0.021998022597870766,8.95,-0.2568221536756262,3.451,2.6626421192905863,3.25,4.281206584178578,2628.25,-0.5811031889135136,3.403,-1.2450241182147956
1502,-3.45,-1.2121255822384445,-6254.25,-0.8751574105368211,2989.59,-0.27582054798917455,5.9053,-0.3309452187681271,2.9461,-0.08977459270600735,8.97,-0.253024801746682,3.211,0.37729306823310477,2.583,-0.9455063954395851,2314.25,-1.7284944536483622,4.166,1.1438369926209586
1503,4.9209,-0.24308066817785462,-6354.5,-1.0464100244168026,2921.78,-1.3289912259646104,5.3264,-0.47724377123963485,2.1422,-0.6182477712698388,7.98,-0.44099372222940647,3.451,2.6626421192905863,3.25,4.281206584178578,2273.0,-1.8792265863563637,3.403,-1.2450241182147956
1504,-4.6173,-1.3472563481277666,-6330.5,-1.00541189241561,2905.07,-1.588517579437101,5.0841,-0.5384773854456224,2.3702,-0.4683636007106229,7.62,-0.5093460569503973,3.259,0.8343628784446011,2.671,-0.25592507279131455,2295.5,-1.7970090594247266,4.775,3.0505426498935324
1505,-1.65,-1.0037512323705615,-5594.75,0.2514370917459505,3026.67,0.30007635127832455,4.5493,-0.6736310663261931,1.8863,-0.786473031121169,6.78,-0.6688348379660422,3.259,0.8343628784446011,2.671,-0.25592507279131455,2661.75,-0.458690426593076,4.775,3.0505426498935324
1506,-2.9818,-1.157925098567254,-5093.75,1.107273097270846,2883.88,-1.9176237093043706,4.622,-0.65525845488263,2.3682,-0.4696783741365811,6.47,-0.7276937928646731,3.451,2.6626421192905863,3.25,4.281206584178578,2719.75,-0.2467519127248556,3.403,-1.2450241182147956
1507,2.0318,-0.5775330760685772,-5193.25,0.9373016750159017,2996.65,-0.16617027536704618,4.3582,-0.7219255098869204,2.1479,-0.6145006670058584,6.37,-0.7466805525093927,3.578,3.8719726588085,2.951,1.938197317453194,2530.25,-0.9392061951046448,2.431,-4.288239058886293
1508,-0.2255,-0.838846087155673,-5465.75,0.47180205125236074,2992.07,-0.23730317177063598,4.012,-0.8094165426484267,1.8957,-0.7802935960191664,6.02,-0.8131342112659116,3.259,0.8343628784446011,2.671,-0.25592507279131455,2558.5,-0.8359775224015891,4.775,3.0505426498935324
1509,-2.0455,-1.0495357075776435,-5097.0,1.1017212668956844,2931.11,-1.1840851291424492,5.1566,-0.5201553176373925,2.1519,-0.6118711201539423,7.48,-0.5359275204530046,3.179,0.07257986142544058,2.538,-1.2981332081574553,2599.25,-0.687072445847624,4.722,2.8846060327581524
1510,0.9027,-0.708241675199592,-6427.5,-1.17111267592043,2966.2,-0.6390953180503132,3.8619,-0.8473495409658791,1.7144,-0.899477807082262,5.41,-0.9289534450987011,3.578,3.8719726588085,2.951,1.938197317453194,2269.5,-1.8920159794346185,2.431,-4.288239058886293
1511,-4.8809,-1.3777716140306409,-5321.75,0.7177908432595163,2984.99,-0.34726406839453355,5.8979,-0.33281533327545,2.6441,-0.28830538002567035,8.33,-0.3745400634728878,3.157,-0.13691046825482642,2.562,-1.110065574707926,2509.5,-1.0150290254971546,4.891,3.413724679850212
1512,-3.88,-1.2619038991513276,-5153.5,1.005204831142877,3031.93,0.3817704637418336,4.8058,-0.6088088540115589,2.05,-0.6788588262065042,7.2,-0.5890904474582197,3.225,0.51060509621146,2.673,-0.24025277000385206,2623.25,-0.5993737504538775,4.138,1.0561723647003791
1513,4.7573,-0.26201958131029107,-5370.25,0.6349404515071063,3067.02,0.9267602748339767,6.981,-0.05909627612932827,3.0107,-0.04730741104756289,10.69,0.07354746414249554,3.578,3.8719726588085,2.951,1.938197317453194,2621.75,-0.6048549189159866,2.431,-4.288239058886293
1514,-5.0918,-1.4021861420234947,-5488.5,0.43293923862623024,2949.9,-0.8922538794866696,6.4652,-0.1894483116532591,3.1132,0.02007472703278633,9.74,-0.10682675248234089,3.157,-0.13691046825482642,2.562,-1.110065574707926,2703.0,-0.30795829388507445,4.891,3.413724679850212
1515,-0.6345,-0.8861933699867641,-5475.0,0.45600068787690107,3012.34,0.07751425401556197,4.1859,-0.7654688517263413,2.3908,-0.4548214344232552,6.32,-0.7561739323317525,3.259,0.8343628784446011,2.671,-0.25592507279131455,2571.25,-0.7893875904736614,4.775,3.0505426498935324
1516,-4.7227,-1.3594578239478081,-5868.25,-0.21577078751764012,3018.7,0.17629268657600192,4.6571,-0.6463880468816802,2.3173,-0.503139357827213,6.97,-0.6327599946410749,3.578,3.8719726588085,2.951,1.938197317453194,2769.5,-0.06495982539823549,2.431,-4.288239058886293
1517,-2.0164,-1.046166988921446,-5372.0,0.6319510043820193,2935.39,-1.1176115927652983,7.1862,-0.007238506277620849,2.9688,-0.07485191432138372,11.02,0.13620377097007036,3.259,0.8343628784446011,2.671,-0.25592507279131455,2431.5,-1.3000497855268305,4.775,3.0505426498935324
1518,-0.3773,-0.8564189906611978,-5468.5,0.46710434862722405,3273.46,4.13302122102553,5.0724,-0.5414341881126058,2.3884,-0.45639916253440493,7.58,-0.5169407608082851,3.578,3.8719726588085,2.951,1.938197317453194,2525.0,-0.9583902847220268,2.431,-4.288239058886293
1519,2.8691,-0.4806042743217004,-5575.0,0.28517513787193194,2903.34,-1.6153865555895492,9.6984,0.6276400971407955,3.7396,0.4318617640428422,14.29,0.7570708113524024,3.398,2.1579608705153936,2.985,2.2046264648400253,2703.5,-0.30613123773103806,2.398,-4.391558084649831
1520,-3.9073,-1.2650642434576573,-6247.0,-0.8627725581614608,2998.06,-0.14427128324279884,6.9496,-0.06703162687661673,2.7036,-0.24919087060341896,10.23,-0.013791630223214627,3.259,0.8343628784446011,2.671,-0.25592507279131455,2273.0,-1.8792265863563637,4.775,3.0505426498935324
1521,-2.0718,-1.0525802883562687,-5233.25,0.868971455013914,2943.76,-0.9876154480277262,5.7777,-0.3631920581106118,2.6498,-0.28455827576168996,8.66,-0.311883756645313,3.451,2.6626421192905863,3.25,4.281206584178578,2722.75,-0.2357895758006373,3.403,-1.2450241182147956
1522,1.3464,-0.6568773979571589,-5366.25,0.6417734735073051,3015.71,0.12985439831252565,5.3484,-0.47168397135299955,2.3581,-0.4763179799376691,7.89,-0.4580818059096543,3.795,5.938309092472972,3.026,2.5259086719829704,2653.5,-0.48883685313467634,2.175,-5.0897442284458645
1523,-1.8045,-1.021636697400888,-6458.0,-1.2232144686719457,2930.66,-1.1910741691821076,7.2043,-0.0026643072799801106,3.0621,-0.013517734000441366,10.96,0.1248117151832388,3.179,0.07257986142544058,2.538,-1.2981332081574553,2280.25,-1.8527342721228364,4.722,2.8846060327581524
1524,-4.4309,-1.32567802656367,-5641.25,0.17200321099363985,3142.21,2.094551209459742,7.3228,0.027282796654850873,3.3413,0.17002463626329997,10.76,0.08683819589379933,3.325,1.4628338674854107,2.832,1.005695301599277,2756.75,-0.11154975732616326,4.635,2.61221951029064
1525,-2.1155,-1.05763915451695,-5138.5,1.0308286636436224,2977.74,-0.45986526903340563,4.6677,-0.6437092342090286,1.9742,-0.7286887390503135,6.88,-0.6498480783213226,3.325,1.4628338674854107,2.832,1.005695301599277,2519.75,-0.9775743743394087,4.635,2.61221951029064
1526,-3.6509,-1.2353824749542544,-5587.0,0.2646760718713356,3042.45,0.5451586886688587,3.9068,-0.8360024948336098,2.4025,-0.4471300098814008,6.06,-0.8055395074080236,3.325,1.4628338674854107,2.832,1.005695301599277,2552.5,-0.8579021962500257,4.635,2.61221951029064
1527,-2.5382,-1.1065723976775912,-5566.0,0.30054943737237916,3051.2,0.6810566894399113,6.2289,-0.24916561679925536,3.1574,0.04913121974645887,9.39,-0.17328041123885954,3.325,1.4628338674854107,2.832,1.005695301599277,2617.0,-0.6222119523793324,4.635,2.61221951029064
1528,4.4209,-0.30096243203004436,-5337.0,0.6917399468837585,3028.34,0.32601345542548654,5.5992,-0.4083022526453573,2.9068,-0.11560989052608263,8.29,-0.38213476733077584,3.259,0.8343628784446011,2.671,-0.25592507279131455,2561.25,-0.825928713554389,4.775,3.0505426498935324
1529,0.5773,-0.7459111271145971,-6393.5,-1.1130319889187406,3068.78,0.9540951869890718,5.9787,-0.31239570460089855,2.5314,-0.3623928625784054,8.82,-0.2815049412137615,3.169,-0.022643015701952356,2.546,-1.235443997007612,2261.75,-1.9203353498221825,4.678,2.7468473317400997
1530,-0.1882,-0.8345281075722996,-5822.75,-0.13804516226537913,3072.29,1.0086096992983704,4.4714,-0.6933178122884152,2.0902,-0.6524318803447476,6.27,-0.7656673121541124,3.381,1.9960819793988187,2.658,-0.35779504090980874,2802.0,0.0537988246141294,4.682,2.7593708500144696
1531,-2.2382,-1.0718433393662776,-5442.25,0.5119460555035285,2959.86,-0.737563126608991,5.1526,-0.5211661903440536,2.3535,-0.47934195881737257,8.0,-0.4371963703004626,3.259,0.8343628784446011,2.671,-0.25592507279131455,2569.25,-0.7966958150898069,4.775,3.0505426498935324
1532,-1.1655,-0.9476638031977895,-5275.5,0.7967976601368145,3169.64,2.520572027876879,2.7756,-1.1218772962773296,1.1542,-1.267745843693107,4.21,-1.156794560835337,3.209,0.3582484928076279,2.518,-1.454856236032063,2541.75,-0.897183903561808,4.936,3.554614260436855
1533,-0.4527,-0.865147560650108,-5670.5,0.12203673761718639,3011.32,0.061672429925679555,5.7777,-0.3631920581106118,2.646,-0.28705634527101026,8.62,-0.319478460503201,3.381,1.9960819793988187,2.658,-0.35779504090980874,2783.25,-0.014715781162234959,4.682,2.7593708500144696
1534,-3.8991,-1.2641149825304812,-5713.0,0.0494358788650745,2969.29,-0.5911039097780192,4.1392,-0.7772707905766081,2.1139,-0.6368518152471448,6.23,-0.7732620160120001,3.381,1.9960819793988187,2.658,-0.35779504090980874,2700.0,-0.3189206308092927,4.682,2.7593708500144696
1535,1.5118,-0.6377301104748545,-5455.75,0.4888846062528576,3028.64,0.3306728154519184,5.0366,-0.5504814988372214,2.2839,-0.525096074040712,7.49,-0.5340288444885327,3.381,1.9960819793988187,2.658,-0.35779504090980874,2546.25,-0.8807403981754806,4.682,2.7593708500144696
1536,-2.3127,-1.0804677221802537,-5300.5,0.7540912726355723,3059.59,0.8113634581792455,4.7977,-0.6108558712425474,2.176,-0.5960281003711478,7.09,-0.6099758830674114,3.381,1.9960819793988187,2.658,-0.35779504090980874,2602.75,-0.6742830527693692,4.682,2.7593708500144696
1537,0.6482,-0.7377034930003566,-6430.25,-1.1758103785455667,3006.22,-0.017536690523739556,4.9008,-0.5848006272283609,2.0849,-0.6559160299235363,6.94,-0.6384560225344907,3.209,0.3582484928076279,2.518,-1.454856236032063,2268.75,-1.8947565636656731,4.936,3.554614260436855
1538,-4.3518,-1.3165211315222538,-5219.5,0.8924599681395973,3128.11,1.8755612882172474,5.9175,-0.3278620570128111,3.056,-0.017527792949613364,9.19,-0.21125393052829902,3.381,1.9960819793988187,2.658,-0.35779504090980874,2611.5,-0.6423095700737326,4.682,2.7593708500144696
1539,5.9282,-0.12647206672123312,-5638.25,0.17712797749378895,2908.94,-1.5284118350960771,4.936,-0.5759049474097446,2.121,-0.6321843695849939,6.99,-0.6289626427121309,3.381,1.9960819793988187,2.658,-0.35779504090980874,2578.25,-0.763808804317152,4.682,2.7593708500144696
1540,5.6382,-0.16004348975550317,-5685.5,0.09641290511644102,2996.04,-0.17564430742080153,7.1516,-0.01598255519023821,2.6235,-0.30184754631303806,10.16,-0.027082361974518427,3.381,1.9960819793988187,2.658,-0.35779504090980874,2843.5,0.2054444853991492,4.682,2.7593708500144696
1541,-3.1818,-1.18107780410813,-5281.0,0.7874022548865413,3246.31,3.7113491386330626,6.16,-0.26657789917149044,3.0933,0.006992731444504027,9.36,-0.17897643913227565,3.381,1.9960819793988187,2.658,-0.35779504090980874,2497.75,-1.0579648451170096,4.682,2.7593708500144696
1542,3.6809,-0.3866274425312851,-5223.25,0.8860540100144109,2965.57,-0.6488799741058235,3.5974,-0.9141934986938351,1.7714,-0.8620067644424579,5.47,-0.9175613893118695,3.726,5.281271240293947,2.924,1.7266212298224726,2670.5,-0.4267169438974393,2.032,-5.5374600067545305
1543,5.6627,-0.1572072833267459,-6424.25,-1.1655608455452686,3109.18,1.5815556705491258,3.4727,-0.9457074553239906,1.567,-0.996376608575369,5.2,-0.9688256403526124,3.726,5.281271240293947,2.924,1.7266212298224726,2275.75,-1.8691777775091638,2.032,-5.5374600067545305
1544,3.2882,-0.43208777986079494,-5756.5,-0.02487323538708708,3108.98,1.5784494305315044,2.8136,-1.1122740055640505,1.5127,-1.0320727070901297,4.23,-1.152997208906393,3.726,5.281271240293947,2.924,1.7266212298224726,2651.0,-0.4979721339048583,2.032,-5.5374600067545305
1545,4.6964,-0.26906958014748783,-5338.75,0.6887504997586715,3100.19,1.4419301817569279,4.1743,-0.7684003825756581,2.025,-0.6952934940309795,6.25,-0.7694646640830562,3.135,-0.34640079793509765,2.454,-1.9563699252308042,2721.75,-0.23944368810871006,4.947,3.589053935691368
1546,-2.4436,-1.095621167956757,-5056.25,1.1713326785227094,3093.24,1.3339883411444875,5.0766,-0.5403727717706118,2.309,-0.5085956675449387,7.69,-0.4960553251990934,3.135,-0.34640079793509765,2.454,-1.9563699252308042,2565.25,-0.8113122643220979,4.947,3.589053935691368
1547,1.5645,-0.6316293725648338,-5222.0,0.888189329389473,3008.77,0.02206786970097,6.6138,-0.15189439060080437,2.5324,-0.3617354758654265,9.75,-0.10492807651786897,3.209,0.3582484928076279,2.518,-1.454856236032063,2678.0,-0.3993111015868936,4.936,3.554614260436855
1548,2.9545,-0.47071806905574637,-6457.75,-1.2227874047969332,3027.01,0.3053569593082877,5.7415,-0.37234045610589345,2.0442,-0.6826716691417823,8.6,-0.32327581243214487,3.135,-0.34640079793509765,2.454,-1.9563699252308042,2350.5,-1.5960328824807244,4.947,3.589053935691368
1549,-4.99,-1.3904014149031887,-5491.75,0.42738740825106875,3183.63,2.7378535171096856,4.3431,-0.7257415543545656,2.1642,-0.6037852635843003,6.33,-0.7542752563672805,3.037,-1.279584993783567,2.499,-1.6037431125129378,2646.0,-0.516242695445222,4.749,2.9691397811101363
1550,3.0682,-0.45755575595575837,-5727.0,0.025520301864378817,3072.2,1.0072118912904373,4.9841,-0.5637492031121466,2.2303,-0.5603320018563872,7.5,-0.5321301685240608,3.209,0.3582484928076279,2.518,-1.454856236032063,2692.0,-0.3481535292738749,4.936,3.554614260436855
1551,2.9691,-0.4690279215512624,-5073.5,1.1418652711468522,2958.43,-0.7597727427350075,3.4776,-0.944469136258331,1.4025,-1.1045167228604171,4.99,-1.0086978356065237,3.135,-0.34640079793509765,2.454,-1.9563699252308042,2589.0,-0.7245270970053698,4.947,3.589053935691368
1552,2.3318,-0.5428040177572635,-6416.25,-1.1518948015448711,2939.35,-1.0561080404163414,5.6591,-0.39316443386310945,2.0412,-0.6846438292807194,8.42,-0.35745197979264015,3.805,6.033531969600369,2.783,0.6217238833064889,2329.5,-1.6727692409502526,1.671,-6.667707531016269
1553,2.8009,-0.48849934691113894,-6456.25,-1.2202250215468586,3020.79,0.20875289476017558,4.0832,-0.7914230084698616,2.1593,-0.6070064584778976,6.08,-0.8017421554790797,3.726,5.281271240293947,2.924,1.7266212298224726,2330.75,-1.6682016005651616,2.032,-5.5374600067545305
1554,1.5745,-0.6304717372877899,-4958.0,1.3391687814025917,3031.78,0.3794407837286212,3.3971,-0.9648129494798828,1.6033,-0.9725134708942308,5.1,-0.9878123999973322,3.805,6.033531969600369,2.783,0.6217238833064889,2573.25,-0.7820793658575158,1.671,-6.667707531016269
1555,-2.7673,-1.1330938218746647,-5083.25,1.1252097800213676,2902.96,-1.6212884116230368,5.7891,-0.360311070896628,3.0329,-0.03271342601942858,8.69,-0.3061877287518972,3.805,6.033531969600369,2.783,0.6217238833064889,2490.5,-1.0844571593505372,1.671,-6.667707531016269
1556,-2.3109,-1.080259347830386,-5735.25,0.011427193988968864,3025.21,0.27740079914966836,4.3482,-0.7244526916535727,1.9995,-0.7120568552119443,6.56,-0.7106057091844254,3.135,-0.34640079793509765,2.454,-1.9563699252308042,2696.0,-0.3335370800415838,4.947,3.589053935691368
1557,0.0627,-0.8054830384712707,-6020.75,-0.47627975127521804,3072.1,1.0056587712816267,2.6068,-1.1645361244984223,1.2723,-1.1901084728902853,3.92,-1.2118561638050238,3.805,6.033531969600369,2.783,0.6217238833064889,2687.75,-0.3636835065831841,1.671,-6.667707531016269
1558,5.9345,-0.1257427564966956,-6499.0,-1.293252944173983,3012.3,0.07689300601203772,3.6369,-0.9042111307155583,1.5478,-1.008998433464566,4.93,-1.0200898913933556,3.037,-1.279584993783567,2.499,-1.6037431125129378,2241.75,-1.9934175959836378,4.749,2.9691397811101363
1559,-3.1909,-1.1821312522102398,-5427.75,0.536715760254249,3076.33,1.0713557476543758,5.9387,-0.3225044316675082,2.7894,-0.19278709062981914,8.83,-0.2796062652492896,3.037,-1.279584993783567,2.499,-1.6037431125129378,2602.25,-0.6761101089234056,4.749,2.9691397811101363
1560,3.4827,-0.4095717737222931,-6424.25,-1.1655608455452686,2770.4,-3.680104295304261,2.4138,-1.2133107325948136,1.1261,-1.2862184103278174,3.62,-1.2688164427391828,3.037,-1.279584993783567,2.499,-1.6037431125129378,2373.25,-1.512901827472069,4.749,2.9691397811101363
1561,4.6227,-0.27760135213930054,-5357.0,0.6575748368827646,2951.14,-0.8729951913774039,3.6709,-0.89561871270894,1.8641,-0.8010670161493032,5.52,-0.9080680094895097,3.145,-0.2511779208077005,2.692,-0.09136589352297382,2710.25,-0.2814659796515469,3.901,0.314153906944057
1562,2.8182,-0.4864966378818532,-5418.75,0.5520900597546963,2899.41,-1.6764241719358666,4.4358,-0.7023145793776976,1.9009,-0.7768751851116754,6.53,-0.7163017370778413,3.135,-0.34640079793509765,2.454,-1.9563699252308042,2608.0,-0.6550989631519872,4.947,3.589053935691368
1563,-3.3555,-1.2011859288703808,-6408.75,-1.1390828852944983,3052.31,0.6982963215377267,6.5896,-0.1580101704761033,2.9633,-0.07846754124276835,9.54,-0.14480027177178037,3.805,6.033531969600369,2.783,0.6217238833064889,2277.5,-1.8627830809700363,1.671,-6.667707531016269
1564,1.1664,-0.6777148329439472,-5153.25,1.0056318950178893,2978.81,-0.44324688493911435,3.4878,-0.9418914108563455,1.7756,-0.8592457402479461,5.33,-0.944142852814477,3.145,-0.2511779208077005,2.692,-0.09136589352297382,2707.0,-0.29334184465278335,3.901,0.314153906944057
1565,4.4682,-0.2954868171696271,-5271.75,0.8032036182620009,2894.92,-1.7461592603315232,7.6907,0.12025781384999268,2.9282,-0.10154181486833176,11.72,0.269111088483108,3.381,1.9960819793988187,2.658,-0.35779504090980874,2676.5,-0.40479227004900276,4.682,2.7593708500144696
1566,1.8718,-0.5960552405012779,-5319.5,0.7216344181346281,2944.92,-0.9695992559255089,9.7475,0.640048559615059,3.5173,0.285724697747607,14.31,0.7608681632813465,3.145,-0.2511779208077005,2.692,-0.09136589352297382,2668.0,-0.43585222466762125,3.901,0.314153906944057
