run_pos,timestamp,label,block,PCA_T2,PCA_SPE,IsolationForest,Autoencoder,GradBoost_SUPERVISED,IMR_WE_alarm,IMR_rule1_alarm
0,2008-07-19 11:55:00,pass,phase1_fit,98.5580840439111,52.97409338144601,0.4161382714700829,0.49104040431989743,0.0005532855369440563,1,1
1,2008-07-19 12:32:00,pass,phase1_fit,94.73776197847047,44.56590833149903,0.4078097871609912,0.43053966191855025,0.0011515375708616422,1,1
2,2008-07-19 13:17:00,fail,phase1_fit,198.94581404243584,133.26299564937324,0.4263530370946451,1.6574415921441799,0.9989935961217061,1,1
3,2008-07-19 14:43:00,pass,phase1_fit,518.1238516895229,8.899902053831225,0.42718430482510167,0.048057049775873176,0.0015252545849797953,1,0
4,2008-07-19 15:22:00,pass,phase1_fit,528.6994111027361,5.227539261541226,0.42232398414336425,0.08791975683727275,0.000978559935870446,1,0
5,2008-07-19 17:53:00,pass,phase1_fit,110.05147296238141,61.852418269552956,0.4110472115341285,0.64027569170767,0.005005825942301012,1,1
6,2008-07-19 19:44:00,pass,phase1_fit,83.5468870787565,55.21980716857655,0.4076694016780936,0.4722144435643379,0.0007205608707092012,1,1
7,2008-07-19 19:45:00,pass,phase1_fit,107.20512053192313,48.286552600021096,0.4245780009350657,0.4487901078910375,0.0007930295994024222,1,1
8,2008-07-19 20:24:00,pass,phase1_fit,102.54737407959509,43.00699577045715,0.43166418334376855,0.4616612363677755,0.006634175556057656,1,1
9,2008-07-19 21:35:00,pass,phase1_fit,106.14934565728045,43.9228446502899,0.42485817532827985,0.419795466681948,0.0014961398009726314,1,1
10,2008-07-19 21:57:00,fail,phase1_fit,195.0501086596834,132.79058271061808,0.4545661907398632,1.1987207894562422,0.9988284972405419,1,1
11,2008-07-19 22:52:00,fail,phase1_fit,87.87706099562969,97.54527742283348,0.4189858124894175,0.7556720186164122,0.9985614876081382,1,1
12,2008-07-20 03:35:00,pass,phase1_fit,88.7115717079453,47.99718977284967,0.41160832526994257,0.4718553287790785,0.0018405257302830738,1,1
13,2008-07-21 08:21:00,pass,phase1_fit,480.6091431061629,19.4182471899143,0.43498934638531034,0.10610966336167203,0.0004302280454065493,1,0
14,2008-07-21 11:53:00,fail,phase1_fit,315.23534416366175,185.70233999575026,0.46651672495067215,1.0795402871452344,0.9988562446219313,1,1
15,2008-07-22 00:03:00,pass,phase1_fit,417.3153679051062,59.986190767186585,0.45233395067729243,0.5106786856078213,0.005028799128188344,1,1
16,2008-07-22 02:59:00,pass,phase1_fit,93.31256577378181,48.18796002766614,0.4080027563934025,0.4538797568981424,0.0014826090558149726,1,0
17,2008-07-22 08:41:00,pass,phase1_fit,388.6454838525063,36.563313734535726,0.41296511873599684,1.0806193745832564,0.0003594562070192616,1,0
18,2008-07-22 11:47:00,pass,phase1_fit,67.11686647435185,39.2188678547872,0.39691228270532153,0.32538366610998576,0.0009256067940828032,1,1
19,2008-07-22 14:00:00,pass,phase1_fit,101.09755487039612,64.38986243134246,0.40850508007801706,0.5543577904540365,0.0015391905225977443,1,1
20,2008-07-22 15:30:00,pass,phase1_fit,84.01014950759001,38.20134470837546,0.40099759924913847,0.3811167196119346,0.0009115052719236835,1,1
21,2008-07-23 05:15:00,pass,phase1_fit,92.51794783049803,42.40755419163094,0.4009083327683285,0.4063257878948186,0.00048646708789872294,1,1
22,2008-07-23 19:22:00,pass,phase1_fit,77.05359071445929,40.70152007939916,0.392837655354105,0.3311552627964391,0.0020878013872191498,1,0
23,2008-07-25 15:23:00,fail,phase1_fit,92.67916153100965,75.08235619805163,0.45203607806010276,0.6350721838185089,0.9985301193235865,1,1
24,2008-07-27 04:18:00,pass,phase1_fit,94.67543752269535,49.73749472102402,0.4441205485736704,0.4276662059325829,0.002886453640759444,1,1
25,2008-07-27 09:37:00,pass,phase1_fit,107.28847980830047,30.022168845386723,0.44142136229747064,0.3627556823903119,0.0016612907066386408,1,1
26,2008-07-27 11:10:00,pass,phase1_fit,98.59750012048292,35.782679787306215,0.40342539485325707,0.4156599301711092,0.00014177855355512582,1,0
27,2008-07-27 15:46:00,pass,phase1_fit,239.12424546458115,40.27829645135884,0.43400001364463414,0.35981563339560957,0.0037601592778968946,1,0
28,2008-07-27 16:06:00,pass,phase1_fit,91.15888682020142,56.85564705112796,0.40848409407117015,0.4273217803957206,0.0042414645118740765,1,0
29,2008-07-27 16:49:00,pass,phase1_fit,97.07114750004452,40.25298076800021,0.40818102099346903,0.41805687925248025,0.004064483380512713,1,1
30,2008-07-27 20:24:00,pass,phase1_fit,123.8565895990704,50.49022473179791,0.42020197980914975,0.3677949078350522,0.002106483706439293,1,0
31,2008-07-27 22:28:00,pass,phase1_fit,112.37047486822625,41.04812345171578,0.428608777235925,0.43364014979190574,0.0011369922867894536,1,0
32,2008-07-27 22:28:00,pass,phase1_fit,93.57839475890702,43.78510166831127,0.4044931937327067,0.4529622738846202,0.0003885531067808416,1,1
33,2008-07-27 23:14:00,pass,phase1_fit,99.60771160570738,44.46684519983998,0.4473421347734332,0.4622046212327716,0.0015203081159297328,1,1
34,2008-07-28 03:31:00,pass,phase1_fit,93.11897493310099,45.81339729215507,0.4126476428181531,0.401981583905991,0.003436277305636913,1,1
35,2008-07-28 03:48:00,pass,phase1_fit,94.56382061918794,45.53049463621215,0.400569888319198,0.44542550093843486,0.0010884967332742933,1,1
36,2008-07-28 04:37:00,pass,phase1_fit,154.44602455871512,82.2995204531532,0.4711721628355025,0.5620784460069018,0.0043244282333863935,1,1
37,2008-07-28 05:36:00,pass,phase1_fit,85.74359121198454,41.00643261653233,0.4137607926524612,0.3808134650272275,0.0015120928347047194,1,1
38,2008-07-28 06:45:00,fail,phase1_fit,281.8006038375653,133.78997544642948,0.4355360529129786,1.081277004015959,0.998723645452405,1,1
39,2008-07-28 08:36:00,pass,phase1_fit,105.93823426439694,45.88347740481943,0.40422080947351,0.32309352665466873,0.0005863297669336392,1,1
40,2008-07-28 15:11:00,fail,phase1_fit,106.02661482741199,109.01976547656254,0.4357420234968167,0.9147310457259785,0.9985207574349668,1,1
41,2008-07-28 23:57:00,pass,phase1_fit,73.14048713676905,41.84936186194224,0.3991715178578016,0.3843313607337569,0.0019191921768758151,1,1
42,2008-07-29 04:08:00,pass,phase1_fit,90.20545339940058,39.78587692338148,0.4093210038682073,0.39173660944367694,0.0009489046040658573,1,1
43,2008-07-29 05:16:00,pass,phase1_fit,128.7522724839292,59.5079448487133,0.42986728874337216,0.6395587565908776,0.005868798342017384,1,0
44,2008-07-29 06:19:00,pass,phase1_fit,91.77892212561696,52.691754309478384,0.44142399890622164,0.41884886190729737,0.0052187220980448885,1,0
45,2008-07-29 08:23:00,fail,phase1_fit,79.37238392042619,61.87153842533923,0.4040924755520701,0.6209216101598064,0.9984007559465675,1,0
46,2008-07-29 11:47:00,pass,phase1_fit,82.35528953638521,31.253193750618475,0.4294614353496757,0.3133666502317344,0.00445264837755869,1,1
47,2008-07-29 15:41:00,pass,phase1_fit,79.22930325148299,45.10987929929083,0.42436176339464154,0.3655838736661672,0.006686528182905267,0,0
48,2008-07-29 15:49:00,fail,phase1_fit,126.6999013872971,106.76894875619298,0.4420413489491118,0.7440972646402226,0.9988577966448761,1,1
49,2008-07-29 17:05:00,fail,phase1_fit,62.117646328691,59.71529453528735,0.3806323493162883,0.44706560444278415,0.9986283046855613,1,0
50,2008-07-29 18:08:00,fail,phase1_fit,101.15106051027931,65.90579608149488,0.4061126395921519,0.544011409070416,0.9989318097533219,1,0
51,2008-07-29 21:07:00,pass,phase1_fit,119.72990577603304,37.87279251326231,0.4418884562156597,0.4762401787879754,0.002039240629843841,1,1
52,2008-07-29 23:14:00,pass,phase1_fit,118.19030802901081,39.80798250090267,0.41383539941867475,0.5857589915701461,0.0023557491162163983,1,0
53,2008-07-29 23:19:00,pass,phase1_fit,92.06095153453002,53.38016383995354,0.39469912380888317,0.5117141117229541,0.0002479401932313648,1,0
54,2008-07-30 06:30:00,pass,phase1_fit,130.6912370709503,46.63170727631056,0.44587135273179546,0.5346471670795937,0.0034023563070400844,1,0
55,2008-07-30 07:08:00,pass,phase1_fit,67.57253307242853,32.49453035639834,0.39931314479046115,0.3305984257351213,0.004987741901760375,1,0
56,2008-07-30 12:02:00,pass,phase1_fit,70.49688236323394,34.69764513633136,0.3853524926021945,0.41566175266434235,0.0020366839623958037,1,0
57,2008-07-30 12:29:00,fail,phase1_fit,260.63929509036683,193.8396704527936,0.48896296351383306,4.514080348633682,0.9985394208599279,1,1
58,2008-07-30 21:16:00,fail,phase1_fit,98.96427447065527,72.86408296653464,0.44181091487578505,0.6185997897585211,0.9985230789411235,1,0
59,2008-07-31 13:57:00,pass,phase1_fit,75.07158766630698,34.477823630684995,0.3941277197900521,0.3348631257453266,0.0005273203257543748,1,0
60,2008-07-31 15:36:00,pass,phase1_fit,86.00521009111934,38.85646719398858,0.39719841371674597,0.41964543517301633,0.0031915784969155985,1,0
61,2008-07-31 17:07:00,pass,phase1_fit,116.02700147173115,47.48740561497831,0.4710865640964538,0.4811008361937087,0.003069149142296484,1,1
62,2008-07-31 20:18:00,fail,phase1_fit,121.19028539171865,72.02379930612359,0.42095606056345153,0.9611752443688665,0.9980333510747822,1,0
63,2008-08-01 02:02:00,pass,phase1_fit,89.2405878182946,33.67194279948744,0.4065549299777121,0.31330261566514217,0.0006698048717569405,1,0
64,2008-08-01 05:52:00,fail,phase1_fit,165.69425628284043,88.02922525790069,0.42993442258534503,0.7879368517467054,0.9977222748908038,1,0
65,2008-08-01 10:20:00,pass,phase1_fit,79.95320791145518,44.81812707957289,0.39171245762161205,0.3472897819579552,0.0012607918482367157,1,0
66,2008-08-01 10:26:00,pass,phase1_fit,101.60505479269118,33.46661262159844,0.41388531885552354,0.41251356453171073,0.0019701313556448117,1,0
67,2008-08-01 11:28:00,pass,phase1_fit,73.45812350288824,47.90313780742167,0.40090976579735954,0.4069920903536257,0.002727993830162295,1,0
68,2008-08-01 12:29:00,pass,phase1_fit,85.40073831208495,47.390531386416455,0.4101348983687874,0.36537826470839985,0.00041496079670397306,1,0
69,2008-08-01 14:07:00,pass,phase1_fit,97.7868172368414,32.76103213430049,0.4013948939964262,0.4937344216430979,0.0005025196038551266,1,0
70,2008-08-01 15:10:00,pass,phase1_fit,134.6517319343607,47.6908770349943,0.4205576524913602,0.45620877302717167,0.001209481430303844,1,0
71,2008-08-02 03:39:00,pass,phase1_fit,78.61660156868395,44.127201664851256,0.4003659749059293,0.4073598714534362,0.002064183136362776,1,1
72,2008-08-03 13:09:00,pass,phase1_fit,83.7961623391321,38.464729497607344,0.42627837697827226,0.3575095715678408,0.003916516081368412,1,1
73,2008-08-03 14:06:00,pass,phase1_fit,106.37616397509845,60.67147302709561,0.40812895603686994,0.5468440979347746,0.0030503046059140184,1,1
74,2008-08-03 14:25:00,pass,phase1_fit,77.00173381132782,38.465568400590335,0.4031651860299094,0.33833587192692216,0.000865586446984666,1,1
75,2008-08-03 15:03:00,pass,phase1_fit,100.22259080419315,45.95516912906176,0.4081400754471615,0.525993526190857,0.001319584813354414,1,0
76,2008-08-03 15:27:00,pass,phase1_fit,120.2584052552542,38.50780146089026,0.4204324921823789,0.4727197216448599,0.0015140348391742163,1,1
77,2008-08-03 16:00:00,pass,phase1_fit,97.26294955669138,37.991510105100325,0.40695691705011716,0.4633355933726746,0.0009636985977736473,1,1
78,2008-08-03 17:00:00,pass,phase1_fit,107.45670808864573,46.90782079408693,0.4067865503126116,0.5205999891697948,0.0037621356304100378,1,0
79,2008-08-03 17:58:00,pass,phase1_fit,99.59627630943315,40.131504201247225,0.412539175365353,0.4352735226534157,0.0010691734589599953,1,1
80,2008-08-03 20:23:00,pass,phase1_fit,75.80930742631142,42.82825046303337,0.41237753668370375,0.3610001147967967,0.000887349106237841,1,1
81,2008-08-03 22:52:00,pass,phase1_fit,157.8999996103742,40.366713390132645,0.4283842089370932,0.5705107622463241,0.0019029979372892935,1,0
82,2008-08-04 00:39:00,fail,phase1_fit,83.79089214058874,65.50827340560465,0.3994109913571507,0.5065483190210927,0.9986672057109309,1,0
83,2008-08-04 03:45:00,pass,phase1_fit,88.61232869927991,37.09931945796066,0.41235135823474883,0.41558885033766524,0.0015576772544007658,1,0
84,2008-08-04 03:49:00,pass,phase1_fit,114.47134176715959,42.62627727039965,0.4483745575589194,0.3978014086665648,0.001129891878089467,1,0
85,2008-08-04 13:19:00,pass,phase1_fit,153.63635899799777,37.79362145603581,0.4349046297485585,0.30243253665224257,0.0002375559436499329,1,0
86,2008-08-04 14:04:00,pass,phase1_fit,137.09565779553583,36.06349667501277,0.4386211433686107,0.30385084622150965,0.0003621456385293494,1,0
87,2008-08-04 14:31:00,pass,phase1_fit,81.08094919918575,47.16151507435069,0.4240204457893194,0.41701167730366123,0.00041230218870695915,1,0
88,2008-08-04 15:29:00,pass,phase1_fit,151.98002457698766,52.091415600620266,0.44023229999353697,0.4921096741546067,0.0004621117536397039,1,0
89,2008-08-04 16:15:00,pass,phase1_fit,141.94816330764237,32.68301123188392,0.41589959102269203,0.34129793212999887,0.0004114202521850058,1,0
90,2008-08-04 16:31:00,pass,phase1_fit,100.23952588839302,44.15339678882623,0.4071570673424896,0.4421235350082705,0.00027073751356284265,1,0
91,2008-08-04 17:11:00,pass,phase1_fit,115.37732103508307,31.30066423103586,0.44305542424710775,0.4179230743963052,0.0007197997918312527,1,1
92,2008-08-04 17:46:00,pass,phase1_fit,118.85625149634386,38.98931294409263,0.41658669303275186,0.45283622353502956,0.000866969345060483,1,0
93,2008-08-04 18:24:00,pass,phase1_fit,101.78953579252166,78.22052061196655,0.43957002434934345,0.45301266284177155,0.004468860090730262,1,0
94,2008-08-04 19:58:00,pass,phase1_fit,507.25154509393724,34.30375672144825,0.43381634051091583,0.6213082194447203,0.0005806092917361383,1,0
95,2008-08-04 20:32:00,pass,phase1_fit,182.21540118032289,31.717725007537283,0.4348933309009859,0.41793481030695834,0.000959169691550839,1,0
96,2008-08-04 20:58:00,fail,phase1_fit,107.77593093837267,70.70011969173511,0.4500862557959587,0.9877415621430031,0.9984225825013239,1,1
97,2008-08-04 21:43:00,pass,phase1_fit,78.05990765061576,28.80461302502416,0.409069184421004,0.22362497116628083,0.00016592976186819775,1,0
98,2008-08-04 22:51:00,pass,phase1_fit,102.42372261678695,40.72089024935043,0.410964038805574,0.40702510027235217,0.00012793631609543833,1,0
99,2008-08-04 23:33:00,pass,phase1_fit,154.76930447954638,63.1966681519813,0.4654722617190945,0.65711684159864,0.0028912336385610664,1,1
100,2008-08-05 00:04:00,pass,phase1_fit,82.48940500400003,33.41927606249823,0.41459037576366387,0.27190664110291274,0.0001728195287950857,1,0
101,2008-08-05 01:12:00,pass,phase1_fit,95.01960771416434,36.32428279268255,0.4122307346369401,0.40332450816789017,0.0007690409513333092,1,0
102,2008-08-05 02:15:00,pass,phase1_fit,134.7588537190352,45.3908722906735,0.43413847053892773,0.48359240262203806,0.0017956234951105286,1,0
103,2008-08-05 02:36:00,pass,phase1_fit,103.53622897639444,35.054969137997844,0.4089821847260918,0.41099372434161263,0.00044210417239743977,1,0
104,2008-08-05 02:45:00,pass,phase1_fit,71.55950273244295,36.9033643136533,0.40824802331042204,0.3076760275606257,0.0008627372276783788,1,0
105,2008-08-05 03:17:00,pass,phase1_fit,78.09700758251975,28.389580592638648,0.40059938677496676,0.30926030488940065,0.00273407638096493,1,0
106,2008-08-05 03:36:00,pass,phase1_fit,78.30446814007824,39.62429939530169,0.4008786224517651,0.3300749879202419,0.002062751943112869,1,0
107,2008-08-05 03:54:00,pass,phase1_fit,83.49005507649791,44.86830271344277,0.4093752485321971,0.3388131150246689,0.0011228646282493116,1,0
108,2008-08-05 04:32:00,pass,phase1_fit,117.34741055586495,45.589561065147066,0.43414126696260064,0.40134742443738414,0.0027411359669155103,1,0
109,2008-08-05 04:35:00,pass,phase1_fit,461.28866311819877,34.86390175355116,0.421591500711017,0.1488151762604542,0.0002234627584109662,1,0
110,2008-08-05 05:11:00,pass,phase1_fit,95.02653673313901,37.30939663071352,0.39219528713718305,0.4578936799791056,0.0011028896410714935,1,0
111,2008-08-05 06:10:00,pass,phase1_fit,114.74454378245237,45.263636979328524,0.41827616498137815,0.4593548080379498,0.001068763026069717,1,0
112,2008-08-05 06:11:00,pass,phase1_fit,97.61946263398596,39.08745663787834,0.3975011916625704,0.39140716698395367,0.0013657417758959401,1,0
113,2008-08-05 06:21:00,pass,phase1_fit,365.40142591748287,46.56986652657902,0.43511457467441883,0.6407003079414437,0.000928517816820335,1,0
114,2008-08-05 07:12:00,pass,phase1_fit,93.5741905619263,42.23651568751977,0.3968271093165096,0.4575321321432124,0.0012730382945275683,1,0
115,2008-08-05 07:12:00,fail,phase1_fit,144.68685569407143,93.36292006738077,0.4221482188300512,1.6103624891101782,0.9987010558728038,1,0
116,2008-08-05 07:48:00,pass,phase1_fit,93.27357658686192,52.26177996713652,0.41273653861143195,0.4250156459453561,0.0002583229312664273,1,0
117,2008-08-05 08:50:00,pass,phase1_fit,79.5563990373878,30.705758286521736,0.3989302189063139,0.3524457395573952,0.00044241056700871826,1,0
118,2008-08-05 09:48:00,pass,phase1_fit,63.99547403441509,40.73989333179932,0.39811905745754816,0.2666774451534087,0.004096385008118879,1,0
119,2008-08-05 14:17:00,pass,phase1_fit,153.21778007390003,42.169435462694636,0.437337067075097,0.618497315419523,0.0041924304009867686,1,0
120,2008-08-05 14:45:00,pass,phase1_fit,174.746294970044,39.20603193961631,0.43069157235641436,0.505214602733243,0.0006656228663748881,1,0
121,2008-08-05 15:45:00,pass,phase1_fit,115.8815854454153,50.670352434781186,0.41334844631647294,0.550132561825875,0.0027414042205581675,0,0
122,2008-08-05 20:04:00,pass,phase1_fit,70.10321536884301,51.71777262761617,0.38411805250455044,0.416537603321897,0.0005755475959239399,1,1
123,2008-08-05 21:07:00,pass,phase1_fit,83.69172528323327,52.219601626425685,0.4056367696818446,0.403674962978738,0.0003271221532308015,1,0
124,2008-08-05 21:22:00,pass,phase1_fit,92.2343776313597,50.21008522265851,0.40617611841254125,0.3985472990534668,0.00035463928349062704,0,0
125,2008-08-05 23:02:00,pass,phase1_fit,120.76927396709178,44.28821803584823,0.4246640614254072,0.4910941988750466,0.002214749223331013,1,1
126,2008-08-05 23:06:00,pass,phase1_fit,100.52788182635882,40.21519670191722,0.4126051774224991,0.47260557886776505,0.0013378173448143525,1,0
127,2008-08-05 23:38:00,pass,phase1_fit,98.56327781636624,39.64659292118961,0.40343615705426095,0.4144352433096485,0.001320090808559386,0,0
128,2008-08-06 00:04:00,pass,phase1_fit,71.35076646905847,57.14123294123192,0.39377552444421676,0.5243485638333242,0.0011127041632631176,0,0
129,2008-08-06 02:20:00,pass,phase1_fit,69.37959126268785,44.934895331854804,0.4037412976883819,0.29419467828596174,0.0024441528978739243,1,0
130,2008-08-06 03:22:00,pass,phase1_fit,230.2328065761577,34.06064030704597,0.43524714561265204,0.4462907543288399,0.0004565259399029491,1,0
131,2008-08-06 05:40:00,fail,phase1_fit,138.35828430403618,137.0514919959333,0.421921423756119,1.0470536985936678,0.9986776305048759,1,0
132,2008-08-06 09:56:00,pass,phase1_fit,93.44657282660357,44.69967032497183,0.4092488200489045,0.41500662769822805,0.003545996951192247,1,1
133,2008-08-06 09:57:00,pass,phase1_fit,140.4960107094401,49.964838767061416,0.42810922350202846,0.4197998935253862,0.0016859785333501935,1,1
134,2008-08-06 12:33:00,pass,phase1_fit,89.92416419589082,41.98760407253924,0.40691324399552875,0.3983307917183972,0.0034765404641178732,1,0
135,2008-08-06 13:35:00,pass,phase1_fit,76.90237220673751,45.2575619179561,0.4040955841747563,0.39736383052165813,0.000542497718436748,0,0
136,2008-08-06 17:35:00,pass,phase1_fit,63.443672681375816,43.41258656042339,0.3909562189254853,0.3342702736017742,0.0017973934641703907,1,0
137,2008-08-06 18:00:00,pass,phase1_fit,63.05279699114813,41.3855856518882,0.3905033024213233,0.269524297916084,0.0012994572142021948,1,0
138,2008-08-06 18:34:00,pass,phase1_fit,88.3599703167902,48.421160996769174,0.40503188908091325,0.4395350742491883,0.0030585653171046837,1,0
139,2008-08-06 19:13:00,pass,phase1_fit,58.90824529541524,34.14834676957878,0.38571776611684766,0.2606020715007577,0.0011140191508811099,1,1
140,2008-08-06 19:24:00,pass,phase1_fit,67.37808123385058,60.772993550425625,0.39775924075571256,0.36518855125034577,0.0008863587294937507,1,0
141,2008-08-06 20:00:00,pass,phase1_fit,69.14810319763521,59.207497636272,0.3894445259497934,0.4141372075870665,0.0026508057233958337,1,0
142,2008-08-06 20:17:00,pass,phase1_fit,84.83297069361653,44.29119281539838,0.39728192309665794,0.37393544323452776,0.0018863255596474953,1,0
143,2008-08-06 21:15:00,pass,phase1_fit,101.70206324772894,46.235568861746195,0.4469149537011469,0.390091926450904,0.0010325305168691272,1,1
144,2008-08-06 22:27:00,pass,phase1_fit,255.6435490764734,43.138867740951945,0.45636673545169504,0.49639774523289,0.0051630041667101835,1,1
145,2008-08-06 23:40:00,pass,phase1_fit,112.5239585776066,43.67333595452922,0.3978507728173691,0.513064094754324,0.0027850876044537387,1,1
146,2008-08-06 23:45:00,pass,phase1_fit,66.71472709254884,40.84937255849516,0.3961420880152462,0.3430597793817441,0.0005136872505930245,1,0
147,2008-08-07 00:51:00,pass,phase1_fit,76.45207607374311,44.003308716871636,0.4048172378728714,0.3399984681774505,0.002631072814442153,1,0
148,2008-08-07 07:30:00,pass,phase1_fit,109.61518493659453,55.06432120426538,0.4163982199868139,0.5093400499938916,0.0006472252851572321,1,0
149,2008-08-07 08:21:00,pass,phase1_fit,88.1590746682208,49.154486536098815,0.40392132292300276,0.4125247270073161,0.0027857452392701875,1,1
150,2008-08-07 08:45:00,pass,phase1_fit,169.1269147984413,51.65509451250813,0.3994827850863779,0.4314207690202594,0.00047448488487508104,0,0
151,2008-08-07 08:55:00,pass,phase1_fit,133.85098398562704,48.786873002502446,0.40014592456978704,0.6801601040442877,0.00042467028134046637,0,0
152,2008-08-07 10:12:00,pass,phase1_fit,62.75637695018016,35.35169555310551,0.379053219874792,0.30559483890318595,0.003547197129188364,1,1
153,2008-08-07 11:10:00,pass,phase1_fit,116.50238830075223,47.56443967528209,0.4207205492282334,0.4984255102406322,0.0026229621582980174,0,0
154,2008-08-07 11:40:00,fail,phase1_fit,60.83101102054138,64.26904038017366,0.39470727153767987,0.5375275375966797,0.9982689501952888,1,1
155,2008-08-08 04:55:00,pass,phase1_fit,63.15697708783348,30.822264462258595,0.39380388965222857,0.3001273942939814,0.000697334481673854,1,0
156,2008-08-08 07:26:00,pass,phase1_fit,64.15967261172351,47.24429468343736,0.39268661950208233,0.29207632272328177,0.003508155057471837,1,1
157,2008-08-08 08:44:00,fail,phase1_fit,195.3440567621692,124.73209836857373,0.4179626745484125,1.3072794208993208,0.9984258360408218,1,0
158,2008-08-08 12:37:00,fail,phase1_fit,47.92151287647084,51.73368881515972,0.38253423023777594,0.408304626837565,0.9982115923354916,1,0
159,2008-08-08 20:21:00,pass,phase1_fit,99.47319551203088,40.038717497909246,0.41196705738869893,0.4390530829004374,0.006056588628388145,1,0
160,2008-08-08 21:22:00,pass,phase1_fit,95.14259120053595,28.952298895877384,0.4002194937870687,0.44374645576580046,0.002089345973888911,1,1
161,2008-08-08 21:53:00,pass,phase1_fit,91.65238383068206,39.85232692146944,0.4034610240682428,0.36160856196748464,0.006145704854788116,1,0
162,2008-08-08 22:06:00,pass,phase1_fit,63.70080318384063,25.226342486657117,0.38285011857380413,0.2943718498968598,0.001356823333079538,1,1
163,2008-08-08 22:25:00,pass,phase1_fit,165.87518221414803,33.91786964600178,0.4555133848705024,0.3611506671443837,0.0008715348290980065,1,0
164,2008-08-09 02:15:00,pass,phase1_fit,63.46163761264732,39.034408682790726,0.4003578096604988,0.2810776226429138,0.000919780265516141,1,1
165,2008-08-09 02:37:00,pass,phase1_fit,63.1963049882866,40.61536781574857,0.40966764812698214,0.32257294520882934,0.0033649989509089095,1,1
166,2008-08-09 06:05:00,pass,phase1_fit,79.68158465115373,43.1656744686329,0.38970288669013464,0.37739788399142693,0.004424564154792878,1,0
167,2008-08-09 09:16:00,fail,phase1_fit,88.61845524619443,55.343449302143966,0.40329529278681825,0.6167625442072955,0.9987563397823087,1,0
168,2008-08-09 09:22:00,pass,phase1_fit,73.49008742217316,44.738954731980016,0.38975815677807396,0.38906544444963626,0.00496483089509742,1,0
169,2008-08-09 11:42:00,fail,phase1_fit,101.78144015023986,148.15987549479942,0.42255249866009087,0.9753752200873386,0.9987229299267201,1,0
170,2008-08-09 17:34:00,pass,phase1_fit,84.03728447383972,30.60225483066624,0.40582300359140955,0.3392515089043553,0.0032753756386436393,1,0
171,2008-08-09 19:03:00,pass,phase1_fit,123.49878418260627,33.683377663504956,0.42590627563105743,0.49144155774893794,0.0017099618822264712,1,0
172,2008-08-09 20:04:00,pass,phase1_fit,95.72167921484997,48.163689215856614,0.42789384841327016,0.42265116743311476,0.003395785682136912,1,0
173,2008-08-09 21:07:00,pass,phase1_fit,144.86784689993632,61.594027479241724,0.4262649685955247,0.5083306657911596,0.0009132179610041898,1,0
174,2008-08-09 22:15:00,pass,phase1_fit,97.22946786820954,53.922021146717555,0.4088879881212301,0.5681935570692449,0.0010959363699109786,1,0
175,2008-08-09 22:37:00,pass,phase1_fit,228.20530346786163,31.621965625968684,0.41752118315678416,0.5113385316165365,0.0007250254409877836,1,0
176,2008-08-09 23:17:00,pass,phase1_fit,57.3831452637562,45.36416946183644,0.3942651276333137,0.30511852505871184,0.0011787795053824395,1,0
177,2008-08-09 23:34:00,pass,phase1_fit,84.0583662079126,46.28980149756495,0.3975964559227269,0.3709672925384723,0.00021054594829549952,1,0
178,2008-08-10 00:09:00,pass,phase1_fit,90.5815385005145,40.205850291458304,0.39779772083434695,0.39411151691775265,0.0006578580800700637,1,0
179,2008-08-10 00:46:00,pass,phase1_fit,117.32744704831161,42.68078311895141,0.4148702451056639,0.43202150144679846,0.0004941423713519736,1,0
180,2008-08-10 06:00:00,fail,phase1_fit,78.5312314624267,71.08394135954137,0.4142962953517201,0.5912139734488021,0.9983908009040805,1,1
181,2008-08-10 06:41:00,pass,phase1_fit,96.46943745608036,61.28637796838015,0.4053531811813407,0.4705292536673602,0.0005156942832210155,1,0
182,2008-08-10 07:01:00,fail,phase1_fit,102.32333905765464,59.28911403618518,0.4167622710422143,0.6162640900931008,0.9987074844671339,1,0
183,2008-08-10 11:16:00,pass,phase1_fit,83.71108725263305,37.71955663171011,0.4385467743947018,0.32590983612373126,0.001560690723279496,1,1
184,2008-08-10 11:49:00,pass,phase1_fit,142.98014033509637,39.95100894290347,0.4318208343701031,0.440992188962498,0.00018784101034236125,1,0
185,2008-08-10 12:22:00,pass,phase1_fit,114.79215857341146,74.42550216550518,0.40353834289981294,0.5743067430624299,0.001715864552674601,0,0
186,2008-08-10 15:59:00,fail,phase1_fit,127.68669091095094,126.54262626139098,0.4475420418931134,0.8264071862184855,0.9992474442608201,1,1
187,2008-08-10 19:07:00,pass,phase1_fit,89.84381063399631,33.00099383828944,0.4090791335518412,0.3653771582920342,0.0008966389979856167,1,1
188,2008-08-10 20:07:00,fail,phase1_fit,74.08388057542477,74.99392705346064,0.398511453854648,0.5190982872183179,0.9990858859472063,1,0
189,2008-08-10 22:26:00,fail,phase1_fit,96.0906413736356,78.54055320223603,0.41895361700410383,0.6966158201871284,0.9987692287338183,1,0
190,2008-08-11 03:06:00,pass,phase1_fit,84.71538282833428,42.576807379317806,0.3996272039761653,0.4175376814326976,0.0022678786889569398,1,0
191,2008-08-11 04:09:00,pass,phase1_fit,114.58892358967925,43.57820651859192,0.4133179046472108,0.5157966915091526,0.0005968067560248353,0,0
192,2008-08-11 05:15:00,pass,phase1_fit,72.48960680309817,44.82366779276245,0.3970941624458329,0.3953504536081929,0.0015387815569543987,0,0
193,2008-08-11 11:35:00,pass,phase1_fit,107.79762268870604,51.33309780530778,0.4193795902142832,0.5154367719920123,0.0024188077960906568,1,0
194,2008-08-11 12:38:00,pass,phase1_fit,77.40790340312392,43.27115026902094,0.3898925883922406,0.36876312851909443,0.0019233713352880086,1,0
195,2008-08-12 04:23:00,pass,phase1_fit,551.1959999973307,5.103684254067389,0.4416745658297528,0.07519464752560621,0.0008694791287066974,1,1
196,2008-08-12 06:16:00,pass,phase1_fit,103.85201268545742,39.09889940966292,0.4372462097875932,0.3437752178852611,0.001605007399101525,1,1
197,2008-08-12 10:54:00,pass,phase1_fit,83.0317988279188,40.603553256137886,0.395016437152905,0.39461721693803437,0.0014528289672039382,1,0
198,2008-08-12 11:29:00,pass,phase1_fit,101.91288479389965,40.45870030068351,0.3996300432524468,0.40511640570562935,0.00015063713194884049,1,0
199,2008-08-12 12:04:00,pass,phase1_fit,124.91272161243074,51.57396854506058,0.42108034963735064,0.5846721041819231,0.0015538327683933917,1,0
200,2008-08-13 02:48:00,pass,phase1_fit,83.12860026116134,40.78350532600349,0.40814310128587833,0.3329953861777823,0.0029720552156575655,1,1
201,2008-08-15 03:26:00,pass,phase1_fit,84.48837131002165,44.14490239806065,0.40526106192093997,0.4237084174284351,0.0006237364830900624,1,0
202,2008-08-15 04:14:00,pass,phase1_fit,135.2418299997392,42.55196936788535,0.4110681166785769,0.5277805314646228,0.0009672202362625101,1,1
203,2008-08-15 05:13:00,pass,phase1_fit,76.74305966150813,47.31654522492833,0.3937178295245974,0.3695024480857333,0.004645895836069868,1,0
204,2008-08-15 09:38:00,pass,phase1_fit,70.93544859249802,39.38333232705665,0.39206148065268864,0.37646125608637826,0.00013859314102742607,1,1
205,2008-08-15 10:14:00,pass,phase1_fit,96.07074621697843,50.035579257285804,0.3920165369571551,0.5752133049069884,0.0006206943210109324,1,1
206,2008-08-15 11:42:00,pass,phase1_fit,91.34104450168239,44.94498141008169,0.4013735649022707,0.37381435170703065,0.0006146585337565164,1,1
207,2008-08-15 18:19:00,pass,phase1_fit,99.99005103139918,36.69269546908892,0.4164400922436071,0.47463770110971354,0.0034712602909671847,1,0
208,2008-08-15 19:19:00,pass,phase1_fit,77.83004045874401,42.93364015604696,0.40040759533090076,0.347189933773324,0.0012488333334832187,1,0
209,2008-08-15 20:00:00,pass,phase1_fit,70.57527241634139,32.75511353629827,0.39578976922491976,0.3312146948978747,0.003056133663265544,1,0
210,2008-08-15 20:03:00,pass,phase1_fit,101.45244447306294,61.22236488920106,0.4135965774927649,0.5113071433766815,0.0017121151581979937,1,0
211,2008-08-15 23:31:00,pass,phase1_fit,80.29605489020851,41.34262426474834,0.3891139637142636,0.4034672968541277,0.0009706175593858405,1,0
212,2008-08-16 02:21:00,pass,phase1_fit,80.48391175696202,30.886700169028288,0.39455615610067263,0.39213858848164856,0.0044269203766502015,1,0
213,2008-08-16 05:47:00,pass,phase1_fit,82.5688541391008,41.521525750522684,0.40787179707293364,0.4404392963579543,0.0015492819328468382,1,0
214,2008-08-16 06:52:00,pass,phase1_fit,72.63754650377088,39.29293728104996,0.38889269571202767,0.3587915625623469,0.0012744716771196816,1,0
215,2008-08-16 07:33:00,pass,phase1_fit,57.20197639048713,40.08510380689151,0.39412629414305206,0.2887533365089017,0.0020807619536857276,1,0
216,2008-08-16 08:39:00,pass,phase1_fit,79.74418802982004,48.324980334216,0.4029409945609684,0.42475227787694214,0.0029796466778908358,1,0
217,2008-08-16 08:41:00,pass,phase1_fit,83.18085531939194,45.01630529266488,0.40110900448162373,0.4206638809626068,0.001021767173456081,1,0
218,2008-08-16 09:44:00,fail,phase1_fit,87.04782426562289,65.49951124085474,0.39626543180476603,0.6339337339629031,0.9987814826990614,1,0
219,2008-08-16 13:51:00,pass,phase1_fit,113.11478836344035,41.59788782458209,0.41487770088540543,0.46568513420922153,0.0014895766180084743,1,1
220,2008-08-16 14:30:00,pass,phase1_fit,76.17594609692476,46.52183221375988,0.3916887092499901,0.3692124004292621,0.0001132558987950695,1,1
221,2008-08-16 15:16:00,pass,phase1_fit,82.47855594715611,47.12520804755702,0.4001711142754809,0.367008459647757,0.0015743031982028302,1,1
222,2008-08-16 15:19:00,fail,phase1_fit,47.415261674443954,53.6887919538074,0.39287999949974073,0.38384290670910964,0.9984617210067481,1,0
223,2008-08-16 23:48:00,pass,phase1_fit,70.95210196298022,34.14847039067538,0.38219243273447273,0.3282943538378121,0.002997916553338567,1,1
224,2008-08-17 00:52:00,pass,phase1_fit,70.85094214180616,36.10631905237607,0.3825469252879944,0.3365856269195018,0.0008850167906060681,1,1
225,2008-08-17 01:53:00,pass,phase1_fit,59.04900619394675,45.253507070016255,0.38032929291283585,0.3464558519470423,0.002594863130481155,1,1
226,2008-08-17 03:17:00,pass,phase1_fit,62.9996979506662,38.184840677768825,0.384845846225647,0.2979088152825427,0.0019300161137578212,1,1
227,2008-08-17 03:18:00,pass,phase1_fit,131.920782828908,52.86819600350905,0.4200116491559649,0.6321834360840317,0.0023986557007781325,1,1
228,2008-08-17 03:46:00,pass,phase1_fit,83.17583306948129,46.62245867803367,0.3974090486535589,0.42756350687079814,0.005267617042426698,1,1
229,2008-08-17 04:19:00,pass,phase1_fit,62.66063823208777,48.18680155799123,0.3884109983549585,0.3192527457928239,0.0037796095512030465,1,1
230,2008-08-17 05:21:00,pass,phase1_fit,66.34112618233246,37.44895255791677,0.38603250583687027,0.35123613313927005,0.0024068027392476336,1,1
231,2008-08-17 12:16:00,fail,phase1_fit,63.86148120321351,69.8560219373162,0.3920096616770789,0.5258373360848165,0.9984534131405812,1,1
232,2008-08-17 13:34:00,pass,phase1_fit,87.63676087729651,51.331574729642995,0.41019189755984614,0.44730981092553945,0.0006397336014077115,1,1
233,2008-08-17 14:21:00,pass,phase1_fit,83.06064242739274,49.05509758451672,0.4175593591154835,0.43057622303269616,0.0006177838332236176,1,1
234,2008-08-17 15:25:00,pass,phase1_fit,93.5043033293583,41.636577082229515,0.39947979793302285,0.44783999776290895,0.003558086506083222,1,0
235,2008-08-17 21:26:00,fail,phase1_fit,102.35820095349024,58.76809056600424,0.39719676517313396,0.5242923250223607,0.9986752531750622,1,0
236,2008-08-17 22:03:00,fail,phase1_fit,74.27214322735891,65.07266364324823,0.4008125304683249,0.5123370511423144,0.9985300516298954,1,1
237,2008-08-17 22:21:00,pass,phase1_fit,77.29531237083522,37.83995242907678,0.39692769672965783,0.3061193982599005,0.0020466734834940657,1,1
238,2008-08-17 23:04:00,fail,phase1_fit,65.29304625450652,51.940496391428546,0.39311392499430714,0.48576120499024933,0.9987745221921203,1,0
239,2008-08-17 23:20:00,pass,phase1_fit,74.73877611976972,41.41890799240656,0.38742461335672,0.38027752644251084,0.0011944093487128808,1,0
240,2008-08-17 23:55:00,fail,phase1_fit,87.88781748331094,94.57847713875152,0.3988010772128094,0.6754846909811053,0.9985495697566384,1,0
241,2008-08-18 00:02:00,fail,phase1_fit,72.45469113715758,49.66221013469941,0.4018287310096248,0.5428418450859799,0.9988158160371398,1,1
242,2008-08-18 00:20:00,pass,phase1_fit,70.97332255092553,52.64475166122487,0.3864470367110881,0.4066529549847,0.0032903258282630512,1,0
243,2008-08-18 01:23:00,fail,phase1_fit,347.44327825438444,150.00381717228987,0.4115969320753636,1.4546271642989435,0.9991866546957265,1,1
244,2008-08-18 04:01:00,fail,phase1_fit,74.33446642481519,60.35548640106238,0.39320227132377983,0.5374984346382601,0.9985788805581061,1,1
245,2008-08-18 04:12:00,pass,phase1_fit,102.63364762733315,63.19457739954296,0.389730074710106,0.5533624834846409,0.0032648919382137183,1,0
246,2008-08-18 04:35:00,pass,phase1_fit,106.81353530435888,34.87200109126498,0.4058775881569258,0.469125468741771,0.0023204301908369487,0,0
247,2008-08-18 05:03:00,pass,phase1_fit,94.22369861040687,35.82712333643951,0.40015374777463725,0.37417952703694585,0.0007797845802691123,0,0
248,2008-08-18 05:25:00,pass,phase1_fit,131.41596545691405,66.10445333146832,0.4251563311180085,0.5278886053648069,0.0034833794399607115,0,0
249,2008-08-18 06:07:00,pass,phase1_fit,134.13742773019996,51.12480192203163,0.42372534457465927,0.6396458973262286,0.0033132468686349306,1,0
250,2008-08-18 06:11:00,pass,phase1_fit,64.53432372284506,38.775166505218436,0.387416711455204,0.33660364138476695,0.0009803110096005003,1,0
251,2008-08-18 06:26:00,pass,phase1_fit,89.307854808578,33.39050239310404,0.40152185752760483,0.34349791104934907,0.002518648081431449,1,0
252,2008-08-18 07:11:00,pass,phase1_fit,62.41271470190965,37.4438403930686,0.3754313690742753,0.34135205383986306,0.0005865736406458886,1,0
253,2008-08-18 07:23:00,pass,phase1_fit,110.6189583589658,43.47255663533273,0.4165981504120579,0.48773455429834955,0.001140995061085335,1,0
254,2008-08-18 07:29:00,pass,phase1_fit,131.44431911199118,47.04783611917194,0.3962407517708107,0.5552062799978315,0.0015231260242567703,1,0
255,2008-08-18 08:18:00,pass,phase1_fit,93.75238541134429,31.724963697273765,0.4129600318830256,0.3980704869296227,0.00022945409919803908,1,0
256,2008-08-18 08:31:00,pass,phase1_fit,91.00825640069179,34.080049571260005,0.4029642084662263,0.4234854492158408,0.0016407337483059139,1,0
257,2008-08-18 10:13:00,pass,phase1_fit,75.59733912946871,47.82515449878211,0.3900509791170956,0.41499353727160754,0.0001241168990666852,1,0
258,2008-08-18 11:04:00,pass,phase1_fit,129.36382908951705,49.36620498412779,0.40767866088597093,0.48290601229346275,0.0015024720671748116,1,0
259,2008-08-18 12:00:00,pass,phase1_fit,71.34919185351012,38.900151511478846,0.39005755754790195,0.34824634070687727,0.0007934517070561737,1,0
260,2008-08-18 12:06:00,pass,phase1_fit,63.70043386850836,30.71147723312858,0.38126578988883114,0.28130168132485484,0.0009577179091201001,1,0
261,2008-08-18 12:22:00,pass,phase1_fit,77.15847246833629,38.090940994692424,0.3958311506186109,0.38966559536466344,0.003899592147591819,1,0
262,2008-08-18 12:49:00,pass,phase1_fit,59.614884548880134,47.61490244436329,0.3848310005543863,0.323806458975721,0.001844015850760938,1,0
263,2008-08-18 13:07:00,pass,phase1_fit,115.48793925040538,43.150610739187194,0.4367606874192484,0.40156139186653184,0.0006990703647895581,1,0
264,2008-08-18 14:01:00,pass,phase1_fit,67.58184705745857,41.286273963924025,0.38223903302263423,0.41946696751099627,0.0012162530397597643,1,0
265,2008-08-18 14:04:00,pass,phase1_fit,73.04242278773157,36.03435869732924,0.3893031268342121,0.38330775154593916,0.0009998339325179675,1,0
266,2008-08-18 14:45:00,pass,phase1_fit,97.64541204417421,37.279212490696224,0.39045018040083546,0.41067747373746166,0.002117901642808395,1,0
267,2008-08-18 15:00:00,pass,phase1_fit,72.41703267649314,35.14856342390259,0.38320544209160484,0.3244755287198689,0.005553757042108994,1,0
268,2008-08-18 15:26:00,pass,phase1_fit,93.19484437735127,34.290407158516636,0.39588404173294794,0.3930152867248158,0.0019388677801754832,1,0
269,2008-08-18 15:30:00,pass,phase1_fit,68.86107678810733,48.29359994258034,0.3977647958304723,0.3386116904784276,0.0004582194850835457,1,0
270,2008-08-18 15:33:00,pass,phase1_fit,56.38214227275908,42.984898242981565,0.3851330927682078,0.2991189050700312,0.0013915220846087413,1,0
271,2008-08-18 15:41:00,pass,phase1_fit,114.43504647197891,45.37171633343064,0.4052752840551467,0.5054540255917832,0.0009605549051543883,1,0
272,2008-08-18 16:19:00,pass,phase1_fit,70.10781053340847,47.39781073297258,0.3893031757194366,0.3438821439400345,0.0015768360091151807,1,0
273,2008-08-18 17:13:00,fail,phase1_fit,159.94949797241568,231.85747440501035,0.43153553917545356,1.2882020735657456,0.998464949910241,1,0
274,2008-08-18 17:16:00,pass,phase1_fit,66.35779828016243,39.948145713549266,0.39353070610692525,0.3047667111516112,0.004406495965198175,1,0
275,2008-08-18 17:37:00,pass,phase1_fit,477.12238121873895,36.00049064044043,0.5107293504511121,0.2504067901367334,0.0031739045370734456,1,1
276,2008-08-18 19:24:00,pass,phase1_fit,78.89298308677196,44.04589088426186,0.39167114848823226,0.4292057751785028,0.00036660836678764077,1,0
277,2008-08-18 19:54:00,fail,phase1_fit,57.54642699714393,43.2425753720551,0.3925332595874336,0.39291770393388553,0.9991400963076541,1,0
278,2008-08-18 23:00:00,pass,phase1_fit,72.1099149855511,35.95150459911645,0.3855866804566453,0.3592230242326458,0.0010383764601896368,1,0
279,2008-08-18 23:03:00,pass,phase1_fit,72.31411194483151,29.798269596210254,0.395719505621254,0.36089770483133565,0.002863648941385747,1,0
280,2008-08-18 23:47:00,pass,phase1_fit,89.1034981868076,51.993973768554795,0.40303916013482616,0.41509926114896073,0.003773055142225852,1,0
281,2008-08-19 01:10:00,pass,phase1_fit,88.61988496993986,42.99455157247444,0.41272729844105877,0.34505942838945963,0.0010754615895907308,1,0
282,2008-08-19 03:59:00,fail,phase1_fit,94.30339740412516,115.38943013188765,0.39952335167070574,0.7638310842521828,0.9985649163478929,1,0
283,2008-08-19 04:58:00,pass,phase1_fit,106.91794451206624,46.34145507514086,0.38769254250833746,0.42976292236929753,0.0017689602610191349,1,0
284,2008-08-19 05:09:00,pass,phase1_fit,75.20401571078473,40.05008699086415,0.39312032180193623,0.3524538392925508,0.00134353377397591,1,0
285,2008-08-19 05:11:00,pass,phase1_fit,111.96407842097663,54.28006519779526,0.39673880436602726,0.5790989273376131,0.001884341180432808,1,0
286,2008-08-19 05:11:00,pass,phase1_fit,111.05289593925565,42.47067957759531,0.39590193629638126,0.5697554061012288,0.0005275417776943249,1,0
287,2008-08-19 05:40:00,pass,phase1_fit,93.44467778813956,37.60007863242465,0.3992627977188047,0.46617705558108224,0.0019227577580288025,1,0
288,2008-08-19 05:41:00,pass,phase1_fit,77.97840362919449,35.029607404123965,0.39055732356494366,0.3160522715762635,0.0008252190331138424,1,0
289,2008-08-19 05:53:00,pass,phase1_fit,103.78989215912148,47.34501167358351,0.3968854731896114,0.5064949577907404,0.0023559320272630393,1,0
290,2008-08-19 05:54:00,pass,phase1_fit,62.970467880197795,52.01355097206711,0.39430349861067193,0.32292861606765294,0.0014441881458382513,1,0
291,2008-08-19 05:56:00,fail,phase1_fit,86.55520330066496,66.95246351361345,0.4011197667269229,0.6093338418763653,0.998456798160943,1,0
292,2008-08-19 06:24:00,pass,phase1_fit,110.68872311194696,43.741301931276865,0.40316924320341907,0.43700174927702773,0.0003659230418605606,1,0
293,2008-08-19 07:43:00,pass,phase1_fit,71.63932757996241,37.50096213929197,0.39677433252271216,0.39511421403601155,0.0005371024034811602,1,0
294,2008-08-19 07:58:00,fail,phase1_fit,64.03917917000594,75.81796157445704,0.37755737116928856,0.5116269444513268,0.9985905754339032,1,0
295,2008-08-19 08:01:00,pass,phase1_fit,117.81337837175411,35.77020508843434,0.41776807829201734,0.4759686873414924,0.0006629417328142239,1,0
296,2008-08-19 08:07:00,pass,phase1_fit,69.36374453759417,48.57527089845546,0.3914715615357564,0.3664297835806246,0.0013697914959794166,1,0
297,2008-08-19 08:33:00,pass,phase1_fit,91.00860160592993,38.91451559960939,0.39461876563535847,0.44441471794893944,0.0025165261205467243,1,0
298,2008-08-19 09:04:00,pass,phase1_fit,78.95519741948983,50.00940478919858,0.410863444460292,0.43769030078005433,0.00016272841784646883,1,0
299,2008-08-19 09:05:00,pass,phase1_fit,97.17283271424135,34.11755442412742,0.4096978329276319,0.47052901072357195,0.0005329350609967455,1,0
300,2008-08-19 10:46:00,pass,phase1_fit,353.5633933015942,30.184235310393447,0.41640434560401046,0.5209873627943895,0.003490653851050422,1,1
301,2008-08-19 11:11:00,pass,phase1_fit,72.95524410176449,37.359002818503896,0.3921639593937243,0.35242089003682714,0.0008811881934342162,1,1
302,2008-08-19 11:13:00,pass,phase1_fit,72.01781276968332,66.21482253884642,0.4012701685222989,0.41641902253218444,0.001155480037866696,1,1
303,2008-08-19 11:13:00,pass,phase1_fit,87.4671482909884,33.27357295983926,0.39232095350664714,0.45915130437477103,0.0016586241673130489,1,1
304,2008-08-19 11:28:00,pass,phase1_fit,98.81941965346674,51.45662122803968,0.39957155840965713,0.5114664893206803,0.0014498625275223584,1,1
305,2008-08-19 11:44:00,pass,phase1_fit,95.05360417780501,38.863352081967435,0.3992840600113724,0.5184629333792438,0.0016800691746433696,1,1
306,2008-08-19 11:46:00,pass,phase1_fit,53.968557257088555,32.13698745963342,0.38371877192904696,0.30450000334813404,0.00409403361655305,1,1
307,2008-08-19 11:57:00,pass,phase1_fit,86.50466005943773,47.99329444033995,0.4086836552808231,0.44544958431634857,0.0006414578043958723,1,1
308,2008-08-19 11:58:00,pass,phase1_fit,141.4489674120568,49.501924647857166,0.4038096604188693,0.5868098131586508,0.00037326892864879773,1,1
309,2008-08-19 12:30:00,pass,phase1_fit,90.2914287485385,43.822497061678966,0.40545581275657033,0.44123674909576777,0.002120554487188844,1,0
310,2008-08-19 15:33:00,pass,phase1_fit,72.58356713789128,41.15063201096157,0.38856528659892114,0.3545332460483957,0.0003979542755172284,0,0
311,2008-08-19 18:12:00,pass,phase1_fit,107.01064705382093,39.282771327149646,0.4109769511053431,0.34291227060672386,0.0017889022298890928,0,0
312,2008-08-19 18:12:00,pass,phase1_fit,81.17106822084952,51.11982706542631,0.40090761113792583,0.43310866640441514,0.0015154377801054014,1,0
313,2008-08-19 18:30:00,pass,phase1_fit,112.64800138945715,45.106220084643354,0.4217860482573518,0.45298795778625056,0.0005345632179321734,1,0
314,2008-08-19 18:30:00,pass,phase1_fit,79.9071819410399,32.482918599002154,0.3972094582047976,0.37310330609215603,0.0003430215717587125,1,0
315,2008-08-19 19:38:00,pass,phase1_fit,80.99819249788105,32.70217149460017,0.392387170512859,0.37196170893542235,0.001449804856321839,1,0
316,2008-08-19 20:53:00,pass,phase1_fit,118.99123791889099,46.48237544547824,0.40818771414786426,0.652449004652017,0.0008216608291538637,1,0
317,2008-08-20 00:05:00,pass,phase1_fit,98.71329580101425,47.24343544517871,0.4010561444867577,0.5043916497888135,0.0022990176697278127,1,0
318,2008-08-20 01:33:00,pass,phase1_fit,113.29393911307015,36.677816591265525,0.42205545177214476,0.37586788212320627,0.0003462585249246301,1,0
319,2008-08-20 01:42:00,pass,phase1_fit,75.63964826612636,46.72193410604558,0.3896673091153131,0.40130096331735277,0.0008369230857150512,1,0
320,2008-08-20 02:13:00,pass,phase1_fit,69.26946376868676,39.879227871967245,0.395525586733781,0.333788872835225,0.0010502167151538533,1,1
321,2008-08-20 02:27:00,fail,phase1_fit,91.52672394603253,132.57992855811364,0.4145143391066121,0.8134285081021686,0.998997627823877,1,1
322,2008-08-20 03:00:00,pass,phase1_fit,103.4522693109033,39.08006663434169,0.4123515328914065,0.32519266215208076,0.0007920242280862544,1,0
323,2008-08-20 03:12:00,fail,phase1_fit,95.72000523145529,57.99740147972682,0.39409457605743237,0.6308158849610387,0.9987514973084373,1,1
324,2008-08-20 06:36:00,pass,phase1_fit,77.12075306835656,38.073030999503466,0.39718845585141743,0.395173311373124,0.003024077162931001,1,1
325,2008-08-20 07:12:00,pass,phase1_fit,82.53445784175261,47.63824821252106,0.39572919554368413,0.42193666406127583,0.0011399846976668899,1,0
326,2008-08-20 08:40:00,fail,phase1_fit,56.30152359834224,61.55842350583894,0.38138472925873357,0.42398976577222586,0.99885502209434,0,0
327,2008-08-20 09:17:00,fail,phase1_fit,167.04154162358276,95.62800220206533,0.40637858636541896,1.074840322202005,0.9988316554386302,1,1
328,2008-08-20 10:26:00,pass,phase1_fit,63.16075113597402,44.858216885709254,0.3957398260657668,0.34245508786454554,0.0009590626917113117,1,0
329,2008-08-20 16:08:00,pass,phase1_fit,135.48265779808705,62.37912226117565,0.4106905301769135,0.5825811260003496,0.00016796732115053568,0,0
330,2008-08-20 16:16:00,pass,phase1_fit,81.02721904188769,46.37174259756904,0.39272578968390365,0.38176060638900583,0.0024372841609595157,1,0
331,2008-08-20 17:09:00,pass,phase1_fit,71.87758042093586,33.447553075898114,0.3835149282943012,0.3318259739939589,0.001859574630022624,1,0
332,2008-08-20 17:35:00,pass,phase1_fit,104.80539374218253,52.35679340371946,0.40556451116013,0.5233374179189031,0.0014584830388088877,1,0
333,2008-08-20 17:36:00,pass,phase1_fit,71.87038424990102,35.91015750100884,0.3932089325997756,0.33576621251680294,0.00036618639658460604,1,0
334,2008-08-20 18:29:00,pass,phase1_fit,114.02622062405527,42.23528213090154,0.4163051024530225,0.550862877293278,0.0006140486752713061,1,0
335,2008-08-20 18:35:00,pass,phase1_fit,92.5279287756151,55.14141089127733,0.41403051275793207,0.4678792354746698,0.0002459571714949972,1,0
336,2008-08-20 19:20:00,fail,phase1_fit,67.95159930466394,66.58338848330675,0.3992715336606041,0.42793469201893525,0.9985573223948533,0,0
337,2008-08-20 20:19:00,pass,phase1_fit,126.77617344210317,48.8719647018804,0.41498205978494124,0.5179305132326262,0.0003211679570289698,0,0
338,2008-08-20 21:33:00,pass,phase1_fit,130.28723533312606,42.83088804468581,0.4053961881151176,0.4517793991760883,0.0009067306398070894,1,0
339,2008-08-20 21:41:00,pass,phase1_fit,101.18533373371028,40.19258804867743,0.40382054551614655,0.3472276360361837,0.00039262061434548273,1,0
340,2008-08-20 21:58:00,pass,phase1_fit,65.30482345808119,53.66035941900695,0.3957333719166191,0.3532691257558358,0.0009202325567052002,1,0
341,2008-08-20 22:13:00,pass,phase1_fit,140.2472189864936,56.22265828316518,0.4039221741915602,0.5979104178758169,0.0004217502198129956,1,0
342,2008-08-20 22:45:00,pass,phase1_fit,73.53394184781318,41.65709169359245,0.38906421649279505,0.32475481775173626,0.001067516697976719,1,0
343,2008-08-20 23:18:00,pass,phase1_fit,64.30543483519189,39.4478359247768,0.3813267272762285,0.324447520411556,0.0021137823365898517,1,0
344,2008-08-20 23:43:00,fail,phase1_fit,70.95658683892799,59.892380957410325,0.40066179884719316,0.5290299345682374,0.9986935977054258,1,0
345,2008-08-21 02:11:00,pass,phase1_fit,87.27656352824219,45.371858275756736,0.4136634309877527,0.44196644734415547,0.0003195907530687963,1,0
346,2008-08-21 02:46:00,pass,phase1_fit,61.27297862881579,47.81687824649829,0.38462561156436065,0.3555716841512385,0.0009064439708619137,1,0
347,2008-08-21 04:22:00,pass,phase1_fit,197.92847705951021,36.94017905541919,0.430571481446126,0.5242825521623397,0.001665424148278511,1,0
348,2008-08-21 04:29:00,pass,phase1_fit,132.0080511335308,50.09655255367065,0.42200170781753366,0.6645832425894799,0.0005265813569622529,1,0
349,2008-08-21 05:06:00,pass,phase1_fit,138.41603265695807,52.90026007891677,0.4156365359571247,0.555098468316418,0.00027393617732461876,1,0
350,2008-08-21 05:15:00,pass,phase1_fit,105.08322124982844,44.94400712598615,0.39510385492563427,0.48935458083076816,0.0006819450417249429,1,0
351,2008-08-21 06:10:00,fail,phase1_fit,91.86200582082532,82.21115603139859,0.40147838095552274,0.6910013724104228,0.998649567127717,0,0
352,2008-08-21 11:22:00,pass,phase1_fit,92.81760488967893,45.602006130072475,0.39691080794703126,0.45333646647784737,0.00041189633037074284,1,0
353,2008-08-21 12:00:00,pass,phase1_fit,82.58040427085119,36.14476809120218,0.3999951427808911,0.40636668722701763,0.0006558457000064459,1,0
354,2008-08-21 12:31:00,pass,phase1_fit,74.02982437610395,38.01564626224967,0.38845344418289507,0.3867155597249563,0.0006781821861882171,1,0
355,2008-08-21 12:33:00,pass,phase1_fit,101.039449840382,38.36444453645358,0.4071745231516069,0.4806020042261289,0.000398530854661383,1,0
356,2008-08-21 12:43:00,pass,phase1_fit,99.50666198136685,71.69617368345757,0.4008486035402841,0.5249212093072644,0.0005088576208672652,1,0
357,2008-08-21 12:52:00,pass,phase1_fit,81.19423202368924,36.85227943458894,0.39028814274860485,0.3483431606307378,0.0016121497463009607,1,0
358,2008-08-21 13:11:00,pass,phase1_fit,91.38014947915721,41.2521805127878,0.40613216526681645,0.48560245322909884,0.0006969795287338317,1,0
359,2008-08-21 13:19:00,pass,phase1_fit,68.23044938426686,42.52685368628963,0.38486926741762273,0.32168513264233517,0.0006896737911463322,1,0
360,2008-08-21 13:29:00,pass,phase1_fit,80.92685187849126,42.50897397448803,0.4127639859102005,0.43673559781922516,0.0007899269801827457,1,0
361,2008-08-21 13:45:00,pass,phase1_fit,91.87106643949862,44.58650548903761,0.40073053544449533,0.4924104455276325,7.67024758009063e-05,1,0
362,2008-08-21 14:47:00,pass,phase1_fit,121.2249048041755,39.15027336892159,0.4121608674049146,0.37235910393200333,0.001012589247246061,1,0
363,2008-08-21 15:05:00,pass,phase1_fit,70.69769407173865,42.54953743676407,0.4001015983177123,0.34921833717474277,0.002264282156993755,1,0
364,2008-08-21 15:06:00,pass,phase1_fit,86.70186602237015,39.55224292741952,0.4041358074986311,0.43710779676255956,0.0019640729958327677,0,0
365,2008-08-21 15:32:00,pass,phase1_fit,75.45462457893859,52.583307894870586,0.39371430200553953,0.4273069940874593,0.00022107550601831752,0,0
366,2008-08-21 15:48:00,pass,phase1_fit,102.00891162860877,48.577250844371946,0.40651960645610824,0.48669670082136984,0.0006771209776981991,1,0
367,2008-08-21 15:50:00,pass,phase1_fit,448.5098638267949,24.50846953391782,0.4379752184582708,0.11461655984947641,0.00014144698843678618,1,0
368,2008-08-21 16:19:00,fail,phase1_fit,176.18779677381002,99.45880345605656,0.39803811204162487,1.0423669904923474,0.9987144718053258,1,0
369,2008-08-21 16:36:00,pass,phase1_fit,81.38721093396815,41.38461203278329,0.3939777925470145,0.3667924814667514,0.00023571804189357495,1,1
370,2008-08-21 17:25:00,pass,phase1_fit,69.44246077941372,51.282022468673794,0.39513997764221487,0.35625430319502055,0.0011254743479080986,1,0
371,2008-08-21 17:44:00,pass,phase1_fit,123.90340007017288,49.23064785551772,0.4228128416183432,0.452055502786055,0.0018977865998771402,1,0
372,2008-08-21 18:04:00,pass,phase1_fit,65.518081183748,39.92387806944777,0.3909861222611933,0.32401715869461906,0.0013673380259321209,1,0
373,2008-08-21 18:05:00,fail,phase1_fit,70.87296372088974,86.0437712974348,0.39634128567252347,0.7122435098097775,0.9980883938721439,1,0
374,2008-08-21 18:39:00,pass,phase1_fit,83.47268259455184,34.84728736525693,0.39815193399087045,0.4447646799204203,0.0004816461382373076,1,0
375,2008-08-21 18:53:00,pass,phase1_fit,531.8122627309872,8.715884958235227,0.428980277366097,0.05076646672626633,0.0006199279171930091,1,0
376,2008-08-21 19:12:00,pass,phase1_fit,67.74448296739943,50.40054934064061,0.38485095239562306,0.3663151073357917,0.00028848621579049606,1,0
377,2008-08-21 19:12:00,pass,phase1_fit,84.41312510427635,41.94703676438685,0.3989980413851496,0.41218002462699493,0.0014352018077879419,1,0
378,2008-08-21 19:46:00,pass,phase1_fit,107.7789131826319,42.61202114269393,0.42046616377387797,0.3659369975207863,0.001707787392829762,1,0
379,2008-08-21 20:19:00,pass,phase1_fit,57.7225200399693,42.53693112156762,0.3878232442591872,0.3160495991014724,0.0020300699259662965,1,0
380,2008-08-21 20:21:00,pass,phase1_fit,97.76237774333653,56.47841955049116,0.42845790226104113,0.4309420093392052,0.007271285934962233,0,0
381,2008-08-21 20:37:00,pass,phase1_fit,65.15427685824586,42.32316594474773,0.39684988554362666,0.34549781344390335,0.0013136059082517828,0,0
382,2008-08-21 21:32:00,pass,phase1_fit,85.78132909018977,35.31439990326861,0.39025759917627206,0.4311820386574929,0.001182110093436636,1,0
383,2008-08-21 22:25:00,pass,phase1_fit,117.75644799924822,39.87263337160545,0.4047335809185875,0.4803300993207378,0.0004242856310624273,1,0
384,2008-08-21 22:41:00,pass,phase1_fit,120.95054288024791,29.109421630830287,0.4225714112534304,0.40980529873247107,0.001490156041916526,1,0
385,2008-08-21 23:08:00,pass,phase1_fit,241.6912934049145,41.006360101612636,0.44772676534993894,0.43859629113127646,0.00039264287442950066,1,0
386,2008-08-21 23:27:00,pass,phase1_fit,104.64540304185185,46.176881439034474,0.41718229784019156,0.3392778304543635,0.0009832944436486799,1,0
387,2008-08-21 23:53:00,pass,phase1_fit,96.58369214474511,44.72128850200856,0.40235159914040136,0.47874539759443435,0.001539767993027326,1,0
388,2008-08-21 23:57:00,pass,phase1_fit,54.04288865304247,40.119734321553445,0.37689811907245746,0.2839623053282793,0.000689325709732873,1,0
389,2008-08-22 00:43:00,pass,phase1_fit,82.56086382318391,55.34375187437658,0.4009742312775205,0.43230088113564674,0.0025771535323318995,1,0
390,2008-08-22 00:44:00,pass,phase1_fit,79.96985181728623,39.62048511986062,0.3991951022949315,0.3149138668868728,0.0005282259790315694,1,0
391,2008-08-22 00:47:00,pass,phase1_fit,87.16370438304459,38.033027131598615,0.3954268150168789,0.39452440008039075,0.001800840945971087,1,0
392,2008-08-22 01:04:00,fail,phase1_fit,82.87410796332613,90.53146523694431,0.3942375590122518,0.769422938727906,0.9987349318968186,1,0
393,2008-08-22 01:26:00,pass,phase1_fit,94.09648895755608,69.34695226036031,0.4058273600710291,0.4880676112110426,0.0031693866382129687,1,0
394,2008-08-22 01:27:00,pass,phase1_fit,76.4908226686877,47.958135718875226,0.39348065702115326,0.37756644718967736,6.562850271056093e-05,1,0
395,2008-08-22 01:54:00,pass,phase1_fit,138.0333333440869,43.53046627639628,0.41269569987807336,0.5126669758291414,0.002240466386720802,1,1
396,2008-08-22 02:01:00,pass,phase1_fit,105.89467187278504,42.974611317776265,0.41357885656645305,0.5064582834370769,0.00019544595636740206,1,0
397,2008-08-22 02:25:00,pass,phase1_fit,79.08728057747666,43.79383652136414,0.39619539790135766,0.41497921512841957,0.0015345492782307035,1,0
398,2008-08-22 02:52:00,pass,phase1_fit,73.4482908763307,25.662134376074242,0.39097159006309906,0.3181665154270196,0.0008926036760752687,1,0
399,2008-08-22 03:18:00,pass,phase1_fit,157.01123494477403,54.44325838265946,0.42343797568291075,0.5776948182577365,0.00013044497002166736,1,0
400,2008-08-22 03:58:00,pass,phase1_fit,57.44666557489966,52.16666548631505,0.37940373185785103,0.32825909968156375,0.0015568172096061446,1,0
401,2008-08-22 04:40:00,pass,phase1_fit,51.22321127810359,38.23862590078859,0.38794934179533985,0.2821893757807255,0.0017716682080737413,1,0
402,2008-08-22 04:57:00,pass,phase1_fit,75.02420357512716,46.470467023581776,0.3875064610434866,0.43856347382146066,0.002126273555850302,1,0
403,2008-08-22 05:21:00,pass,phase1_fit,233.83592764071494,76.64750561562624,0.4074057997323499,0.6446438841856428,0.0002746197567704927,1,0
404,2008-08-22 05:31:00,pass,phase1_fit,124.61468481780079,46.789126804393184,0.420917602143112,0.4834778426606554,0.00015954794458207598,1,0
405,2008-08-22 05:32:00,pass,phase1_fit,92.95441519294766,43.363219356073266,0.406078943245266,0.48386684476202474,9.325807188240397e-05,1,0
406,2008-08-22 06:00:00,fail,phase1_fit,75.81706857936034,62.987274238264874,0.398220560802839,0.6128101545059382,0.9990284543216396,1,0
407,2008-08-22 07:04:00,pass,phase1_fit,85.57860983099899,31.97284135564689,0.3995655686483083,0.4161948498223291,0.0007282449771731382,1,0
408,2008-08-22 07:17:00,pass,phase1_fit,93.55591276023465,45.25567152847472,0.4051586046381246,0.4598173166508607,0.003515724636159528,1,0
409,2008-08-22 07:27:00,pass,phase1_fit,81.2757047178464,46.13981065678328,0.3958783489092079,0.3985133411916034,0.0002276206063754779,1,0
410,2008-08-22 09:29:00,pass,phase1_fit,475.4261949342896,12.22699368090382,0.41448776007441407,0.2559141521103307,0.0032592789971426046,1,0
411,2008-08-22 09:29:00,pass,phase1_fit,87.85976153225032,34.610668130423875,0.4006990275981886,0.417461217566231,0.0015754986750024568,0,0
412,2008-08-22 10:01:00,pass,phase1_fit,58.92914826231024,37.182926833732274,0.3880394558197104,0.2991670468411736,0.002315230913479821,1,0
413,2008-08-22 10:18:00,pass,phase1_fit,106.43128338141048,48.34095515598668,0.396448034524284,0.4748905774079794,6.0274495080878683e-05,1,0
414,2008-08-22 10:47:00,pass,phase1_fit,83.7794917262199,35.18789137996211,0.40962253855290987,0.34634298074749054,0.00038610431876264444,0,0
415,2008-08-22 11:32:00,pass,phase1_fit,81.96010256378891,29.704121304839774,0.39673689439915033,0.38358603524731305,0.00032029750248895294,0,0
416,2008-08-22 12:13:00,pass,phase1_fit,76.65168779906435,47.56387569366596,0.39477522004598953,0.3799501872436262,0.0001879420664821427,1,0
417,2008-08-22 12:37:00,pass,phase1_fit,70.86107838533758,35.61898375027029,0.3939747098575053,0.3767773821262896,0.002591038351374093,1,0
418,2008-08-22 12:42:00,pass,phase1_fit,85.31646103541745,44.340515182069176,0.39887361342387534,0.4257359645380387,0.0021416026184470204,1,0
419,2008-08-22 13:22:00,pass,phase1_fit,89.96326414838421,53.44120712462918,0.4060497041195096,0.40987022945320173,0.0009428353997020481,1,0
420,2008-08-22 14:45:00,pass,phase1_fit,87.25736537418643,49.24566311558378,0.3955787710303662,0.43071847607564484,0.0006895364507098266,1,0
421,2008-08-22 15:25:00,pass,phase1_fit,136.5343075986763,39.237688572393616,0.42619100127988213,0.6026697536695003,0.0031219236347897424,1,1
422,2008-08-22 15:39:00,pass,phase1_fit,63.88386347487707,41.83079103853124,0.40542993685907613,0.33110343643555606,0.0007822351170796172,1,0
423,2008-08-22 15:54:00,pass,phase1_fit,247.5684856408284,75.91032329911553,0.4062065257366209,0.4029755913884959,0.004105856446074219,1,0
424,2008-08-22 19:14:00,fail,phase1_fit,89.95830103012621,60.67379132261051,0.39612132490297486,0.7187616566997708,0.9984490992125913,1,0
425,2008-08-22 23:46:00,pass,phase1_fit,97.23104924992016,36.449521103476634,0.40676425169149,0.4402708702619533,0.0015528368411545923,1,0
426,2008-08-22 23:47:00,pass,phase1_fit,135.64292762430892,41.53514413081032,0.42176912186240134,0.3475504692307321,0.0005893615473775631,1,0
427,2008-08-22 23:49:00,pass,phase1_fit,93.03526378671256,49.664949020596225,0.4106136654252801,0.4291753378536315,0.0009095241981463703,1,0
428,2008-08-22 23:56:00,pass,phase1_fit,73.91567436088874,37.0207002951766,0.389976142371717,0.3537526459863145,0.0022705786082912096,1,0
429,2008-08-23 02:04:00,pass,phase1_fit,126.65457280042065,45.41602202973437,0.42160847546302593,0.5134325576148281,0.0004663518264839807,1,0
430,2008-08-23 03:26:00,pass,phase1_fit,43.552379078068,32.38537929524601,0.37246734052713565,0.2648148977613788,0.001740003277293473,1,0
431,2008-08-23 04:50:00,pass,phase1_fit,87.56422605813627,46.31192986365534,0.40706338786799634,0.4614884002227853,0.0011985171658453642,1,0
432,2008-08-23 04:52:00,pass,phase1_fit,147.33163141969618,51.97298411818646,0.42973156009807484,0.764520616373552,0.0013973548537259855,1,0
433,2008-08-23 05:57:00,pass,phase1_fit,83.60297873104382,37.70358295467687,0.4016775549844911,0.3787708404984625,0.00033493689213974053,1,0
434,2008-08-23 05:57:00,pass,phase1_fit,75.7484592042663,48.86517064199635,0.3816740808476328,0.3985375802962502,0.0011214712349340793,1,1
435,2008-08-23 05:58:00,pass,phase1_fit,60.51201202218059,34.90890092774916,0.38675576465149286,0.3453370386855312,0.0045074602820162546,1,0
436,2008-08-23 05:58:00,pass,phase1_fit,85.68548851761501,40.77223515804204,0.41461649664678607,0.45246784032857934,0.001779756553136779,1,0
437,2008-08-23 09:24:00,pass,phase1_fit,139.54139233157866,31.426665943961144,0.41135691658066986,0.6213365436415584,0.0017787306514851968,1,0
438,2008-08-23 12:58:00,pass,phase1_fit,145.8729890518118,37.752025623617286,0.4175463991923437,0.3505062036020411,0.001205074354121535,1,0
439,2008-08-23 13:02:00,pass,phase1_fit,154.23687042039785,44.82851123856105,0.4188057248740015,0.27826469758386746,0.0005339275967449602,1,0
440,2008-08-23 15:10:00,pass,phase1_fit,135.3777335784715,47.58064267751233,0.42407970233767,0.5661473003901702,0.0007168350636915629,1,0
441,2008-08-23 15:29:00,fail,phase1_fit,108.49508432001235,58.409583517806404,0.40095924172731284,0.6547177172341013,0.9981602217541998,1,0
442,2008-08-24 02:32:00,pass,phase1_fit,64.20161194125758,45.104810681692115,0.38690506926719737,0.38187757965621544,0.0011330918661132834,1,0
443,2008-08-24 04:00:00,pass,phase1_fit,172.30640758782502,40.547519065038564,0.42074773612657657,0.37758999423537987,0.0007405086857370421,1,0
444,2008-08-24 07:12:00,pass,phase1_fit,110.32542648098179,35.82839485061258,0.416440883434987,0.4532348698615696,0.0006056411168108192,1,0
445,2008-08-24 07:14:00,pass,phase1_fit,102.68992854240126,51.752047384529185,0.4193529422340196,0.46869023328847736,0.0009190978837722389,1,0
446,2008-08-24 10:09:00,pass,phase1_fit,64.55127939444522,51.74385905941456,0.39207275858424756,0.3675174516863803,0.0007570708841557149,1,0
447,2008-08-24 10:14:00,pass,phase1_fit,89.56574467241258,50.4053157154221,0.40240084211746135,0.44179508456130173,0.0007469455127031016,1,0
448,2008-08-24 13:03:00,fail,phase1_fit,85.10294283759369,79.96940062668206,0.4029091194614091,0.6522155381614904,0.9987104032050615,1,0
449,2008-08-25 09:29:00,pass,phase1_fit,76.64814628609152,32.22429519882165,0.39639051008446435,0.3606542858687498,0.00042314603973929557,1,0
450,2008-08-27 00:46:00,pass,phase1_fit,134.26405830087504,46.36814534636436,0.41530784915365804,0.5334644051239061,0.00018489921292530475,1,0
451,2008-08-27 11:38:00,pass,phase1_fit,78.20581917395059,41.18711344637238,0.3920730224316576,0.34209167620307973,0.0001967596652372169,1,0
452,2008-08-27 12:22:00,pass,phase1_fit,85.65001542756832,35.09037756134909,0.40237206767993633,0.434443793271639,0.0017704830428052142,1,0
453,2008-08-27 13:35:00,pass,phase1_fit,90.68667397521186,46.92986175894103,0.40729862656684174,0.49024729358666147,0.0009592880562399477,1,0
454,2008-08-27 14:18:00,pass,phase1_fit,92.35236234337619,51.16099648758296,0.3900471345740172,0.473304954858604,0.00016263951842514872,1,0
455,2008-08-27 17:14:00,pass,phase1_fit,213.82384882862206,60.387512439751525,0.41753786094964135,0.7103439177482036,0.0019614501035459145,1,0
456,2008-08-27 22:48:00,pass,phase1_fit,109.15422709438793,41.944302472110316,0.3995046577852627,0.44328391362834263,0.0006233557624017223,1,1
457,2008-08-27 22:58:00,pass,phase1_fit,524.1575289644062,14.921468642249472,0.5211895539043343,0.23018715711814924,0.0013491008310172509,1,1
458,2008-08-28 03:03:00,pass,phase1_fit,85.66332815280386,39.08807558189271,0.40051418151281754,0.45113540109104844,0.0022461639602957342,1,0
459,2008-08-28 03:04:00,pass,phase1_fit,58.84259953180086,42.46496390814298,0.3857586100803159,0.3293690830082843,0.0022655729572339522,1,0
460,2008-08-28 03:29:00,pass,phase1_fit,80.32459560989183,53.19564768432237,0.40351523013446794,0.4135355077824045,0.0014847923569840287,1,0
461,2008-08-28 03:38:00,pass,phase1_fit,306.7208518310821,37.03390883629146,0.42088660459338784,0.3232990373409595,0.0010932313240567732,1,0
462,2008-08-28 03:45:00,pass,phase1_fit,70.98785920262922,46.302022265669585,0.3967727711667163,0.39126159774299457,0.0005993389624573856,1,0
463,2008-08-28 04:10:00,pass,phase1_fit,77.07208786691143,30.21224375522742,0.39245687969060333,0.32234006885929417,0.0030686270919855086,1,1
464,2008-08-28 04:20:00,pass,phase1_fit,111.57311819420264,41.84657590304552,0.4113486710634436,0.46724997035503407,0.0013703203018933577,1,1
465,2008-08-28 04:54:00,pass,phase1_fit,86.68117299801463,45.36401646312264,0.3996020228697382,0.4339386917323679,0.00034328318717429207,1,1
466,2008-08-28 05:00:00,pass,phase1_fit,337.28596708682943,105.83599747839696,0.47580937596329886,0.482834489051581,0.0013352106923758043,1,1
467,2008-08-28 06:15:00,pass,phase1_fit,70.45266230436789,59.890919769467494,0.3969387727590894,0.4204392468267811,0.0005434966679207239,1,1
468,2008-08-28 06:39:00,pass,phase1_fit,73.35640777288151,41.10718122967283,0.39678637591439947,0.3429513144413553,0.0005034786950755659,1,0
469,2008-08-28 06:56:00,pass,phase1_fit,82.66660422938948,37.591480613507,0.39552990465626486,0.38340211516493283,0.0014619404992122671,1,1
470,2008-08-28 07:40:00,pass,phase1_fit,84.50472779515033,51.03605109773905,0.4129672033440272,0.4619731698356652,0.0006848372864133343,1,1
471,2008-08-28 07:51:00,pass,phase1_fit,78.80132040782695,40.60482004507807,0.39666016221900074,0.3418264907231232,0.0008650530184804108,1,0
472,2008-08-28 08:41:00,pass,phase1_fit,95.34281491598345,38.363974750523326,0.393801640398548,0.3790886063311641,0.0001260672710600914,1,0
473,2008-08-28 09:46:00,pass,phase1_fit,95.5978656702724,38.67712479851741,0.4156331685569255,0.48719715803256397,0.00020530424988645472,1,0
474,2008-08-28 09:49:00,pass,phase1_fit,65.29753306209605,45.87105104241636,0.39464377995260713,0.3095086909421604,0.0007689793312803916,1,0
475,2008-08-28 10:15:00,pass,phase1_fit,65.67942778204193,41.41709423519602,0.3933635887742146,0.3380441925771364,0.0011765814628246927,1,1
476,2008-08-28 10:28:00,pass,phase1_fit,87.73202130118351,37.88004451219888,0.4023181618899806,0.4234932360347835,0.0011208051712077512,1,0
477,2008-08-28 10:32:00,pass,phase1_fit,84.55649081911803,47.950976935154635,0.3961544798475355,0.42062454506467034,0.00036014198536879445,1,0
478,2008-08-28 11:19:00,pass,phase1_fit,101.29640270691081,48.778856045430715,0.42559822193606095,0.46000367279311744,0.0007907209336574918,1,0
479,2008-08-28 12:44:00,pass,phase1_fit,88.00259548654253,29.063096406617507,0.4134831986656602,0.4443442960710942,0.00046826068906106956,1,0
480,2008-08-28 14:48:00,pass,phase1_fit,82.4006394031057,44.61483714410132,0.41239018086249013,0.34632145071315856,0.0006723696700915667,1,1
481,2008-08-28 15:19:00,pass,phase1_fit,119.54706832116476,40.07780432916864,0.41138557908271434,0.4500710039297501,0.0018945274749882883,1,0
482,2008-08-28 16:01:00,pass,phase1_fit,68.68331084727248,45.80096724828601,0.3915664049282804,0.3231368312324259,0.00013345757453777352,1,0
483,2008-08-28 16:43:00,pass,phase1_fit,98.31485318341053,41.42914293761023,0.4062668438989945,0.4495888562178838,0.0014086408795644237,1,0
484,2008-08-28 16:52:00,pass,phase1_fit,203.1059070190087,40.92417775492011,0.4070465832017155,0.7292223541389088,0.00020358221185983315,1,1
485,2008-08-28 17:21:00,pass,phase1_fit,64.06704774057626,42.48391187558612,0.389447383655231,0.34352027551411257,0.002148708226824072,1,0
486,2008-08-28 17:27:00,pass,phase1_fit,55.84361170945379,37.199212453289334,0.38990659910603576,0.3381559255390743,0.0007182811420979982,1,1
487,2008-08-28 17:32:00,pass,phase1_fit,78.51703419430748,39.322260227719454,0.40538178750703924,0.3479758899333787,0.0007363748728660329,1,0
488,2008-08-28 18:05:00,pass,phase1_fit,297.57980177120066,30.733469405626497,0.4110500022132905,1.057329303430432,0.0004982579959488768,1,0
489,2008-08-28 18:10:00,pass,phase1_fit,80.44968691111059,47.26909342555358,0.4106548058617234,0.3940313161649162,0.0018564247098200126,1,1
490,2008-08-28 18:15:00,pass,phase1_fit,152.7970281454184,50.499269730877906,0.4259392430518271,0.47346841375600607,0.0008296208709790069,1,1
491,2008-08-28 18:25:00,pass,phase1_fit,82.19506381240798,46.81504809404652,0.40039768572872414,0.40227198911247375,0.0005367183273476802,1,0
492,2008-08-28 18:47:00,pass,phase1_fit,431.07160460692245,18.964856902803007,0.4363495212951417,0.13577324754901524,0.0001434787823751062,1,0
493,2008-08-28 18:57:00,pass,phase1_fit,64.48127443118184,35.85406101470695,0.3872629783574467,0.3673414569525249,0.0007595626494684821,1,1
494,2008-08-28 20:20:00,pass,phase1_fit,76.68586128179288,56.74906432497703,0.40793553194399995,0.41669763213789307,0.0005324512265368484,1,1
495,2008-08-28 20:39:00,fail,phase1_fit,66.11810964006766,66.151859600162,0.4028597601646377,0.5907888238649952,0.9987712555558856,1,0
496,2008-08-28 21:03:00,pass,phase1_fit,53.91605402931113,39.579105840245994,0.3986078295870268,0.3369397900296709,0.000552788645189643,1,1
497,2008-08-28 21:52:00,pass,phase1_fit,439.5039582399456,52.53122996825553,0.44401725444143436,0.3583189371047578,0.0007429906299680632,1,1
498,2008-08-28 22:57:00,pass,phase1_fit,118.35145839853435,116.77824636981794,0.4057811083224292,0.6571347141758068,0.0006867755360305365,1,0
499,2008-08-28 23:40:00,pass,phase1_fit,86.19191253673043,47.129920202198996,0.40244326900504507,0.4229093017497762,0.0010147775037695778,1,0
500,2008-08-28 23:42:00,pass,phase1_fit,125.56607981364894,58.492040319069716,0.3908423946000381,0.412903627793248,0.00020656890504961703,1,0
501,2008-08-29 00:49:00,pass,phase1_fit,88.50788992686637,29.715302626678803,0.4038724004985466,0.37092061551974237,0.0029754951972783255,1,0
502,2008-08-29 01:06:00,pass,phase1_fit,98.89907030916254,47.92734875822049,0.40847236483832405,0.4549085902584249,0.00039990283604258135,1,0
503,2008-08-29 02:38:00,pass,phase1_fit,112.18706153062746,44.44264536408495,0.41011926782115754,0.6032034753641083,0.0007621902927767027,1,1
504,2008-08-29 02:39:00,pass,phase1_fit,115.64181518103099,60.91158944222646,0.420740377615733,0.539454099263085,0.0011950466511574612,1,0
505,2008-08-29 03:27:00,pass,phase1_fit,96.43646980545822,47.27797999740028,0.40513581584455555,0.36670305976245543,0.003799578198659287,1,0
506,2008-08-29 03:33:00,pass,phase1_fit,79.4094668299318,36.06912516800308,0.40505830567652545,0.3130160369442297,0.0010396977470195782,1,0
507,2008-08-29 03:46:00,pass,phase1_fit,71.3820462434659,40.467274582254774,0.3892523357042531,0.3828499239271999,0.0004452452507510748,1,0
508,2008-08-29 04:55:00,fail,phase1_fit,145.6632489637689,65.55064209727038,0.4100180673506686,0.9268920187620586,0.9986260366784783,1,1
509,2008-08-29 04:56:00,pass,phase1_fit,153.41358040780517,36.152322656075,0.4309209743331881,0.6534561514583839,0.0004010663176106712,1,1
510,2008-08-29 05:16:00,pass,phase1_fit,190.361348303838,63.53829464992842,0.4367490415728323,0.6631789647192099,0.00035727149100177905,1,1
511,2008-08-29 05:54:00,pass,phase1_fit,129.72072166543512,30.130786926203186,0.3904592577144004,0.5222005272276042,0.0006867078258508383,1,1
512,2008-08-29 05:54:00,pass,phase1_fit,71.29965106248113,37.85168343697184,0.3952114565582353,0.33922979988724894,0.0003790417033528549,1,0
513,2008-08-29 05:57:00,pass,phase1_fit,83.29295483453421,42.89443911127356,0.40044810251620544,0.36325938781886535,0.00047317610628502875,1,1
514,2008-08-29 05:57:00,pass,phase1_fit,102.46453580506163,48.65482680280745,0.4143379381165218,0.5046427074295129,0.0010026255305949036,1,1
515,2008-08-29 06:35:00,pass,phase1_fit,113.42998042639569,41.38645678918092,0.4090759877412415,0.44263736280877913,0.0029438653148854276,1,1
516,2008-08-29 06:37:00,pass,phase1_fit,65.40458436507693,45.939164936523504,0.389355863811846,0.36295227252809187,0.0006142761837972379,1,0
517,2008-08-29 06:40:00,pass,phase1_fit,66.81138502697958,32.03204258875098,0.3843935516166664,0.29028841852490567,0.0011040142432907072,1,1
518,2008-08-29 06:45:00,fail,phase1_fit,137.15789378943086,79.00475935037159,0.4263298547195815,0.9475087483729324,0.9984912143174918,1,1
519,2008-08-29 06:54:00,pass,phase1_fit,91.41766077931024,30.351176649609968,0.40099041910482497,0.4429242266625821,0.000651084360180775,1,0
520,2008-08-29 07:18:00,pass,phase1_fit,99.4485556287405,40.602602872959736,0.40326048862243175,0.44269751831146553,0.0011893055051189184,1,1
521,2008-08-29 07:22:00,pass,phase1_fit,102.10269839136389,35.34927145435672,0.40211162912633525,0.4130338392374547,0.00130725810351217,1,1
522,2008-08-29 07:24:00,pass,phase1_fit,75.24933317319294,35.24414253588782,0.4050869650248488,0.32094448770426554,0.0027548679300955,1,0
523,2008-08-29 07:33:00,pass,phase1_fit,133.97953868058295,42.04243537842642,0.4509469422867073,0.3632436273504745,0.00021674135936914808,1,0
524,2008-08-29 07:33:00,pass,phase1_fit,96.9354443097113,39.927371039527316,0.4042342769444078,0.4907866602163617,0.0003115126438562627,1,1
525,2008-08-29 08:10:00,pass,phase1_fit,87.16442198904588,44.33370513960133,0.39564308653739527,0.3970186648455381,0.00021557205797589213,1,1
526,2008-08-29 08:20:00,pass,phase1_fit,137.157865643905,33.6080370968431,0.42390602690492407,0.5038667472274251,0.0002559206062000058,1,0
527,2008-08-29 08:41:00,pass,phase1_fit,101.63381268457732,38.9853384323392,0.4111180482247519,0.4317783579888816,0.0004368987857816204,1,1
528,2008-08-29 08:45:00,pass,phase1_fit,155.46639217038714,31.143651977609522,0.4441875323620383,0.32781370845951757,0.0003388944539971365,1,0
529,2008-08-29 12:21:00,pass,phase1_fit,168.65966338415646,93.08189071053714,0.4128723678435715,0.49215190970480754,0.0012511999752471553,1,1
530,2008-08-29 12:22:00,pass,phase1_fit,115.92277016318349,47.70296317785958,0.4186520098527218,0.5311679665204421,0.0004320900920318477,1,0
531,2008-08-29 12:37:00,pass,phase1_fit,60.60651936782427,41.444850650850924,0.3928011762766675,0.3317638922786021,0.0007894490321186698,1,1
532,2008-08-29 13:04:00,pass,phase1_fit,71.01869887163512,32.534608625233076,0.39397424161033134,0.32118273757420385,0.002223997646608312,1,1
533,2008-08-29 13:14:00,pass,phase1_fit,91.75247049983811,60.07543656579833,0.4052841379979494,0.4847618754970123,0.0001796106143572696,1,1
534,2008-08-29 13:27:00,pass,phase1_fit,62.422498310886425,40.004419397973535,0.38343656097159434,0.31241750957045605,0.0007155397502467857,1,0
535,2008-08-29 13:49:00,pass,phase1_fit,63.10812883255742,29.697927220179455,0.3831219522159411,0.28266032290880355,0.0019536512320463537,1,0
536,2008-08-29 14:11:00,pass,phase1_fit,96.7146430652035,35.073219706750514,0.41557500802216946,0.32698420826202257,0.0005122947734489022,1,0
537,2008-08-29 14:18:00,pass,phase1_fit,99.24474353135255,42.32155625725538,0.42832819681390943,0.41483117897929594,0.0014814174895461172,1,0
538,2008-08-29 14:30:00,pass,phase1_fit,171.27666850586232,58.44273095356009,0.4293590993801371,0.5139089699799749,0.0012178452057749947,1,1
539,2008-08-29 15:01:00,pass,phase1_fit,554.6274012968928,0.9689950335778856,0.4527641436621628,0.09564045325735,0.00047006354939658183,1,0
540,2008-08-29 15:43:00,pass,phase1_fit,97.64331135058892,51.761394516047105,0.41056447492355935,0.513474643329375,0.0009490669063250506,1,1
541,2008-08-29 16:26:00,pass,phase1_fit,100.33290555774317,64.76113633541988,0.40284987224988056,0.501282726495413,0.0007737681735946598,1,1
542,2008-08-29 20:21:00,pass,phase1_fit,104.19699264690139,44.18972822547666,0.40979762353452687,0.5014998418874234,0.0019086632318787596,1,0
543,2008-08-29 20:49:00,pass,phase1_fit,118.48001661278015,54.92378039931043,0.4234541743026745,0.4635068597257171,0.0005540683754505542,1,0
544,2008-08-29 21:25:00,pass,phase1_fit,102.74987823139033,41.539097167558026,0.41476337860941537,0.3703299796566189,0.00018866272300531036,1,0
545,2008-08-29 21:46:00,pass,phase1_fit,133.30998339112136,63.89930779672499,0.4159254366069089,0.3954553895561997,0.0002861136948525573,1,1
546,2008-08-29 21:54:00,pass,phase1_fit,66.932085077627,32.77806013363396,0.3886121023603274,0.29444959585107244,0.00033143181970458555,1,0
547,2008-08-29 22:11:00,pass,phase1_fit,79.4937020653367,38.04067276527577,0.39682964695892875,0.43027445603144554,0.00033798830002958956,1,1
548,2008-08-29 22:45:00,pass,phase1_fit,84.01220904650852,39.8529792373961,0.4086581256116966,0.4020098681505118,0.0012292163618653957,1,1
549,2008-08-29 22:49:00,pass,phase1_fit,58.15232959025547,30.88610304540763,0.37815354300856413,0.2817617897431704,0.0012729866772981289,1,1
550,2008-08-29 22:56:00,pass,phase1_fit,121.02900763956326,57.099660580979474,0.4201125305384334,0.4882401135411231,0.001781984462926804,1,0
551,2008-08-30 00:01:00,pass,phase1_fit,86.77310764981567,38.45826181745384,0.4014140313632442,0.3510569162037636,9.200052842689297e-05,1,0
552,2008-08-30 00:05:00,pass,phase1_fit,107.9851158758008,41.768612227527626,0.4133721651956958,0.5272601977925522,0.0006551573140000404,1,1
553,2008-08-30 00:57:00,pass,phase1_fit,42.21642795993876,32.478209809554,0.38188719509098434,0.23673486419424225,0.0005117659518285447,1,1
554,2008-08-30 01:29:00,pass,phase1_fit,75.74244433880644,37.62566838248317,0.3969947118420139,0.3492717668230525,0.0010381017434569122,1,0
555,2008-08-30 02:08:00,pass,phase1_fit,134.19388097311307,39.12637808638899,0.43172013347297855,0.41230216019852084,0.00047660412136604676,1,0
556,2008-08-30 02:22:00,pass,phase1_fit,103.98742949140065,74.5503631927472,0.39734038200226796,0.6072527767915301,0.0006093220805286535,1,1
557,2008-08-30 02:32:00,pass,phase1_fit,132.31862654480724,50.704940964844596,0.4248776528135715,0.5449751790960314,0.00027532987528819337,1,0
558,2008-08-30 02:39:00,pass,phase1_fit,77.4111149156413,39.27487151504904,0.3963195942192263,0.40457586878458396,0.0006796157471190536,1,0
559,2008-08-30 02:50:00,pass,phase1_fit,52.07461356911199,39.49689812817829,0.3919720968961623,0.2704952936349272,0.0002678743943517964,1,1
560,2008-08-30 03:10:00,pass,phase1_fit,95.26960425596172,31.436577472757058,0.4071052646339494,0.3680132869988413,0.0007470313287068994,1,0
561,2008-08-30 04:20:00,pass,phase1_fit,119.11954709687818,37.65752106419074,0.42192002998742634,0.5060060441047762,0.0007533981081472001,1,0
562,2008-08-30 04:24:00,pass,phase1_fit,92.39972214637386,49.59554760294463,0.40223563299857984,0.4973077302426286,0.0006821599544899877,1,0
563,2008-08-30 04:55:00,pass,phase1_fit,79.49912676203587,48.79643630464345,0.4093647061318111,0.37714493488692535,0.0016416169346888092,1,0
564,2008-08-30 05:05:00,pass,phase1_fit,82.78836103902371,45.60617966732429,0.39549282498878907,0.3714647034365044,0.0005159676631109562,1,0
565,2008-08-30 05:05:00,pass,phase1_fit,104.41269864966257,35.82177674165555,0.4073239231715426,0.4145175162094662,0.0008353208332453136,1,1
566,2008-08-30 05:38:00,pass,phase1_fit,81.21601218176691,48.63038727394225,0.3906320170269397,0.3890868478617119,0.0009606931984229258,1,1
567,2008-08-30 05:51:00,pass,phase1_fit,77.2982338462044,42.60517377009572,0.39702993656932556,0.3485375663926238,0.002152715499305564,1,0
568,2008-08-30 07:50:00,pass,phase1_fit,159.68382751615948,36.444828457188834,0.4231231027834575,0.5507634364364891,0.0004522960951353092,1,0
569,2008-08-30 07:54:00,pass,phase1_fit,83.52824895322675,38.97825267930128,0.40734302899694574,0.4056804606374339,0.0016524071284638646,1,0
570,2008-08-30 08:10:00,pass,phase1_fit,105.7643373482058,34.1656197199039,0.40652013148306215,0.4709819185712316,0.0004894747560365752,1,0
571,2008-08-30 08:29:00,pass,phase1_fit,142.2537529873458,49.89115681561146,0.41215311716739655,0.6493408982744566,0.0025625295558693757,1,1
572,2008-08-30 08:42:00,pass,phase1_fit,63.18502294492784,43.35581045117782,0.3893033227062551,0.27537510274915694,0.0010429077543885978,1,1
573,2008-08-30 08:53:00,pass,phase1_fit,76.5887626028647,34.546915679581176,0.4054397554629036,0.37647806986170634,0.0007724695625933898,1,0
574,2008-08-30 09:13:00,pass,phase1_fit,106.71446374923816,48.01277159521152,0.4072530586532154,0.4030715349222585,0.000776738548788146,1,0
575,2008-08-30 09:37:00,pass,phase1_fit,74.65488843459568,28.552668723529088,0.3885221763035549,0.31158406605066086,0.001991979928144935,1,0
576,2008-08-30 09:45:00,fail,phase1_fit,1208.0353466352046,634.7642537488255,0.43147998643840635,7.336890105234912,0.998779239887531,1,0
577,2008-08-30 10:15:00,pass,phase1_fit,126.27271861544203,50.38647521213319,0.41879326268715966,0.5892190008548833,0.0006877548322220984,1,1
578,2008-08-30 10:16:00,pass,phase1_fit,78.45866443302349,47.58603201540978,0.3978980128298654,0.40793891109947694,0.0008411373276763328,1,1
579,2008-08-30 11:12:00,pass,phase1_fit,74.42624013391763,40.90840721696267,0.4017845128923333,0.3354215938550849,0.0022442968083235836,1,0
580,2008-08-30 11:14:00,pass,phase1_fit,91.49192148233112,58.26901184098146,0.3845270738955202,0.48879908930313326,0.0006513166777479358,1,0
581,2008-08-30 11:18:00,pass,phase1_fit,81.52313907994527,57.50054805305752,0.39764096995405057,0.5144817838718327,0.00037173936538271193,1,1
582,2008-08-30 11:57:00,pass,phase1_fit,112.09965041867912,60.34540586620263,0.39912012584294637,0.5552009543024051,0.0004776527565526671,1,0
583,2008-08-30 14:10:00,fail,phase1_fit,62.538056673872084,60.09109821240137,0.3949565499696682,0.47037440038801775,0.9983036428753971,1,1
584,2008-08-30 14:23:00,pass,phase1_fit,92.49768410584106,67.20115089563359,0.4120739173564549,0.49047603564690406,0.0007973527165694262,1,1
585,2008-08-30 14:37:00,pass,phase1_fit,134.99260835206798,42.58884056129811,0.4198066299219238,0.49649881031753573,0.00038461142499752066,1,1
586,2008-08-30 15:06:00,pass,phase1_fit,85.28165348505392,42.774117834553195,0.3987692292683623,0.4234358003430376,0.0010058992970502663,1,0
587,2008-08-30 15:16:00,pass,phase1_fit,97.19377434035206,43.97625710741136,0.39430848809435026,0.4941877607157871,0.0017382815075148484,0,0
588,2008-08-30 15:37:00,pass,phase1_fit,71.33377411136331,50.46043955243162,0.40279135622573986,0.38956658774576886,0.0006894523017754862,1,0
589,2008-08-30 15:50:00,pass,phase1_fit,69.02610941248759,36.218182765664814,0.39349052833743076,0.34664969083167785,0.0006335393057197213,1,0
590,2008-08-30 15:57:00,pass,phase1_fit,68.2333677585885,52.52126222532207,0.37990572175050974,0.3924555790833307,0.002195803101657153,1,1
591,2008-08-30 16:24:00,pass,phase1_fit,119.87398578421747,33.983307844808316,0.4263445985661921,0.3833260033467529,0.00018562796989127895,1,0
592,2008-08-30 17:05:00,pass,phase1_fit,124.27284226846726,43.838925499982295,0.42296051539821133,0.3691018550789189,0.00025089460263777344,0,0
593,2008-08-30 17:49:00,pass,phase1_fit,160.3330912367102,50.68957761571756,0.44448703987801247,0.5849085846446163,0.0005808662996696944,0,0
594,2008-08-30 19:21:00,pass,phase1_fit,83.00861035586777,41.916167086934166,0.39720364938424113,0.41813599190796097,0.00025242809468669855,1,0
595,2008-08-30 19:27:00,pass,phase1_fit,92.7167882774127,46.87535355553273,0.4070406657828532,0.42487432333980313,0.0007263606899603458,1,0
596,2008-08-30 20:11:00,pass,phase1_fit,86.4464428274697,35.288264088015154,0.40042056646652757,0.32393915914431504,0.0017958722480593784,1,0
597,2008-08-30 20:53:00,pass,phase1_fit,107.49732101354209,35.72358915493746,0.41581408616038074,0.2714809952949981,0.0013402634862755545,1,1
598,2008-08-30 21:53:00,pass,phase1_fit,50.249371487229816,41.494116770345784,0.3927557171623395,0.32754953265414904,0.0013100825714148438,1,0
599,2008-08-30 23:51:00,pass,phase1_fit,69.80174023846955,51.53897329597812,0.4084812340968702,0.3463986646784593,0.0017666706863698875,1,0
600,2008-08-31 02:57:00,pass,phase1_fit,90.37733058460995,38.543214533363496,0.40747783710204705,0.4482288158104004,0.0013680945302479552,1,0
601,2008-08-31 04:46:00,fail,phase1_fit,57.90525991604486,40.91160182764827,0.38844367736144225,0.4168418892305202,0.9986707680975283,1,0
602,2008-08-31 05:05:00,pass,phase1_fit,76.57447060829743,46.9906233117496,0.39483900667597,0.37137710076985947,0.0016670402629881606,1,0
603,2008-08-31 09:11:00,pass,phase1_fit,109.21807985080174,42.55508960859433,0.4077842978520344,0.43518932274146443,0.0009585678265549475,1,0
604,2008-08-31 10:36:00,pass,phase1_fit,127.0174017581054,41.10602994485444,0.4040840241371484,0.5770070659706958,0.00103042246937226,1,0
605,2008-08-31 10:59:00,fail,phase1_fit,134.12591461933675,148.29737990759946,0.4216079142423937,0.8589280284080726,0.9985758216297522,1,0
606,2008-08-31 10:59:00,pass,phase1_fit,66.16379738156702,56.19956230714186,0.39761705551925475,0.3420931986220825,0.0005964068246046233,1,0
607,2008-08-31 11:03:00,pass,phase1_fit,164.84125311395607,53.80516150486169,0.41267508826410837,0.4526908368375117,0.0008399033915364498,1,0
608,2008-08-31 15:09:00,pass,phase1_fit,60.7592762301468,41.15363975657536,0.38788242922747684,0.32775803683778787,0.0005096062461978232,1,0
609,2008-08-31 15:13:00,pass,phase1_fit,101.43433965535736,52.43357875807476,0.40496266671352493,0.5273716755711728,0.0006492236069641484,1,1
610,2008-08-31 16:32:00,pass,phase1_fit,131.73952287460233,47.83562620146574,0.402695383371357,0.5977751984962099,0.0008012034684816573,1,0
611,2008-08-31 20:24:00,pass,phase1_fit,90.2875223398113,61.68755537476107,0.41343529600809475,0.49794260735776913,0.00040813803832798646,1,1
612,2008-08-31 21:04:00,pass,phase1_fit,95.46357134973826,39.351741059473326,0.41341815520105296,0.424989110100619,0.0003128253506059883,1,0
613,2008-08-31 21:46:00,pass,phase1_fit,56.24528617191026,34.155643742460775,0.38867142319892745,0.2752670375981388,0.00034145011415824745,1,0
614,2008-08-31 21:58:00,pass,phase1_fit,70.13561761878495,32.86550644196861,0.39225166511445364,0.3595484426071615,0.00037800345979518914,1,0
615,2008-08-31 22:32:00,pass,phase1_fit,65.92032662460346,48.085364427468456,0.3953051213708644,0.3495234165470172,0.00026990570396503966,1,0
616,2008-08-31 22:48:00,pass,phase1_fit,108.9107129137396,48.12439707437029,0.40925061229913645,0.5058794469134292,0.0003428793333455176,1,0
617,2008-08-31 22:57:00,pass,phase1_fit,67.91034428131339,39.19268433229934,0.3966239074000563,0.3439522210186955,0.0007643790874090175,1,0
618,2008-09-01 00:01:00,pass,phase1_fit,198.63487894096644,51.06201143685301,0.44216300659534435,0.7709284852631838,0.001553513858531151,1,0
619,2008-09-01 00:39:00,pass,phase1_fit,91.6514446475493,37.045209806605186,0.40442584132106,0.4465708088481762,0.0006314615387423548,1,0
620,2008-09-01 00:45:00,pass,phase1_fit,104.37341595444467,34.48213842885298,0.41361684220617595,0.3140444377233849,0.0003518247771194846,1,0
621,2008-09-01 00:53:00,pass,phase1_fit,122.64499951916723,38.81688186687058,0.4237923446565687,0.30405653309970704,0.00010362986223600599,1,0
622,2008-09-01 05:29:00,pass,phase1_fit,117.74022494457625,66.19807575872281,0.4312136356663711,0.690729572675793,0.00041970577646883143,1,0
623,2008-09-01 05:32:00,pass,phase1_fit,77.0989929718438,68.93223712930232,0.40126172921393066,0.4089533790872049,0.00016914956238644845,1,0
624,2008-09-01 06:12:00,pass,phase1_fit,105.82725260237606,43.043507878013806,0.39622388705316486,0.5259784630966551,0.0006749466623855242,1,0
625,2008-09-01 06:21:00,pass,phase1_fit,74.41607917209691,48.0618151451896,0.3935686767976783,0.42728412529312687,0.001613409540425638,1,0
626,2008-09-01 06:52:00,pass,phase1_cal,227.45592526660704,378.64550152845595,0.42317988140727436,2.1779839071658214,0.0015381160060945608,1,0
627,2008-09-01 08:18:00,pass,phase1_cal,106.67110116895427,89.57454522715219,0.40608383738172255,0.8742043977393971,0.00024393746266193684,1,0
628,2008-09-01 09:06:00,pass,phase1_cal,74.05687789165651,99.36880612389541,0.40188691009541744,0.6726132079379307,0.00034013018081002435,1,1
629,2008-09-01 09:19:00,pass,phase1_cal,63.10507618766694,67.29443583179689,0.38796100611477646,0.44619073454076735,0.0007116242621079607,1,0
630,2008-09-01 09:54:00,pass,phase1_cal,72.61486560116224,79.33184124384121,0.4038879304879801,0.5848164514236156,0.0011439133442075536,1,0
631,2008-09-01 10:57:00,pass,phase1_cal,86.42997547026796,79.39189660077017,0.4056734676415116,0.5947867218996162,0.0001605624445922557,1,1
632,2008-09-01 11:40:00,pass,phase1_cal,131.6531847886719,108.26076443120304,0.40572987993686943,0.9406732633405811,0.0035352274550519325,1,0
633,2008-09-01 16:20:00,pass,phase1_cal,85.66971667118456,89.902000558169,0.40947580029734065,0.6271938948333994,0.004219201784236847,1,0
634,2008-09-01 19:54:00,fail,phase1_cal,819.8867136639697,1154.9107615940375,0.5004790254846896,7.24447018226028,0.0013272980737875808,1,1
635,2008-09-01 20:51:00,pass,phase1_cal,122.06573152601456,114.47162752199583,0.40518790027808266,0.8789799627170578,0.004487732748407393,1,0
636,2008-09-01 22:05:00,pass,phase1_cal,59.753708190401305,63.60523379773964,0.39084418629735673,0.4747358570112493,0.0001677721014435004,1,0
637,2008-09-01 23:05:00,pass,phase1_cal,97.71683197229484,46.57823696189097,0.4045669061723866,0.6254468159120496,0.0005209238219911376,1,0
638,2008-09-01 23:19:00,pass,phase1_cal,535.1130034544755,380.8128339748038,0.4150397803015672,2.6065327714495448,0.0005562124247114815,1,1
639,2008-09-01 23:24:00,pass,phase1_cal,85.14708272307035,66.91032468303527,0.3995655965680711,0.6349134353172268,0.0014970208083050266,1,0
640,2008-09-01 23:28:00,pass,phase1_cal,91.0319020040747,71.45802087441804,0.3914090687388436,0.6455393681496724,0.00013532863476513834,1,0
641,2008-09-01 23:39:00,pass,phase1_cal,113.03363683667207,62.14875220082963,0.41070996276158606,0.6670951605287144,0.009394549367774799,1,0
642,2008-09-01 23:45:00,pass,phase1_cal,48.1074695768984,60.963699210597824,0.39497288794214835,0.4048482754199833,0.002170902156089159,1,0
643,2008-09-01 23:59:00,pass,phase1_cal,193.16972481501958,227.7794749347669,0.41540135071796885,1.804593941388834,0.01108645599247134,1,1
644,2008-09-02 00:26:00,pass,phase1_cal,73.51450892293056,79.33883608733015,0.39694784450796217,0.5619251460456086,0.00011634247895779226,1,0
645,2008-09-02 00:31:00,pass,phase1_cal,73.17751743193558,58.0043115790494,0.3957330084512576,0.5226600727053791,0.002715186214272924,1,1
646,2008-09-02 00:46:00,pass,phase1_cal,70.05974745130385,84.03575262202014,0.4083318136190292,0.6341441913336339,0.0010441600456123944,1,0
647,2008-09-02 01:09:00,pass,phase1_cal,94.8782089849973,90.86374943102719,0.40826808965362077,0.6320249674886881,0.002767765802957489,1,1
648,2008-09-02 01:10:00,pass,phase1_cal,72.13002060537923,65.12639263708192,0.41368638450970086,0.48138674747583193,0.0018476480608521347,1,0
649,2008-09-02 01:10:00,pass,phase1_cal,57.63818686246637,49.01347220944852,0.38536921037187205,0.4353068053786,0.012437351830265274,1,0
650,2008-09-02 01:36:00,pass,phase1_cal,77.25389388756686,42.74903926121232,0.39394403582456977,0.4805898548487766,0.00040727877940769194,1,0
651,2008-09-02 01:50:00,pass,phase1_cal,56.7920929991237,52.54254788585636,0.38404702692303666,0.39720196754179815,0.005537727106290519,1,0
652,2008-09-02 02:02:00,pass,phase1_cal,83.75963583519338,81.11160711204505,0.4009457260058373,0.5667984435135865,0.003854549235155348,1,0
653,2008-09-02 02:11:00,pass,phase1_cal,256.86955256386597,326.5805600519416,0.4329165510115413,2.0991840501962375,0.0005389222888855362,1,0
654,2008-09-02 02:50:00,pass,phase1_cal,78.0364377478344,85.50764937448574,0.40126440698503135,0.5790665081067222,0.00029090475676721414,1,0
655,2008-09-02 02:52:00,pass,phase1_cal,84.55482115121781,66.39387855575988,0.39761155864875225,0.6100312394159902,0.0006921268753808083,1,0
656,2008-09-02 03:33:00,pass,phase1_cal,60.213381713817455,60.12040971229188,0.3830391618530156,0.4622268498382317,0.0004141047508955123,1,0
657,2008-09-02 03:35:00,pass,phase1_cal,80.2929891491446,74.72112693363366,0.4098436725051587,0.6117610980988808,0.000834556350042964,1,0
658,2008-09-02 03:35:00,pass,phase1_cal,70.71238420484386,64.2219817179388,0.3968181206129392,0.5058079874420655,0.0007573218556893959,1,0
659,2008-09-02 04:19:00,pass,phase1_cal,78.07317458835854,74.46538040130835,0.38611044586121646,0.567603609224431,0.0003850633506069743,1,1
660,2008-09-02 04:22:00,pass,phase1_cal,61.90042839682491,72.85726894135556,0.38805321993961794,0.5028070534628605,0.0004620533827960839,1,0
661,2008-09-02 05:46:00,pass,phase1_cal,56.08778259112515,85.97984926789917,0.39116819187858853,0.5451192385788977,0.0002563384147881687,1,0
662,2008-09-02 06:03:00,pass,phase1_cal,65.81367712710389,52.91674708715834,0.3962970166328116,0.47467697676502457,0.0011995362574089275,1,0
663,2008-09-02 06:19:00,pass,phase1_cal,65.05359064458945,65.40162728255837,0.38943474789436733,0.5416247395460021,0.00014003594169842808,1,1
664,2008-09-02 06:32:00,pass,phase1_cal,63.73091917765362,66.65448187611582,0.4071728144795909,0.5555963515361342,0.0021470735765208296,1,0
665,2008-09-02 06:48:00,pass,phase1_cal,64.6289885246193,65.17125056916983,0.39442208450183175,0.48052420178109234,0.0006151689059222653,1,0
666,2008-09-02 07:22:00,pass,phase1_cal,109.4540319283528,93.58703373929228,0.4031989129694637,0.8154447820763776,0.00044557228902271953,1,0
667,2008-09-02 07:32:00,pass,phase1_cal,112.79641829085546,303.66240777435905,0.43263763086367496,1.5539139675371327,0.0015960532910522455,1,1
668,2008-09-02 08:15:00,pass,phase1_cal,84.27879741367184,78.06406689865442,0.3999624415601769,0.6147115923734563,0.004001558396940688,1,0
669,2008-09-02 08:54:00,pass,phase1_cal,64.7260222650764,97.39968107688568,0.39666055558629276,0.6437202725182707,0.00020379312346044124,1,0
670,2008-09-02 09:36:00,pass,phase1_cal,137.2382771455075,71.17558662439565,0.40015215793962156,0.8267946380854722,0.010272975283780314,1,0
671,2008-09-02 09:37:00,pass,phase1_cal,73.200280763768,72.19169704309061,0.39150427525310283,0.4984026971156648,0.0003566355181409382,1,1
672,2008-09-02 10:13:00,pass,phase1_cal,1031.9986623069533,363.0372001387475,0.4326661957937175,3.130053998978934,0.00021805134357775528,1,0
673,2008-09-02 10:21:00,pass,phase1_cal,89.89016814075971,92.54987384908141,0.39670533132615565,0.6826149839435887,0.01297147529508037,1,0
674,2008-09-02 10:25:00,pass,phase1_cal,89.94295974622084,71.30713993847375,0.40617103395204857,0.5617088628256266,0.002308263558839194,1,0
675,2008-09-02 10:33:00,pass,phase1_cal,158.24324196290115,328.05171284833887,0.42191136730884227,1.9432011727560186,0.0007043941794625649,1,0
676,2008-09-02 11:08:00,pass,phase1_cal,86.87918929192583,98.56119415981678,0.4142877088752855,0.7760925209775495,0.0011491675472673738,1,0
677,2008-09-02 11:22:00,pass,phase1_cal,41.28819189387506,54.22875703450877,0.383413909520316,0.3321364729554707,0.006785147230465125,1,0
678,2008-09-02 11:47:00,pass,phase1_cal,87.46807178401171,68.55275424017312,0.4072309850065039,0.7539834970373277,0.0004077320916447262,1,0
679,2008-09-02 11:49:00,pass,phase1_cal,97.9703810220006,57.031537784241806,0.40842967883755477,0.666935921434409,0.0003847339874616046,1,0
680,2008-09-02 12:01:00,pass,phase1_cal,74.5800364567515,73.77248823756858,0.4016983535019699,0.5230039474372351,0.0024317797646855152,1,0
681,2008-09-02 12:17:00,pass,phase1_cal,56.46948915686202,62.856889055470276,0.38256085158693265,0.42687103055624614,0.007898081431611269,1,0
682,2008-09-02 12:26:00,pass,phase1_cal,75.08884130264649,68.3072833323216,0.3924281218721026,0.5235427028355649,0.010679315613670122,1,0
683,2008-09-02 12:30:00,pass,phase1_cal,97.62213581146547,86.13563521172534,0.42241857481162365,0.7822674039934031,0.0009118594213797326,1,0
684,2008-09-02 12:44:00,pass,phase1_cal,66.91875572565323,61.28086913599766,0.39537202196722765,0.48403785343793176,0.0016525303721243076,1,1
685,2008-09-02 13:05:00,pass,phase1_cal,62.32690803995871,80.7863132603342,0.3910743325050224,0.5440566714254657,0.0005840447551187161,1,0
686,2008-09-02 13:08:00,pass,phase1_cal,72.42002520902238,73.08376291691312,0.39777123546773474,0.5292865823618492,0.0015519573173896854,1,0
687,2008-09-02 13:27:00,pass,phase1_cal,71.50178066061623,65.71808635951909,0.3926706846311239,0.5255547799043385,0.00023570956509687342,1,0
688,2008-09-02 13:40:00,pass,phase1_cal,72.89619038877862,70.58122230482809,0.40023375889844437,0.5359468198307521,0.004537970249945239,1,0
689,2008-09-02 14:09:00,pass,phase1_cal,171.0303370409988,248.8822029451216,0.4092037533660109,1.160703859185468,0.03577074708194523,1,0
690,2008-09-02 14:21:00,pass,phase1_cal,106.75220395146006,91.71718293945196,0.39804986578613,0.6841542250842797,0.00038000349588526776,1,0
691,2008-09-02 14:34:00,pass,phase1_cal,76.5197706186259,59.18788040046849,0.4062254596781976,0.601600201394822,0.0006436743607162059,1,0
692,2008-09-02 15:29:00,pass,phase1_cal,100.19885925352015,68.36922598219756,0.40921558405140074,0.7479470550031596,0.0028969820767649887,1,0
693,2008-09-02 16:10:00,pass,phase1_cal,51.7300187085115,63.21143175878355,0.38402831541492477,0.47961623306971757,0.0005364331338180224,1,0
694,2008-09-02 16:50:00,pass,phase1_cal,98.54380701176036,100.6324941485438,0.41856236260368856,0.6565749553169755,0.006152888485955007,1,1
695,2008-09-02 16:54:00,pass,phase1_cal,96.41918561900113,71.83979335129898,0.4133242323883351,0.5843514694393896,0.012518827487502441,1,0
696,2008-09-02 16:58:00,pass,phase1_cal,74.4434108360605,66.79694523625784,0.4003778405423865,0.5529766858693647,0.004670391487005438,1,0
697,2008-09-02 17:10:00,pass,phase1_cal,63.43347042742445,63.462940244220455,0.390935639439405,0.5289755746273156,0.0015864811471071624,1,0
698,2008-09-02 17:18:00,pass,phase1_cal,120.18321485475289,119.65841710642948,0.4219295859628589,0.9454339049652216,0.0011288737394415185,1,0
699,2008-09-02 18:38:00,pass,phase1_cal,121.22057852972321,114.37465262434661,0.4032924924517217,0.8780969039698859,0.00565030372641085,1,0
700,2008-09-02 18:52:00,pass,phase1_cal,70.3750017476745,88.2340370005414,0.39257639688047485,0.6005667272858334,0.001312367458320051,1,0
701,2008-09-02 19:18:00,pass,phase1_cal,454.90888843106393,376.0562086764094,0.4062449181671189,2.937094075925976,0.001053653654885731,1,0
702,2008-09-02 20:18:00,pass,phase1_cal,401.52913451773975,173.1443432007321,0.4222934067674137,2.359999698171622,0.0006610073713088902,1,0
703,2008-09-02 20:52:00,pass,phase1_cal,175.24721789972403,137.0344385014472,0.42105562903931143,1.3805244248730473,0.001471948106478449,1,0
704,2008-09-02 20:58:00,pass,phase1_cal,117.90627556545418,85.91213388803438,0.4069966979455771,0.9671327810924322,0.00041611544092305707,1,0
705,2008-09-02 20:59:00,pass,phase1_cal,102.46399884826018,87.792876680603,0.4238077041879312,0.8715503378546482,0.00032078253822025903,1,0
706,2008-09-03 00:18:00,pass,phase1_cal,70.63585867014464,89.57425693079483,0.4218840573854055,0.6750578008531658,0.003387781507329099,1,0
707,2008-09-03 00:45:00,pass,phase1_cal,55.23463730961279,62.987450352568715,0.3909915770940647,0.4071851108363883,0.006659713787296793,1,0
708,2008-09-03 00:58:00,pass,phase1_cal,80.20719699823007,73.05451634465201,0.394577717623888,0.5784595714218675,0.004866205427980214,1,0
709,2008-09-03 01:15:00,fail,phase1_cal,117.8000168186988,368.60757022380847,0.4311594896202721,1.747258429488436,0.001381859727206906,1,0
710,2008-09-03 01:32:00,pass,phase1_cal,54.94153956063318,79.96460477400342,0.3898821077227552,0.54521763495657,0.0015492845287880955,1,0
711,2008-09-03 04:18:00,pass,phase1_cal,67.47406780718264,79.12441173881999,0.39561933517251424,0.5384681911845014,0.003228410457328325,1,0
712,2008-09-03 06:26:00,pass,phase1_cal,59.13885565656767,90.40351681486476,0.39456674136683473,0.5033058121973916,0.0003757645006390213,1,1
713,2008-09-03 09:38:00,pass,phase1_cal,153.20093039653472,138.62762798235516,0.4224021981681965,1.0086542651809687,0.000585931736327984,1,0
714,2008-09-03 14:24:00,pass,phase1_cal,70.15820696288576,86.27250873310182,0.3992865836654576,0.6122692154309428,0.0003229983587148308,1,0
715,2008-09-03 14:29:00,pass,phase1_cal,142.08194903469544,120.42474740295548,0.4272329904656874,1.174039945493105,0.002869574835202551,1,0
716,2008-09-03 17:22:00,pass,phase1_cal,107.31709535901034,116.68320184058973,0.42925733290814255,0.8905569111737586,0.006578744837650508,1,0
717,2008-09-03 18:16:00,pass,phase1_cal,50.7449887991174,55.46035475825671,0.3863933865127228,0.3778387802540213,0.00021325143931245083,1,0
718,2008-09-03 18:16:00,pass,phase1_cal,50.75697632400309,80.18557619796272,0.38051751265987754,0.41707624736982246,0.05813086976926181,1,0
719,2008-09-03 20:00:00,pass,phase1_cal,75.19577088755233,91.99883817457986,0.39445082245101615,0.6274544256191332,0.006195791541376327,1,0
720,2008-09-03 20:10:00,pass,phase1_cal,122.73892440883125,98.07758466086685,0.4180403479901487,0.8636991485766515,0.0006499997003627558,1,0
721,2008-09-04 08:01:00,pass,phase1_cal,507.75571112453775,214.65754791484125,0.3954364054891187,2.100900331532097,0.022683113398994776,1,0
722,2008-09-04 08:22:00,pass,phase1_cal,90.62975413922484,86.03186659602363,0.41190316479907635,0.6902803875995557,0.00014192901179562134,1,0
723,2008-09-04 08:33:00,pass,phase1_cal,87.18100995127467,69.45685121120806,0.4082311588590529,0.6630410658634501,0.0008231080566224941,1,0
724,2008-09-04 08:41:00,pass,phase1_cal,66.38451940189016,114.48843445701239,0.4001625477270516,0.5951222824177911,0.0003276010745879875,1,0
725,2008-09-04 08:53:00,pass,phase1_cal,93.46060803523265,66.92287871306299,0.41347892369092715,0.8603749240993507,0.00030739613052972937,1,0
726,2008-09-04 11:50:00,pass,phase1_cal,72.32180900846618,75.44571886904646,0.3986412970232745,0.5527728055195237,0.00017038001602296375,1,0
727,2008-09-04 14:09:00,pass,phase1_cal,68.3413144834091,63.855190671616114,0.38983493911461503,0.45909959084153046,0.0008366496268266328,1,0
728,2008-09-04 14:11:00,pass,phase1_cal,97.02404229803719,97.36173934375925,0.41456009113257464,0.8582749487493351,0.005646750407023149,1,0
729,2008-09-04 14:48:00,pass,phase1_cal,75.38990015663566,101.66301160621373,0.40335875685391337,0.6518598643264177,0.0005411153961141069,1,0
730,2008-09-04 16:30:00,pass,phase1_cal,81.94538719339775,64.35159213825352,0.40371024030585834,0.5500011145111433,0.0008221995301951011,1,0
731,2008-09-04 16:41:00,pass,phase1_cal,81.70314777131111,72.24941991231971,0.3999210552596345,0.5936067316070612,0.0004994437612554027,1,1
732,2008-09-04 16:56:00,pass,phase1_cal,281.183032276883,140.45405359574022,0.41653814275556067,2.1881617790856587,0.0023623131260411107,1,1
733,2008-09-04 17:30:00,pass,phase1_cal,63.12899885478137,81.1809041600039,0.38969966173876075,0.4885601181511699,0.0038266122749163493,1,1
734,2008-09-05 15:30:00,pass,phase1_cal,490.5947240384289,293.9409352173875,0.41787555755398365,2.3953061801364095,0.00039034424139781487,1,1
735,2008-09-05 21:48:00,pass,phase1_cal,52.12686013568176,85.48969893526058,0.38859168771182184,0.48273815756877236,0.0005248580194662791,1,1
736,2008-09-07 00:08:00,pass,phase1_cal,127.2013222520257,264.26034667867594,0.41139512084179847,1.2466597521617653,0.0027328794204043573,1,1
737,2008-09-07 00:12:00,pass,phase1_cal,430.3971252329361,312.1370556333311,0.41308851395031876,3.263476635750098,0.002526535686119756,1,1
738,2008-09-07 00:49:00,pass,phase1_cal,446.40521832404085,357.10741795850777,0.41882684812126103,3.585067258177927,0.01156874776561054,1,1
739,2008-09-07 10:52:00,pass,phase1_cal,545.561429196921,257.5201604272599,0.4180364658465802,3.3236844417122335,0.0003816956219969107,1,0
740,2008-09-07 12:04:00,pass,phase1_cal,125.89509698186275,159.5936266994667,0.41594166833822466,1.0129181114722166,0.006172237964791936,1,1
741,2008-09-07 12:20:00,pass,phase1_cal,55.349667508597435,91.57532842395366,0.39342391079667816,0.4726052728319671,0.001031333612266787,1,1
742,2008-09-07 13:02:00,pass,phase1_cal,520.5899681086978,301.2519733987666,0.40917957841182584,3.97484046632585,0.0038305911478060195,1,1
743,2008-09-07 18:02:00,pass,phase1_cal,89.22034996079341,110.74284721074801,0.3880913284814582,0.7957244631711535,0.0017369429666960164,1,0
744,2008-09-07 18:24:00,pass,phase1_cal,61.64491842718207,89.41836042111422,0.3903387627740325,0.5123680929076022,0.008306621345766287,1,1
745,2008-09-07 18:49:00,pass,phase1_cal,551.0742609706458,282.71327472255814,0.4375785185335451,3.6798880382329062,0.0009248331934552506,1,1
746,2008-09-07 19:29:00,pass,phase1_cal,553.409561149989,343.5456574877494,0.4418907103778786,4.00355786764213,0.0050652831942618335,1,1
747,2008-09-07 19:31:00,pass,phase1_cal,94.48543096936567,80.70541933365735,0.4035593150744169,0.7736741524993993,0.000528511725454381,1,0
748,2008-09-07 20:12:00,pass,phase1_cal,74.20288099146212,87.69745740925964,0.3955950200111205,0.531736459890407,0.002613904770448873,1,0
749,2008-09-07 20:50:00,pass,phase1_cal,89.99423763154007,129.05855627809842,0.3828353719105413,0.8931599933696037,0.0014801512115965774,1,0
750,2008-09-07 23:33:00,pass,phase1_cal,570.497078768695,320.5146928829116,0.4221587457704845,3.4733745607436193,0.0003065462551358534,1,0
751,2008-09-08 00:32:00,pass,phase1_cal,86.77066143297625,102.66203948619976,0.4128907795330298,0.9116047368920781,0.0017119901021313993,1,0
752,2008-09-08 00:40:00,pass,phase1_cal,75.9934502899245,76.97670628370682,0.3949995362840616,0.5736760263749157,0.0029961951945177267,1,0
753,2008-09-08 01:24:00,pass,phase1_cal,98.65867589262716,108.76919910211356,0.4175587893615103,0.6969262559478698,0.00032574899947741457,1,0
754,2008-09-08 03:32:00,pass,phase1_cal,98.03700227661166,108.8789764507187,0.4098148792259796,0.7799537502991559,0.0010286031746793059,1,0
755,2008-09-08 03:48:00,pass,phase1_cal,66.03759906965688,75.5994926300823,0.39720477290294565,0.5607065360163335,0.010936860623626508,1,0
756,2008-09-08 04:21:00,pass,phase1_cal,85.9770609258291,95.806330530117,0.41274061388721983,0.9797972061220819,0.0008703478940042676,1,0
757,2008-09-08 06:37:00,pass,phase1_cal,68.46346729317104,99.29152725911499,0.4034201855907029,0.7080084148949239,0.0009930608912931836,1,0
758,2008-09-08 07:14:00,pass,phase1_cal,503.03967748971564,276.0794029086236,0.41789648364428866,3.5764653594124467,0.0048605343634469875,1,0
759,2008-09-08 07:41:00,pass,phase1_cal,729.9517348985096,406.0773513108817,0.44801815571008397,6.2801767310750005,0.0004554137522056816,1,0
760,2008-09-08 18:46:00,pass,phase1_cal,516.9637192360576,260.17472367346795,0.40998017609478155,3.562902008673849,0.008840620117418298,1,0
761,2008-09-08 19:14:00,pass,phase1_cal,490.0760998492131,299.13353744695905,0.40864165986112216,3.5306979606861666,0.0035877849066937233,1,0
762,2008-09-08 19:15:00,pass,phase1_cal,419.52103527506824,329.9542995750681,0.41085100755671394,2.8537218137668914,0.0032514861747515353,1,0
763,2008-09-08 19:25:00,pass,phase1_cal,558.5128274653658,307.1198920851402,0.42306145205286133,3.5610466909694103,0.0016254762025742176,1,0
764,2008-09-08 19:33:00,pass,phase1_cal,403.3833988172512,346.0217926528591,0.402418555234482,2.706315092741312,0.0009856462558258455,1,0
765,2008-09-08 20:00:00,pass,phase1_cal,82.01001184369018,86.19583029258297,0.4124870375653325,0.6200242588578084,0.0005798760615222698,1,0
766,2008-09-08 21:36:00,pass,phase1_cal,534.660983058119,282.4065314671895,0.41957787389217127,3.397071213896109,0.001101155438964162,1,0
767,2008-09-08 21:53:00,pass,phase1_cal,1265.5439408025386,857.1935281325273,0.4319036461328654,10.539510413574325,0.002253701650145658,1,0
768,2008-09-08 22:17:00,pass,phase1_cal,456.24190734170617,309.2577485832397,0.4217471630321724,3.267254417918225,0.01746443846634787,1,0
769,2008-09-09 00:25:00,pass,phase1_cal,145.73789311925054,141.36870934329718,0.42391102300309064,1.1264978624757431,0.0017393896735046074,1,0
770,2008-09-09 03:53:00,pass,phase1_cal,507.70107532532995,272.24398294950436,0.4276307536011807,3.9711693309782423,0.003664353364395888,1,0
771,2008-09-09 08:44:00,pass,phase1_cal,88.7413531793516,92.85830609261285,0.4055319840650006,0.7400342957604441,0.0051386368659208995,1,0
772,2008-09-10 07:26:00,pass,phase1_cal,540.8479780378651,124.23423439082582,0.39048260677244545,2.3421046674409522,0.007011678863460056,1,0
773,2008-09-10 09:21:00,pass,phase1_cal,540.5289429069783,295.7768661195378,0.4122238431370363,3.4516189351350146,0.0018296057794678822,1,0
774,2008-09-10 20:52:00,pass,phase1_cal,83.39542198814172,146.07523219725113,0.4134562057206704,0.7357887185940185,0.014162098566222686,1,0
775,2008-09-10 20:53:00,pass,phase1_cal,386.4882323014583,347.1059927937393,0.401400468311862,2.7700891159672194,0.00030575715293008947,1,1
776,2008-09-10 21:56:00,pass,phase1_cal,230.1798292461102,346.31747703960156,0.4184795292758968,2.242044391216515,0.004852910601757535,1,0
777,2008-09-10 23:30:00,pass,phase1_cal,75.26086639003346,170.60390106882022,0.4094365710303738,0.858145852777344,0.007897672779264594,1,0
778,2008-09-10 23:43:00,pass,phase1_cal,271.32277274529054,163.16444559764992,0.43556543382379526,2.1144731225370967,0.007055408781353385,1,0
779,2008-09-11 00:17:00,pass,phase1_cal,408.73802432025894,212.06013570693554,0.41051841927146765,2.5378649359339804,0.0016982951200338263,1,1
780,2008-09-11 05:20:00,pass,phase1_cal,521.1648411574806,377.4387201660117,0.4168525523904046,3.3412595464334878,0.0005616947979740298,1,1
781,2008-09-11 06:04:00,pass,phase1_cal,123.96422269449022,167.67400317339002,0.4121395923965396,1.3750207479581862,0.004877149941016703,1,1
782,2008-09-11 07:43:00,pass,phase1_cal,525.6255945370793,237.68326068399847,0.4097789541701151,3.3016518726544533,0.002034984720349137,1,0
783,2008-09-11 08:06:00,pass,phase1_cal,290.0758952278787,195.04997442671532,0.3905640078426814,1.5252292939883523,0.022890839209758436,1,1
784,2008-09-11 08:58:00,pass,phase1_cal,138.18336443601356,466.1061853886365,0.4094134180845485,1.8377038698334238,0.002204300227796649,1,1
785,2008-09-11 09:24:00,pass,phase1_cal,387.8436862177159,198.54864273783053,0.4133217308198889,2.498262698148438,0.0072822108095077775,1,0
786,2008-09-11 12:47:00,pass,phase1_cal,445.56754544657514,350.275091615267,0.4131086844070332,3.0891506242997333,0.029368809846353143,1,1
787,2008-09-11 13:36:00,pass,phase1_cal,228.51338646101408,184.83929845072063,0.41011627967060205,1.590794730303011,0.015871893924754958,1,1
788,2008-09-11 14:20:00,pass,phase1_cal,3057.6870435874434,1391.0010110454723,0.4078439656369772,15.890049714068029,0.003132000756737009,1,0
789,2008-09-11 14:24:00,pass,phase1_cal,507.1170769219227,789.6485912251925,0.4176312598973179,3.351837063037598,0.02185811344526383,1,0
790,2008-09-11 14:31:00,pass,phase1_cal,704.4511303225352,402.23959954960907,0.41085787976806626,3.316504107674648,0.02864665139322991,1,1
791,2008-09-11 15:05:00,pass,phase1_cal,266.8531019930119,340.548723823405,0.42830674674044883,2.207734190974346,0.007095138053084147,1,1
792,2008-09-11 15:08:00,pass,phase1_cal,253.0039126751535,283.5842462623152,0.39875793598503406,1.786614161265177,0.004496776958256102,1,0
793,2008-09-11 16:28:00,pass,phase1_cal,418.4404444531236,348.65609717675636,0.4157206041694286,2.985624374234188,0.005983373998941471,1,1
794,2008-09-11 21:13:00,pass,phase1_cal,535.8962352089022,269.3101945867422,0.40857333617517566,3.386204798091917,0.001383774674643655,1,1
795,2008-09-11 22:07:00,fail,phase1_cal,247.3800011672963,167.21325542137953,0.43097979376066037,1.7316839441818843,0.001469500214904581,1,0
796,2008-09-11 23:10:00,pass,phase1_cal,562.9577477425396,174.0741505649939,0.4159909058962952,2.4724444145304516,0.0013282741261816838,1,0
797,2008-09-11 23:48:00,fail,phase1_cal,246.39238384291406,163.99507999141773,0.42536052640350164,2.593092251287624,0.000949436120117191,1,1
798,2008-09-12 05:11:00,pass,phase1_cal,276.02334459080186,155.2015330724619,0.4351328776701694,1.7191102951801769,0.0003425540023349554,1,0
799,2008-09-12 05:55:00,pass,phase1_cal,274.7084215503167,181.57209458032682,0.42071342883556206,1.7468323087990127,0.0058770492155690085,1,0
800,2008-09-12 06:38:00,pass,phase1_cal,126.65000622459131,261.61890635795373,0.4526886484438833,1.3439413620727618,0.0021107374296840827,1,1
801,2008-09-12 06:41:00,pass,phase1_cal,57.476473470419684,80.70061516796275,0.3921414565891756,0.49773462149285763,0.0007798030836404517,1,0
802,2008-09-12 06:45:00,pass,phase1_cal,175.7656523752415,263.1798773717662,0.4104078836911815,1.693334811653655,0.0031239791349931875,1,0
803,2008-09-12 07:21:00,pass,phase1_cal,149.2742644085149,281.9952779726806,0.3948192659403034,1.5790283470120694,0.0018233373562506795,1,0
804,2008-09-12 07:29:00,pass,phase1_cal,380.35242229361415,206.92585830927305,0.4093903511805139,2.2323214735026626,0.0010932786143350022,1,0
805,2008-09-12 07:38:00,pass,phase1_cal,558.318679828849,127.00094646931157,0.4154433410255635,2.573191434527178,0.011611011687104,1,0
806,2008-09-12 11:57:00,pass,phase1_cal,386.6497092824482,427.17811096787545,0.4335796483955203,3.3365500965631516,0.00010535802892810869,1,0
807,2008-09-12 13:08:00,pass,phase1_cal,390.7103259033225,353.1871391959083,0.4055480327622208,2.833081405323114,0.00028586775992838306,1,0
808,2008-09-12 14:52:00,pass,phase1_cal,135.40327997942885,278.90876165135705,0.41800613891108673,1.4372834714395932,0.000437772845408704,1,0
809,2008-09-12 15:40:00,pass,phase1_cal,272.22307504912214,342.82038506668835,0.4288126606460793,2.749878488239436,0.010823161514863294,1,1
810,2008-09-12 16:23:00,pass,phase1_cal,404.61911045285063,182.81609504136304,0.4314455734088778,3.414514693125693,0.0006500213917133744,1,0
811,2008-09-12 18:01:00,pass,phase1_cal,217.25404560190444,153.94790557869806,0.4138568746147456,1.4360944576540038,0.05351207112655885,1,0
812,2008-09-12 18:52:00,pass,phase1_cal,424.15790730636445,327.0737152991804,0.4300637052901875,2.8404707419787747,0.0013976782074816803,1,0
813,2008-09-12 19:36:00,pass,phase1_cal,311.7340290602584,259.44808959780545,0.4254664077460067,1.7492255384563289,0.008553447305614834,1,1
814,2008-09-12 20:28:00,pass,phase1_cal,241.20812414861058,270.65906620180886,0.40931791345207436,1.906334634429485,0.00448235597042072,1,1
815,2008-09-12 21:12:00,pass,phase1_cal,427.5035293818355,233.8491525347011,0.410732225892678,3.2814790893764094,0.0004524732254451668,1,0
816,2008-09-12 22:25:00,pass,phase1_cal,374.1786736803691,192.39239009410016,0.42164851670854875,1.8574987994677483,0.0011927487970795289,1,0
817,2008-09-12 22:45:00,pass,phase1_cal,566.4113259988922,344.8773742623851,0.42273175448668604,3.835478765235342,0.002958781917523298,1,0
818,2008-09-12 23:28:00,pass,phase1_cal,352.1228950824484,951.1516396278496,0.429588327031635,3.6165723788706767,0.0008874309139887354,1,0
819,2008-09-12 23:40:00,pass,phase1_cal,492.489332037827,769.821899419946,0.4140571932297911,3.253523811530312,0.002264555265315771,1,1
820,2008-09-13 00:25:00,pass,phase1_cal,661.5937257952195,342.6980575734938,0.41933007254462384,2.8150924120063188,0.01713104962145804,1,0
821,2008-09-13 02:57:00,pass,phase1_cal,514.928052359036,373.4010227711269,0.41016517847337425,3.003819470793829,0.001441169974639778,1,1
822,2008-09-13 03:14:00,pass,phase1_cal,132.01678962854623,238.7750382563405,0.3971437634852803,1.3047211103262542,0.001240790516273412,1,1
823,2008-09-13 09:19:00,pass,phase1_cal,254.89768850518527,321.9175614370856,0.4095226501489082,1.9628879858924018,0.007701063271216602,1,0
824,2008-09-13 10:55:00,pass,phase1_cal,538.0908328578894,481.43913038228146,0.4234003757844359,3.6142715072988927,0.00267458308757164,1,1
825,2008-09-13 11:42:00,pass,phase1_cal,129.72110738195158,173.4219275966086,0.4139814948447944,1.2018568317833629,0.02351595466256839,1,1
826,2008-09-13 11:56:00,fail,phase1_cal,104.01080784926542,241.04475066123504,0.40553824608144895,1.1482110633609932,0.04630830565686018,1,0
827,2008-09-13 12:48:00,pass,phase1_cal,460.52112413072723,772.4651880914296,0.40849187109296436,3.459080492648341,0.005265215239973333,1,1
828,2008-09-13 14:07:00,pass,phase1_cal,412.7811426623764,937.0397486739089,0.413712887797786,3.93209361217109,0.0019040329782822262,1,1
829,2008-09-13 16:04:00,pass,phase1_cal,134.84068983515772,156.80059556064958,0.41210076996435085,1.335852682967326,0.0021030990344701253,1,1
830,2008-09-13 16:04:00,pass,phase1_cal,734.9383115157304,391.75450243678165,0.40967086146185167,4.743394208746149,0.0017539570196438493,1,1
831,2008-09-13 20:06:00,fail,phase1_cal,477.5259397928973,300.09511591712794,0.4118526760753284,2.1054504719144855,0.0025068568546258055,1,0
832,2008-09-14 02:50:00,pass,phase1_cal,329.4051661778713,890.640041245564,0.42883299823750387,4.241438780819702,0.001978855216542863,1,0
833,2008-09-14 02:59:00,pass,phase1_cal,318.86018223061353,700.4499737080574,0.40692820282669906,3.3579954466111306,0.00644810747263592,1,0
834,2008-09-14 15:02:00,pass,phase1_cal,979.5213699116869,454.5438415143692,0.40817429284974305,5.739227775690297,0.001233014201404145,1,0
835,2008-09-14 15:46:00,pass,phase1_cal,359.545214808536,156.7426615546971,0.42805934682381624,2.0585794546670315,0.013817174750329713,1,0
836,2008-09-14 16:34:00,pass,phase1_cal,860.6900897550812,432.26352143059967,0.414128904293547,4.591254315834267,0.010184542947313448,1,0
837,2008-09-14 17:40:00,pass,phase1_cal,307.71458710995626,293.9748964409961,0.4295791682857649,2.0269314260948557,0.0010863108802145745,1,0
838,2008-09-14 18:27:00,pass,phase1_cal,530.9753839453093,134.85238880913982,0.3890870684039861,1.8462881563316254,0.008660849494844284,1,0
839,2008-09-14 18:27:00,pass,phase1_cal,437.417683271228,361.13630100847377,0.4245794178453592,3.6142530196508535,0.0015644084151817876,1,0
840,2008-09-14 19:13:00,pass,phase1_cal,482.699210435837,285.46558471338795,0.4059645861690809,2.191434532057676,0.0018683017597875338,1,0
841,2008-09-14 20:00:00,pass,phase1_cal,216.742791560937,286.77073854139996,0.42313447007212435,1.470835705643093,0.0020914164942765425,1,0
842,2008-09-14 20:43:00,pass,phase1_cal,220.1423208770784,123.92828265253893,0.39515777378227074,1.2625278151415018,0.0040780406485669924,1,0
843,2008-09-14 20:45:00,pass,phase1_cal,128.87042625839607,211.62289121543898,0.41322073119574265,1.2155229295080454,0.0006102084617227099,1,0
844,2008-09-14 21:31:00,pass,phase1_cal,482.5172672328053,303.3572027276671,0.40339330740040535,3.019961285961481,0.028439495463061924,1,0
845,2008-09-14 23:00:00,pass,phase1_cal,410.29826564275226,224.66856595030072,0.44166939148671974,2.739013190169497,0.0015998053361493516,1,0
846,2008-09-15 02:04:00,pass,phase1_cal,490.3475158271027,313.683384855216,0.4017500052201022,2.1045811740116,0.0005646975398744691,1,0
847,2008-09-15 10:03:00,pass,phase1_cal,653.8200936587169,305.3788832271834,0.41387954332994736,3.676139805642326,0.27683020387353036,1,0
848,2008-09-15 11:40:00,pass,phase1_cal,981.1502998029055,474.5465713668491,0.3992283220648891,6.058726024122033,0.003231073895439096,1,1
849,2008-09-15 12:27:00,pass,phase1_cal,966.3336248498762,459.63088146639865,0.3998570866550793,5.730748357101452,0.0005854552050033121,1,1
850,2008-09-15 16:10:00,pass,phase1_cal,840.2612751368816,556.4811950929043,0.4160653111395183,5.339552601614528,0.00016458594047600095,1,1
851,2008-09-15 16:59:00,pass,phase1_cal,547.9268565255871,321.5143307606255,0.41963326890815583,3.7115117731438123,0.0037377957742899715,1,1
852,2008-09-15 19:54:00,pass,phase1_cal,885.6166135407483,896.6084649035378,0.43546889476375916,5.367996139285779,0.0004826978138929325,1,1
853,2008-09-15 21:56:00,pass,phase1_cal,345.0581823203085,260.9870352738318,0.4167449689138401,2.29258809523241,0.004396501807290735,1,1
854,2008-09-15 22:13:00,pass,phase1_cal,101.99501536030735,159.4978683636484,0.4049353984853682,0.9483096202485336,0.0027319419750869377,1,0
855,2008-09-15 22:45:00,pass,phase1_cal,179.1000361636489,245.46058446111937,0.41554276998368755,1.7621304386279077,0.0011367998765575297,1,1
856,2008-09-15 22:54:00,pass,phase1_cal,281.969048912895,301.0991989783051,0.44849167873412427,2.205540440677728,0.000605099507326385,1,0
857,2008-09-15 23:37:00,pass,phase1_cal,1166.2517004874699,472.6326394925037,0.4168359601543582,10.624850858408513,0.0007796389712458691,1,0
858,2008-09-16 07:39:00,pass,phase1_cal,153.16480122564238,109.67485820424228,0.42443527518183916,2.2406464034984293,0.008496972922548383,1,1
859,2008-09-16 07:48:00,pass,phase1_cal,178.38079508730607,234.69544877967294,0.43094565101784377,1.6871320689939902,0.023826236312962504,1,1
860,2008-09-16 08:50:00,pass,phase1_cal,424.2011188941083,428.5258641282471,0.4089661181292169,2.756084837930628,0.002488320821898672,1,1
861,2008-09-16 08:52:00,pass,phase1_cal,155.96548465336065,114.06420382925728,0.4321394258579725,0.9875172689200776,0.0004190220937308603,1,1
862,2008-09-16 09:37:00,pass,phase1_cal,193.57291617561955,262.3005537680804,0.44017026186323766,1.682206286811774,0.005906956714169778,1,1
863,2008-09-16 17:07:00,pass,phase1_cal,46.53774836387923,86.06924976181301,0.38166142394526,0.44202020055476904,0.006034650480928157,1,0
864,2008-09-16 18:09:00,pass,phase1_cal,251.84213585897476,338.48445178439744,0.41421080859969633,2.2264897540888535,0.0008519467271091807,1,1
865,2008-09-16 18:23:00,pass,phase1_cal,459.23451613322663,810.3061236053675,0.42015225220432706,3.2647121849090635,0.014680975513206344,1,1
866,2008-09-16 19:34:00,pass,phase1_cal,148.45617962217446,184.4430289573143,0.4153952262460147,1.2854350443938654,0.018525232520220283,1,0
867,2008-09-16 19:45:00,pass,phase1_cal,332.721603593169,178.40770990941388,0.4451355648334526,2.1618920776115482,0.000569622598807817,1,0
868,2008-09-16 21:21:00,pass,phase1_cal,1025.3909904114753,423.82490792302417,0.42210576820342577,6.280423181186408,0.0008388811229388224,1,1
869,2008-09-16 22:45:00,pass,phase1_cal,524.8494022753283,360.1353502058805,0.4236808302190735,3.4343347316785393,0.020880273006569756,1,0
870,2008-09-17 02:01:00,pass,phase1_cal,3143.707526122107,1439.895390053052,0.42376803424952497,15.270659137657224,0.000778118208568111,1,0
871,2008-09-17 04:23:00,fail,phase1_cal,586.0226656572121,385.10753019375653,0.4252868912466232,4.501909226847382,0.19343149116427397,1,1
872,2008-09-17 07:14:00,pass,phase1_cal,573.7702980283995,191.6662191004043,0.40688058250195686,2.4747409175332655,0.05830473488894177,1,1
873,2008-09-17 07:28:00,pass,phase1_cal,263.2814127962908,180.1811215975991,0.41168601735873095,1.9611089299209845,0.017109466623492015,1,0
874,2008-09-17 21:52:00,pass,phase1_cal,629.8818289392434,390.8506726119522,0.443489905611827,4.369661634524485,0.0017521293913748005,1,0
875,2008-09-18 00:57:00,pass,phase1_cal,551.7394585395751,145.11274640236107,0.41208710218122363,2.3968825921876675,0.000778128490371436,1,1
876,2008-09-18 01:40:00,pass,phase1_cal,689.5192243424349,642.7540199712821,0.4150554234042485,4.666872056875623,0.01567700915784544,1,0
877,2008-09-18 01:43:00,pass,phase1_cal,392.54173978175885,777.1952354482582,0.4045734434772699,3.3017757736495987,0.0013916255923459267,1,0
878,2008-09-18 02:01:00,pass,phase1_cal,583.49465903952,333.18753632102084,0.43913189949701015,4.407526775570229,0.003028538540691512,1,0
879,2008-09-18 03:58:00,pass,phase1_cal,1336.0678443874892,3634.2285753241854,0.4319062339992975,14.6898625695041,0.0010083395156887452,1,0
880,2008-09-18 03:58:00,pass,phase1_cal,629.6785041854201,199.55240281875717,0.4438016338017304,2.825529154023372,0.008231343191436924,1,0
881,2008-09-18 05:44:00,pass,phase1_cal,306.9008844426334,404.103856710102,0.40405013327382294,2.195990683926495,0.0011080762193561512,1,0
882,2008-09-18 05:58:00,pass,phase1_cal,1310.1495266307047,3859.108265851673,0.4013027837803904,14.7572815316766,0.0011402709210833948,1,0
883,2008-09-18 08:04:00,pass,phase1_cal,352.7517338268578,262.9431638309244,0.40837501974760426,2.0347992458083652,0.00748029199163504,1,0
884,2008-09-18 10:48:00,pass,phase1_cal,567.4887894681038,338.17633888665944,0.40775489525329867,3.4814999360093397,0.003733587763631888,1,0
885,2008-09-18 13:48:00,pass,phase1_cal,989.9163377261389,361.67527543473335,0.40507540188012453,3.9082535637781066,0.0018268749551787792,1,1
886,2008-09-18 17:22:00,pass,phase1_cal,583.1754341022324,616.5903502866945,0.40087410249923094,3.8415995381586714,0.043654797239461786,1,1
887,2008-09-18 18:12:00,pass,phase1_cal,141.74301809184178,447.7133947348616,0.41059328108558646,1.892792266717555,7.78714414228431e-05,1,1
888,2008-09-18 18:56:00,pass,phase1_cal,553.5068386387983,389.7728610350356,0.4300309091569347,3.503867404752666,0.0014481184221722223,1,1
889,2008-09-18 21:12:00,pass,phase1_cal,1022.8307136712986,274.1478879475189,0.43379288063050875,4.510187562031693,0.0006933479932359147,1,1
890,2008-09-18 21:56:00,pass,phase1_cal,959.8216099814714,223.16808736755598,0.43497675914927897,4.182577564385751,0.0001118554108457297,1,1
891,2008-09-18 23:00:00,pass,phase1_cal,1024.1220740975953,433.53337001993657,0.4133792107833859,5.3715568695915605,0.0015104711304017816,1,0
892,2008-09-18 23:05:00,pass,phase1_cal,741.970260756233,337.77095906368197,0.406374867183877,3.021368569386208,0.008985092017746683,1,0
893,2008-09-18 23:44:00,pass,phase1_cal,336.8814612018711,290.3447037728104,0.4242784264252458,2.865923568786943,0.006960443232447145,1,0
894,2008-09-19 00:30:00,pass,phase1_cal,173.15413952484946,106.57038904789911,0.3965256287353373,1.2150445180190872,0.0032166063431253605,1,1
895,2008-09-19 01:57:00,pass,phase1_cal,527.8637889924526,301.12498070517285,0.40987043936673356,3.9182932860635518,0.06697624264856905,1,1
896,2008-09-19 02:44:00,pass,phase1_cal,231.75604212076385,171.14314584024154,0.4014544678403819,1.7077474679219868,0.00545943057673579,1,1
897,2008-09-19 04:42:00,pass,phase1_cal,589.4588482972197,381.3891399965207,0.40562580140680365,3.114388094492528,0.004353565629858404,1,1
898,2008-09-19 05:33:00,pass,phase1_cal,393.4866074501335,224.04223858460406,0.41857674907180265,1.8457563269292945,0.000701638905626101,1,1
899,2008-09-19 05:57:00,pass,phase1_cal,322.8673783917263,439.2398403936841,0.41107297310055124,3.0171475926502307,0.06635102155386279,1,0
900,2008-09-19 06:01:00,pass,phase1_cal,178.56188761407802,115.4986462655489,0.39449079858987357,0.9533434758952759,0.00031763191083563616,1,1
901,2008-09-19 06:44:00,pass,phase1_cal,637.7746909216137,212.0115731759722,0.4074281916185688,2.9860793312796603,0.000557597162422333,1,1
902,2008-09-19 07:14:00,pass,phase1_cal,1118.2271574325973,217.3756185216652,0.41941044467581984,4.396103947507703,0.006780395288184578,1,1
903,2008-09-19 07:18:00,pass,phase1_cal,1099.9332602872012,322.5719478243508,0.4349366216363743,4.27045724829174,0.0020908574437544397,1,1
904,2008-09-19 08:08:00,pass,phase1_cal,1142.0876987436668,287.37512281594405,0.40410647517424325,4.621662659811908,0.0021524797017942452,1,0
905,2008-09-19 08:52:00,pass,phase1_cal,613.9519867298444,207.6881559959987,0.409051518762352,2.975068618808799,0.0036070537201837527,1,0
906,2008-09-19 09:12:00,pass,phase1_cal,1049.9109915652493,291.1270556166762,0.43341561907610693,4.5300731739187485,0.0018502033397625997,1,1
907,2008-09-19 09:47:00,pass,phase1_cal,184.70633963635794,202.31517418448624,0.404708671732629,1.3277129837788681,0.0003035509994334712,1,1
908,2008-09-19 10:45:00,pass,phase1_cal,467.0180379189162,261.359257992276,0.43159662257632986,3.227426217713919,0.0025462339914256835,1,1
909,2008-09-19 11:13:00,pass,phase1_cal,3067.8343391082512,516.9387554549542,0.4208994823150006,12.969655485238007,0.0037383130988523096,1,1
910,2008-09-19 11:54:00,pass,phase1_cal,472.23224739863224,369.18277708559765,0.4090642127660573,2.536614994453957,0.002967118134276426,1,1
911,2008-09-19 13:59:00,pass,phase1_cal,1807.640527609508,368.6706873351169,0.41011951170069144,7.841897557323831,0.0005987773832870335,1,0
912,2008-09-19 15:31:00,pass,phase1_cal,913.8357278649025,224.381671165691,0.41454615998364486,3.965846775665958,0.011717839341671055,1,0
913,2008-09-19 16:40:00,pass,phase1_cal,2379.688803929229,440.78940400793726,0.41811644001623477,9.90643448685186,0.0005666844168148438,1,0
914,2008-09-19 16:58:00,fail,phase1_cal,714.974344418566,144.33890480931277,0.40179563322540557,3.0725414276029683,0.08458318787882158,1,0
915,2008-09-19 17:47:00,pass,phase1_cal,785.9588852415371,556.4594588536214,0.40869187788320466,5.118333340212972,0.0023479077232522734,1,1
916,2008-09-19 18:11:00,pass,phase1_cal,756.6270436452759,630.3124242554716,0.41329811299756336,4.724073048481434,0.0071379906682100735,1,1
917,2008-09-19 18:33:00,pass,phase1_cal,730.128982743388,653.0135110582773,0.41971703619073303,5.02295436564747,0.0059239091003020035,1,1
918,2008-09-19 19:18:00,pass,phase1_cal,836.7776220882009,568.1820027655575,0.4220519450793963,5.143942165388166,0.002256393859758411,1,1
919,2008-09-19 19:29:00,pass,phase1_cal,1355.153588156142,416.87054770009377,0.42336402369507764,5.569014784774931,0.0003677779600312745,1,1
920,2008-09-19 20:05:00,pass,phase1_cal,184.5762762906235,502.06405065546227,0.42772522843924216,2.5444121713508485,0.0055984279078140926,1,1
921,2008-09-19 20:07:00,pass,phase1_cal,395.1657503117306,613.3925866077923,0.42014834492362,3.1357032391488024,0.0008320828987611003,1,1
922,2008-09-19 20:10:00,pass,phase1_cal,477.0225414318954,437.6390580625466,0.4376798706900779,3.3260915003782974,0.021805689142227337,1,1
923,2008-09-19 20:17:00,pass,phase1_cal,8188.050511741453,10815.34144263795,0.44470946727359045,62.8719178078274,0.005408930038403586,1,1
924,2008-09-19 20:19:00,fail,phase1_cal,901.1944959123077,326.65817037372915,0.4216935789088165,4.323030988439424,0.036933822556145086,1,0
925,2008-09-19 21:08:00,pass,phase1_cal,2124.2262123661644,965.3320304999115,0.41273284958476375,8.835948770844746,0.0017174218047685233,1,0
926,2008-09-19 21:09:00,fail,phase1_cal,938.3870298458565,186.07364976424432,0.41344188720001335,3.929465211723006,0.26060620179289334,1,1
927,2008-09-19 21:13:00,pass,phase1_cal,202.624169342301,115.22214938705625,0.398161824475283,1.6328684383448067,0.00032808182944684414,1,1
928,2008-09-19 21:14:00,pass,phase1_cal,898.665366015233,888.9137721744279,0.4134154599637975,5.072483060486415,0.0016867091940706391,1,1
929,2008-09-19 21:59:00,fail,phase1_cal,464.92840778398073,119.22630384298117,0.4084607781151651,2.1600999458843066,0.006732256158999705,1,0
930,2008-09-19 23:26:00,pass,phase1_cal,2343.507715540935,401.5666562537691,0.4199305777003132,10.30758522665479,0.0016139271315798909,1,1
931,2008-09-19 23:33:00,pass,phase1_cal,1054.2051449055818,512.5514796296696,0.4567709276114257,5.490159016979871,0.0003118821861003586,1,1
932,2008-09-20 00:18:00,pass,phase1_cal,467.34624460391115,335.9620738906093,0.4254747635062867,3.1499697971924157,0.0001891825944429027,1,1
933,2008-09-20 00:33:00,pass,phase1_cal,497.03067711811536,287.0166680873995,0.4317527654754687,3.9554470948604012,0.00779415581514635,1,0
934,2008-09-20 03:58:00,pass,phase1_cal,707.5312079355018,448.34470143014573,0.4011364023477862,3.328476693084324,0.0008730361903559175,1,1
935,2008-09-20 04:13:00,pass,phase1_cal,454.46536580974947,582.7637169855382,0.41750516418736766,3.372723018093068,0.0005285964400299872,1,1
936,2008-09-20 04:28:00,pass,phase1_cal,434.37885872291633,243.94561352418071,0.42641937276657715,2.3483927448729767,0.004467840751252918,1,1
937,2008-09-20 05:22:00,pass,phase1_cal,299.8110885654561,163.6283604266243,0.4334490885183811,1.6961629285663251,0.0001120278887275333,1,1
938,2008-09-20 05:25:00,pass,phase1_cal,857.9236906141402,726.5732735372908,0.4263823455796415,4.946812921838237,0.0054014680202257815,1,1
939,2008-09-20 05:34:00,pass,phase1_cal,454.23975493558487,357.26121503005135,0.4178294852018062,2.4172323840898415,0.00345679152828825,1,1
940,2008-09-20 06:08:00,pass,test,2447.5646265222017,400.63566319911126,0.4230236993495788,9.970575928721395,0.0014906158763368668,1,0
941,2008-09-20 07:21:00,pass,test,1868.6580616654219,269.98511795038235,0.4182513333980582,6.967834779648832,0.00964396055076966,1,1
942,2008-09-20 08:14:00,pass,test,456.10008612302016,404.58276167712404,0.4285316393627638,2.783613915773229,0.002043530571596209,1,1
943,2008-09-20 10:51:00,pass,test,766.9528170546649,500.47405421010023,0.4250214074791219,5.33855422663484,0.006191111360715662,1,0
944,2008-09-20 11:18:00,pass,test,1807.3217827486035,340.24627669491457,0.4184550709078192,7.0493658365361656,0.0008634480166646298,1,1
945,2008-09-20 12:20:00,pass,test,511.10143325167417,365.6408028154176,0.4155291923618381,2.887367859991995,0.000610676459444172,1,1
946,2008-09-20 12:26:00,pass,test,506.4265488459729,490.60806833262416,0.4137010349079285,3.072963301333598,0.0006150590717797948,1,1
947,2008-09-20 12:27:00,pass,test,883.6655472487754,364.64460933688935,0.42512872954464354,5.88299915235431,7.320703272797332e-05,1,1
948,2008-09-20 12:36:00,pass,test,387.5698650760737,936.324022797618,0.4260023936771445,3.6821251350240876,0.0001628529598699771,1,1
949,2008-09-20 12:57:00,pass,test,756.3648377600621,910.1724856285185,0.41227546836044693,7.326101010577237,0.013221614791919929,1,1
950,2008-09-20 14:00:00,pass,test,1192.4167386064948,768.166648206963,0.41861272866107946,6.802990616459449,0.003972524017192362,1,1
951,2008-09-20 14:06:00,pass,test,1822.984173302031,321.9706301022588,0.4228141103247,8.598618695877581,0.07241702044222222,1,1
952,2008-09-20 14:42:00,pass,test,298.12385173538354,590.4855129414836,0.44007173071211475,2.9021244228063177,0.0005056979954612133,1,0
953,2008-09-20 14:50:00,pass,test,606.5794663266227,232.91314676318274,0.4250204395431073,2.69218890867146,0.003460740304089285,1,1
954,2008-09-20 14:53:00,pass,test,1862.2981301796403,358.87082925110275,0.4347309328208535,7.40036835553408,4.95334397611533e-05,1,1
955,2008-09-20 15:02:00,pass,test,433.26739582359096,574.4861041239446,0.4267190980847814,3.1058771558615934,0.0008166512043647974,1,1
956,2008-09-20 15:19:00,pass,test,561.9948965476152,344.4335449848004,0.44156047333672555,4.1865222148648655,0.003988143771373288,1,0
957,2008-09-20 15:37:00,pass,test,211.95845651538224,212.91187222306468,0.408175113883437,1.3376250805997014,0.002547458139413103,1,0
958,2008-09-20 15:46:00,pass,test,577.6332529527853,327.3751311996888,0.4035241178044484,3.453648582625877,0.006098268585039543,1,1
959,2008-09-20 16:43:00,pass,test,517.4511725592687,368.0542099139723,0.4069076027418735,2.576543511519532,0.0002752680886960251,1,1
960,2008-09-20 16:44:00,pass,test,1894.7069599659135,320.95194223143113,0.4447808436634655,8.441191998302699,0.0004534256334752204,1,1
961,2008-09-20 17:26:00,pass,test,596.179343647165,213.68644547915346,0.4267204101373977,2.4931079675399808,0.0029818732321642252,1,1
962,2008-09-20 17:29:00,pass,test,1884.1201850766738,297.5610119402123,0.42563946989907836,8.084167015562427,0.0015565545659086868,1,1
963,2008-09-20 18:03:00,pass,test,348.99356623764305,269.2389988760975,0.4114944264533706,2.153061935392506,0.000655691123447629,1,0
964,2008-09-20 18:21:00,pass,test,1812.206980290259,378.77626620312276,0.4291359106208532,7.726746559850729,0.0002727254192367356,1,1
965,2008-09-20 18:56:00,pass,test,481.029524404431,264.30485923399567,0.4252918588402825,2.6578562562986634,0.0055915071924858405,1,1
966,2008-09-20 19:14:00,pass,test,464.10924130635823,386.8991092614152,0.4131038504523071,2.6222431898268184,0.0004024873529234178,1,1
967,2008-09-20 19:21:00,pass,test,875.7366094723686,242.1432482353943,0.4108495678505805,3.757751932891408,0.004151866762412521,1,1
968,2008-09-20 23:34:00,pass,test,387.2726108887006,594.0969720700964,0.4091866550000359,3.4165026403190892,0.001741368008697439,1,1
969,2008-09-21 00:48:00,pass,test,447.3245591676531,697.1671164375722,0.4251605439468764,3.630702321312338,0.0010014446506241388,1,1
970,2008-09-21 01:06:00,pass,test,403.9504884705888,472.63694893696356,0.4102129051982707,2.5795267929155474,0.002132969444918868,1,0
971,2008-09-21 02:07:00,pass,test,1865.63214541619,371.41869564255967,0.41948584265582145,8.014270361117774,0.0001332421123538274,1,1
972,2008-09-21 03:04:00,pass,test,2282.7146624752236,365.1339931053184,0.40104679656850084,8.84499261822672,0.002070914867439293,1,0
973,2008-09-21 03:47:00,pass,test,2963.9313649189107,1370.7609717609914,0.40417990422216615,14.423261729179446,0.004186726741097585,1,1
974,2008-09-21 04:17:00,pass,test,1885.9464075315473,354.82520018788847,0.427280387527992,7.506236624505214,0.0031563599490176957,1,1
975,2008-09-21 04:49:00,pass,test,1814.6837039026284,351.78754453718074,0.4059964650414072,6.953096878454519,5.237417973576048e-05,1,1
976,2008-09-21 07:30:00,pass,test,248.4961886831492,374.9854155264748,0.42045526517443077,2.5740031005969364,0.0034682735642383917,1,1
977,2008-09-21 07:55:00,pass,test,911.4382889264663,502.85999317108383,0.4089802240004313,5.962012918985862,0.0014229054304399844,1,0
978,2008-09-21 08:22:00,pass,test,393.9359117000087,621.0332465895408,0.40074336783426634,3.022794005050311,0.007633594151011338,1,1
979,2008-09-21 08:49:00,pass,test,743.3527427213844,524.5508545339542,0.4198220911215921,5.284460265344937,0.00217866882256286,1,1
980,2008-09-21 09:16:00,pass,test,523.2495935450523,286.57491457755293,0.4151679666807551,2.350321708891709,0.002557104660795987,1,1
981,2008-09-21 09:31:00,pass,test,3154.3388566581893,1481.499788625016,0.4503790574606286,15.808549585663059,0.0010752186900180607,1,1
982,2008-09-21 10:07:00,pass,test,323.38932964027765,205.92176721432855,0.4336990162962635,2.21264584629897,0.0014548649768549053,1,1
983,2008-09-21 10:49:00,pass,test,296.99429367183984,434.159466799852,0.41285533787302503,2.20368777330394,0.004600624593782338,1,1
984,2008-09-21 11:33:00,pass,test,2954.0598866841947,461.99909397474164,0.42533832684758066,10.732487904143431,0.0031778926323211064,1,1
985,2008-09-21 12:04:00,pass,test,585.9670906302902,389.0002465272693,0.4256851740667388,4.1542089364407415,0.0030487192333854126,1,0
986,2008-09-21 14:30:00,pass,test,976.1836917233543,257.6757966938852,0.4232963975878495,4.644455955015648,0.0006538807798686945,1,1
987,2008-09-21 14:31:00,pass,test,1837.2912527989406,327.0307160312456,0.43168962599385075,8.294359740510101,0.00017430195129607032,1,1
988,2008-09-21 14:33:00,pass,test,354.4394753059094,616.8190489801227,0.4003532484184283,2.9580667439130535,0.00042106760703095806,1,1
989,2008-09-21 15:15:00,pass,test,1873.1544784817152,346.58488515441127,0.4100926556331107,6.957448339776652,0.0003540420582394375,1,1
990,2008-09-21 15:26:00,pass,test,400.86783214403334,492.79425602304724,0.41506583163541094,2.793154269327387,0.03834447915002583,1,1
991,2008-09-21 15:34:00,pass,test,373.6452686759688,360.88523245523936,0.41122180514354734,2.459344875391198,0.0046688910783961625,1,1
992,2008-09-21 16:43:00,pass,test,140.7945856075364,429.39210742101176,0.40517538020928257,1.7651169973100505,0.0004735494533284802,1,1
993,2008-09-21 17:26:00,pass,test,803.1416308897502,576.6219459710371,0.4255345033459416,6.825175628411269,0.011618795233966715,1,1
994,2008-09-21 17:30:00,pass,test,315.1714336503498,164.66750219903895,0.4342320682127716,2.1342284006738352,0.0004259325478827967,1,1
995,2008-09-21 18:12:00,pass,test,468.1733060862958,565.3151359376905,0.4005392431945941,3.980554748315052,0.0008473173829031696,1,0
996,2008-09-21 19:19:00,pass,test,432.69252203591446,823.6674209572328,0.4199305849534893,4.462056410436626,0.0016733428129985595,1,1
997,2008-09-21 20:35:00,pass,test,421.20760290327854,272.3440118013153,0.4045126987702233,2.450543629516985,0.0012822606634793855,1,1
998,2008-09-21 21:54:00,pass,test,500.7221178083237,583.0323994836474,0.44522655947788364,4.408502239450139,0.005973839901325563,1,1
999,2008-09-21 22:02:00,pass,test,455.1236335509662,391.11291135088965,0.42639027578043814,3.2963437663250095,0.00032334544968278716,1,1
1000,2008-09-22 00:12:00,pass,test,1279.0164755607975,589.9731299695943,0.40577340440532383,6.740033066784081,0.00968818956631582,1,1
1001,2008-09-22 00:28:00,pass,test,247.05349097862552,221.4265519832713,0.4060923055843579,1.6030946135135142,0.002591095470057224,1,1
1002,2008-09-22 00:47:00,pass,test,597.3829191614744,342.4461354113406,0.4170400804269034,4.640772794473918,0.002269365975256766,1,1
1003,2008-09-22 01:43:00,pass,test,1842.2349912972654,328.51204658938275,0.4247785699474822,5.878027610839015,0.00046799031724576215,1,1
1004,2008-09-22 03:51:00,pass,test,396.3671651988681,594.6535338767696,0.39758454239406243,2.7132545992412673,0.001387448966427094,1,1
1005,2008-09-22 06:05:00,pass,test,369.79517043262666,293.5620176824018,0.4271624295074805,2.4334495594071064,0.022427610607385313,1,0
1006,2008-09-22 07:12:00,pass,test,414.8096001018359,469.7607293355369,0.41549938167560446,2.4691030840558668,0.0012784913546093494,1,1
1007,2008-09-22 10:43:00,pass,test,565.5993371771754,299.397341557462,0.4224228848713339,3.8049229737995445,0.017705864524876595,1,0
1008,2008-09-22 11:50:00,pass,test,1939.0970205538401,416.60577084110156,0.4207617068720505,6.609742538449362,0.0006855922134247868,1,0
1009,2008-09-22 12:11:00,pass,test,2070.858620606223,587.4880690410369,0.43785489437798425,9.441356895297222,0.00023628897212409753,1,0
1010,2008-09-22 12:45:00,pass,test,378.4004403591294,484.2427470057902,0.4096809029363883,2.724862013133973,0.009871875792071506,1,0
1011,2008-09-22 13:03:00,pass,test,505.6161592453297,345.3403701001147,0.41868501090244786,2.7872396331537717,0.00017180307709727317,1,1
1012,2008-09-22 14:24:00,pass,test,1897.3739843036542,346.3242148497092,0.4124012425487479,6.958998002915276,0.0070542262231813695,1,1
1013,2008-09-22 14:27:00,pass,test,432.01128058139955,244.8270893575143,0.40767559411581694,2.3087303091219624,0.024839053347895972,1,1
1014,2008-09-22 14:36:00,pass,test,486.3552962408801,265.5186107193954,0.42039712023327724,2.6172584773848344,0.001506214206580322,1,1
1015,2008-09-22 16:25:00,pass,test,1796.7730625522536,359.5198864100647,0.3954168085779598,6.375805739329788,0.003115414842507431,1,0
1016,2008-09-22 21:30:00,pass,test,238.29197773202299,704.9080141932773,0.41841937949815106,3.342711038888263,0.0003486461953861182,1,1
1017,2008-09-22 21:31:00,pass,test,758.7861370317811,269.7548107219331,0.4056929514299875,2.9573002525497674,0.0005482024926626247,1,1
1018,2008-09-22 22:15:00,pass,test,726.6052809719888,434.77903087565454,0.4169995726165051,3.619468548796255,0.004442840547745286,1,1
1019,2008-09-22 22:17:00,pass,test,1804.094773294402,289.4227869938933,0.4065888532721827,5.799445615192619,0.006000361658869601,1,1
1020,2008-09-22 23:01:00,pass,test,886.5858360349004,415.06046078473884,0.4083971694129236,6.220739139362229,0.0002747640638790656,1,0
1021,2008-09-22 23:10:00,pass,test,204.71492764521957,283.7819185494471,0.4008565718271363,1.8768804145439135,0.0015772959291475662,1,0
1022,2008-09-23 00:57:00,pass,test,2920.5217808493708,518.0936998835641,0.41672109812323305,10.060374561467004,0.0011831878624178674,1,0
1023,2008-09-23 06:44:00,pass,test,2358.9468797964128,479.5782524807562,0.40266706200537566,10.903077174262783,0.00418164149342758,1,0
1024,2008-09-23 06:44:00,pass,test,433.2383176395547,657.8526719744829,0.4193741596648889,3.6953134027640995,0.00037420999560927007,1,0
1025,2008-09-23 06:52:00,pass,test,460.7754923447543,208.60930155568354,0.41374580776034775,2.0947403437538124,0.018192241681087924,1,0
1026,2008-09-23 07:58:00,pass,test,544.8904892884295,557.3666643915866,0.41284315638702024,3.4773428983099404,0.004245745453132892,1,0
1027,2008-09-23 08:11:00,pass,test,523.2414349839142,343.66912327203727,0.4110347770201855,2.4626041288052045,0.004213310813412044,1,0
1028,2008-09-23 09:43:00,pass,test,1918.343707272512,486.21940710112017,0.418822085237392,7.304213986724378,0.004124953976766017,1,0
1029,2008-09-23 11:14:00,fail,test,262.84872274508217,229.4435522604637,0.4327621028383395,2.1395471703458253,0.0003413780149915279,1,1
1030,2008-09-23 11:42:00,pass,test,167.1732199748638,443.389973570392,0.4070469350953921,1.7673359861052997,0.0013454203117735705,1,0
1031,2008-09-23 11:43:00,pass,test,435.03251636580006,280.56841212586636,0.4191155075150333,2.9234591589314762,0.030479772236360073,1,0
1032,2008-09-23 12:29:00,pass,test,575.8379933554907,303.7549719299948,0.4162578107256662,2.9068503782216646,0.09632849021405476,1,0
1033,2008-09-23 12:31:00,pass,test,262.3502648614067,477.58447617573313,0.4388610376021691,2.404030300102704,0.0012471177104218586,1,0
1034,2008-09-23 12:46:00,pass,test,451.21475487068847,216.0403800681733,0.41631550392126676,2.16520447988636,0.003063840021135813,1,0
1035,2008-09-23 13:37:00,pass,test,407.76322995170403,308.1865825047894,0.40902980394809024,2.9184520820614996,0.011383057902821219,1,0
1036,2008-09-23 15:23:00,pass,test,781.3142016797948,309.7329680206183,0.4204675162735754,2.9596904905270924,0.001877808750882533,1,0
1037,2008-09-23 15:33:00,pass,test,425.5422494867639,334.1070611576213,0.42708295902371807,3.093634004405176,0.00021774710159151083,1,0
1038,2008-09-23 15:58:00,pass,test,832.220360223716,436.8698662439879,0.4359953330892847,3.831614707635306,0.00044736561834807264,1,0
1039,2008-09-23 18:10:00,pass,test,384.5423877354192,589.3458117658649,0.41092063216898406,3.1027604654614116,0.00457599444118264,1,0
1040,2008-09-23 18:36:00,pass,test,447.4481037765082,573.2841664032959,0.4176976213164264,3.2597359114800692,0.00011774946280054606,1,1
1041,2008-09-23 18:56:00,pass,test,396.5596879031213,568.3243658713016,0.3987158118275464,2.8652097060553454,0.004153344401492092,1,0
1042,2008-09-23 20:18:00,pass,test,477.5302377288207,375.8894308049246,0.4183290979875594,2.766640995619935,0.0011767964647742778,1,1
1043,2008-09-23 20:59:00,pass,test,723.0495659796758,281.93706191383274,0.4165821848347513,3.4939137599571706,0.0005725847235465441,1,0
1044,2008-09-23 21:26:00,pass,test,415.37577679163905,266.9604072671336,0.4171794637593277,2.439125349907141,0.002579381501133501,1,0
1045,2008-09-23 22:25:00,pass,test,144.08018616513294,727.1471744576497,0.41451780120418247,2.524287010051839,0.0037414355207108264,1,0
1046,2008-09-24 02:19:00,pass,test,160.35992547060323,280.572375563206,0.41050105534328857,1.500050233806948,0.014917608612859094,1,0
1047,2008-09-24 02:44:00,pass,test,319.6810993284712,267.51051900225906,0.40886284348137353,2.7478776061802956,0.00033086608660267097,1,0
1048,2008-09-24 03:32:00,pass,test,468.96752903537254,319.316882443757,0.4287015639453048,2.8181435170549833,0.0023679225048319316,1,1
1049,2008-09-24 03:40:00,pass,test,724.3257024344848,273.5130878758291,0.4065033045098302,3.3569684032847964,0.0005728137923816545,1,0
1050,2008-09-24 05:13:00,pass,test,439.418955056528,431.52676548115244,0.4202421919729601,2.353202416980056,0.00036292316285997124,1,1
1051,2008-09-24 05:22:00,pass,test,847.1223854956002,379.4369800254043,0.40405185545381256,5.515034538024549,0.002480482699944653,1,0
1052,2008-09-24 06:13:00,pass,test,457.1555205723198,354.1544948663166,0.4155930371703431,2.815581796124972,0.0022684398214892843,1,0
1053,2008-09-24 06:14:00,pass,test,198.96404252511974,325.6365824833773,0.4269698811908142,1.7329012023277692,0.004120034925784486,1,0
1054,2008-09-24 07:23:00,pass,test,1049.5346719078993,299.63088314220875,0.42785580161263514,3.2890974734584115,0.001572205306420714,1,0
1055,2008-09-24 10:10:00,pass,test,396.03727118121475,639.5938621292233,0.41922639446252785,2.858733132385596,0.0008009024375393263,1,0
1056,2008-09-24 10:53:00,pass,test,895.0542501480976,630.7519645646216,0.42994984716414836,7.564487203882318,0.01973822389481909,1,0
1057,2008-09-24 10:59:00,pass,test,99.27136368668071,157.6444099943273,0.39755481805353765,1.0089689311283823,0.0014215753402375716,1,0
1058,2008-09-24 11:47:00,pass,test,251.9590964981028,501.1885918026004,0.4107358104832238,2.232570294929641,0.00014012263239419158,1,0
1059,2008-09-24 12:04:00,pass,test,720.4659681342519,291.0642806891171,0.40933531728339945,2.8993683683522677,0.0006935715615899586,1,1
1060,2008-09-24 12:35:00,pass,test,189.36245171399887,255.97099142105458,0.42609102975306545,1.9725367128099311,0.000884110148221156,1,0
1061,2008-09-24 13:01:00,pass,test,175.48079848126093,126.13430054156711,0.41027398791524194,1.0302217892182903,0.0009901948724965358,1,0
1062,2008-09-24 15:05:00,fail,test,478.277053607005,244.80548659301223,0.4194696276946051,2.7530829659592952,0.0039637930927961616,1,1
1063,2008-09-24 15:39:00,pass,test,401.549012201127,194.46063521072594,0.4145823479688281,2.1806465046851917,0.03395427428039168,1,0
1064,2008-09-24 15:42:00,pass,test,428.68121573628315,330.65517996670815,0.4198008092867399,2.656128862978882,0.006768393030196692,1,0
1065,2008-09-24 15:43:00,pass,test,1872.4268489015906,334.4420530699018,0.42047016627827194,6.693606617560425,0.05807789779996967,1,0
1066,2008-09-24 16:26:00,pass,test,934.0752092992018,330.68926857523826,0.4059516197146141,3.8356344557192963,0.0017151902512832341,1,1
1067,2008-09-24 17:54:00,pass,test,1809.4331329836082,307.63311499081453,0.4010785085683398,5.9178690718913405,0.001156381009815007,1,0
1068,2008-09-24 18:05:00,pass,test,234.26565440932336,196.44932858960777,0.396627509776162,1.2051435399591164,0.002676535787481795,1,0
1069,2008-09-25 01:05:00,pass,test,517.107473440296,410.24162174354086,0.44130399536696535,3.706089682005041,0.0018404260865935603,1,1
1070,2008-09-25 02:03:00,pass,test,521.335263744571,330.27245347609437,0.4097473599854683,2.860937070698167,0.018788757125427453,1,0
1071,2008-09-25 06:21:00,pass,test,1021.8768961709228,1100.9754018718888,0.4210061210045391,5.985225052629037,0.000795699107393208,1,0
1072,2008-09-25 07:12:00,pass,test,747.1492089141321,527.2759310866853,0.4225166971169345,4.723348630451911,0.008289829051208336,1,1
1073,2008-09-25 07:58:00,pass,test,162.1546725963851,167.24134852219913,0.4169917020114496,1.1151120507966725,0.0005902434513890507,1,0
1074,2008-09-25 08:45:00,pass,test,378.16553999291784,274.7478194743892,0.4303130059811887,2.5438356607568573,0.0017353326830100433,1,0
1075,2008-09-25 09:31:00,pass,test,2440.5455447074746,778.8408477123745,0.431610627418055,13.804665851405456,0.00020704895880068787,1,0
1076,2008-09-25 10:23:00,pass,test,133.2499604429571,394.86073857295435,0.40547152643246936,1.565470766099545,0.00031985615287915403,1,0
1077,2008-09-25 11:08:00,pass,test,450.8516300257605,270.4486705978167,0.41759106353191944,3.1125326371762143,0.013352084727847706,1,1
1078,2008-09-25 11:09:00,pass,test,156.47253520722987,221.96836091330272,0.42748867636449644,1.4106343333597302,0.02620465670886639,1,0
1079,2008-09-25 11:55:00,pass,test,1010.9488550266302,510.3065690686284,0.40717494140545096,5.2135135385972555,0.01325710763052609,1,0
1080,2008-09-25 13:42:00,pass,test,231.0769477681344,239.42930941906906,0.42601609467154217,1.5578427246053617,0.002435304731606565,1,0
1081,2008-09-25 14:08:00,pass,test,221.56923657654133,375.8397725419442,0.41948089826770174,2.0993406673342907,0.007138871997009736,1,1
1082,2008-09-25 14:28:00,pass,test,1290.2643984611186,320.74425544436315,0.4076061868668427,5.907163773952389,0.0019033628844539524,1,1
1083,2008-09-25 15:12:00,pass,test,348.5254887331561,248.27487053929295,0.4339612594124031,1.9293574336406174,0.0012626837673427188,1,1
1084,2008-09-25 15:40:00,pass,test,729.095584092513,296.43467500885197,0.4075871518224543,3.7143951075843473,0.0005780408232493385,1,1
1085,2008-09-25 15:55:00,pass,test,353.85276139141723,335.38055649804966,0.42979180944603285,2.233983649772187,0.03901270605735581,1,0
1086,2008-09-25 16:44:00,pass,test,502.0124401551503,326.98871828819665,0.4306971160387924,4.022423620286325,0.00048028176236212546,1,1
1087,2008-09-25 17:28:00,pass,test,765.1660872521761,265.2312782214384,0.4090295113609286,3.381311508387598,0.0003652169043566287,1,1
1088,2008-09-25 17:29:00,pass,test,414.0915336180445,325.88613007848653,0.40712314561923635,2.905720767761355,0.0008530053090649961,1,0
1089,2008-09-25 19:49:00,pass,test,363.85954833975075,333.9300088061,0.42043113692265494,2.422543054960965,0.001740045646094661,1,0
1090,2008-09-25 22:05:00,pass,test,311.6275336654212,192.58327606061266,0.40038569929265594,1.554324582328676,0.00020792313966197472,1,1
1091,2008-09-25 23:04:00,pass,test,96.48363778356415,229.37661096907487,0.42009556208565596,1.1614259757237553,0.011676492720903925,1,0
1092,2008-09-25 23:48:00,pass,test,478.4614504361708,314.21446028787454,0.4356569581648477,2.4331757141687143,0.0015127682732768725,1,0
1093,2008-09-26 00:19:00,pass,test,1392.8461361106147,250.8343087845405,0.41990823014653145,5.400124135314153,0.0060118336127376526,1,0
1094,2008-09-26 01:21:00,pass,test,503.1409320449715,382.25452515961706,0.44238064492874135,5.115718091746636,0.013194435947663789,1,0
1095,2008-09-26 02:26:00,pass,test,96.39709826418854,211.9469297184287,0.41066200597322217,0.9961623750544315,0.004085430393783452,1,0
1096,2008-09-26 03:12:00,pass,test,335.0887784665276,254.16823564327862,0.41270312825455285,1.8891683255076108,0.015631089812124212,1,1
1097,2008-09-26 03:29:00,pass,test,3080.7580865051154,625.1067848204252,0.41410397718361386,12.860357393064795,0.0015348879385932758,1,1
1098,2008-09-26 04:14:00,pass,test,294.57113935918994,283.9761267260301,0.41728835676520065,1.904047055843274,0.0008593367765233667,1,0
1099,2008-09-26 05:32:00,pass,test,1013.143356487646,463.3324291069995,0.4079824101503272,4.89296091681236,0.0014628300862250952,1,1
1100,2008-09-26 11:08:00,pass,test,931.1561293150163,617.2188788779586,0.43102904600958997,4.827766327473132,0.006916360545533425,1,0
1101,2008-09-26 13:36:00,pass,test,317.6492827647029,249.2406084751027,0.4041848762478227,1.7244082445819962,0.0014148381570996452,1,0
1102,2008-09-26 13:45:00,pass,test,400.37490522229666,299.77132428029284,0.42716671120784605,2.279086642186425,0.00342878366686916,1,0
1103,2008-09-26 14:20:00,pass,test,1851.0861307523337,399.0624140921864,0.3974219658330117,7.039138639030465,0.0005093611478509507,1,0
1104,2008-09-26 14:51:00,pass,test,204.5375853809254,363.4367320051994,0.4333323862667862,2.292847990974518,0.002439179848865373,1,1
1105,2008-09-26 15:06:00,pass,test,1476.8722353774338,370.4300448934131,0.44139143835103745,7.381603359454394,0.0005453119754868233,1,1
1106,2008-09-26 15:36:00,pass,test,434.08610916062344,369.0603760675192,0.4317907923612,3.8063847221606113,0.007509024343887486,1,0
1107,2008-09-26 15:49:00,pass,test,192.04823015552478,484.37737031050125,0.41202862368173715,2.144554598650212,0.0170795581529545,1,1
1108,2008-09-26 16:31:00,pass,test,331.55466731642366,262.91394898374483,0.4118067666415223,2.085973637308875,0.0019742977427330503,1,0
1109,2008-09-26 17:59:00,pass,test,127.62901177384714,173.12692853043774,0.4052427143930824,0.9660401954131399,0.0017334483166014628,1,1
1110,2008-09-26 18:54:00,pass,test,595.8837625229338,322.9234985454365,0.43160396224239583,3.684129256739545,0.0021273777126414773,1,0
1111,2008-09-26 19:38:00,pass,test,833.3600676435177,302.5783756301976,0.43159174258064836,4.449657267441797,0.05106080184753068,1,0
1112,2008-09-26 19:45:00,pass,test,302.3196193706809,476.48558159779367,0.44197031983531987,3.042443536942661,0.010919180209218664,1,1
1113,2008-09-26 19:55:00,pass,test,494.3812589239326,533.9203312671236,0.4056904341811373,3.81592055025061,0.007730384527158483,1,1
1114,2008-09-26 20:23:00,pass,test,582.8053555260883,306.14153091486463,0.4288925045467942,3.74266779348078,0.0011402122178046617,1,0
1115,2008-09-26 20:31:00,pass,test,174.229786475408,472.2792415979494,0.4090478906027665,2.247502973925638,0.003620278456239233,1,1
1116,2008-09-27 00:16:00,pass,test,427.33389591464777,246.83986524656524,0.4181789888811332,3.343753173374033,0.0010362978572602455,1,1
1117,2008-09-27 00:17:00,pass,test,1011.4343111453038,421.50673750355526,0.4130849433218739,5.83003825933358,0.001474203868076529,1,1
1118,2008-09-27 01:29:00,pass,test,428.9340937001951,311.6987844178328,0.41504604472697615,2.890988224937765,0.001200875021040664,1,1
1119,2008-09-27 03:53:00,pass,test,464.3778096603131,397.5866762033761,0.41265547010768905,2.2274625053346613,0.002409203527465897,1,0
1120,2008-09-27 10:10:00,pass,test,254.41306433478044,383.5203033045352,0.42384262078074203,2.313557868663902,0.002293494193890424,1,0
1121,2008-09-27 10:13:00,pass,test,1463.8464169353767,3727.248895713592,0.4207414612720626,14.937006399854685,0.0010156476235144711,1,0
1122,2008-09-27 11:04:00,pass,test,323.7583458526169,340.22745417997345,0.41608010919675,2.546550876766897,0.001272371523366478,1,0
1123,2008-09-27 11:45:00,pass,test,1833.6770141295117,2417.2803398179794,0.4650962979801064,19.096000609323315,0.0008781513723356116,1,0
1124,2008-09-27 11:54:00,pass,test,23127.2350030741,4864.083671024516,0.4599240713959661,90.99242896107017,0.005126034592831778,1,1
1125,2008-09-27 12:26:00,pass,test,556.7221245163809,403.55245909145043,0.41705943096323467,3.1450300949768466,0.0004269775613731859,1,1
1126,2008-09-27 12:28:00,pass,test,129.64232803898562,125.87059890833358,0.4052506802076057,0.8849671970288041,0.009669342021642971,1,1
1127,2008-09-27 12:36:00,pass,test,1047.0083344746195,467.9528769083903,0.4244095903750444,5.482898828767149,0.003214768186304989,1,1
1128,2008-09-27 13:14:00,pass,test,145.96392902662208,130.88534181986824,0.39865909167546026,1.0010071329439454,0.00029814795690810605,1,0
1129,2008-09-27 13:19:00,pass,test,571.4162013563177,713.7613741976099,0.4264268602654307,4.500961939361163,0.00018447949326493964,1,0
1130,2008-09-27 14:01:00,pass,test,395.9419123768234,532.1598832103107,0.4079623135278957,2.7344290773062947,0.000587370063028383,1,1
1131,2008-09-27 14:05:00,pass,test,368.5942749591967,229.22258358536655,0.44169616570483483,2.1509968106744393,0.003753624066467675,1,0
1132,2008-09-27 14:46:00,pass,test,227.8886777765046,232.65580190155654,0.40058808842237587,1.2896213842616462,0.020152344959635644,1,1
1133,2008-09-27 15:09:00,pass,test,438.6780162276804,220.242183911928,0.4185700399146689,2.5711726603967016,0.0013322309561648465,1,1
1134,2008-09-27 15:30:00,pass,test,647.0416240397859,395.04730185011584,0.429321734275019,3.7073585457918803,0.0009128277668164705,1,0
1135,2008-09-27 16:13:00,pass,test,163.03299135545936,150.84090279688536,0.4117965346417275,1.0479294663691066,0.00604803088150037,1,0
1136,2008-09-27 17:26:00,pass,test,453.1641568832901,587.541978569875,0.42880727206601105,4.089129408286749,0.0014717241076437826,1,1
1137,2008-09-27 18:14:00,pass,test,23231.93158320873,4687.822152483989,0.43221319290230303,97.39005454598222,0.023763113261137146,1,0
1138,2008-09-27 19:16:00,pass,test,455.20267922700117,289.59154989524933,0.4172729136824912,2.7708294020281032,0.005637546709918769,1,0
1139,2008-09-27 20:46:00,pass,test,938.8580855162458,226.98662722362633,0.4234002335326696,4.541837776206269,0.0016916938022833315,1,1
1140,2008-09-27 21:45:00,pass,test,551.0933249952274,145.88056202541938,0.4008126982058064,2.9406548612739143,0.00035747770366007826,1,1
1141,2008-09-28 00:51:00,pass,test,221.54075758495642,298.17437654991113,0.43961319190974546,2.2105855021537124,0.0018643639800114155,1,1
1142,2008-09-28 01:22:00,pass,test,1078.4709828502848,353.7019266523422,0.41375932369420254,4.616408490978043,0.014379136827428744,1,0
1143,2008-09-28 03:55:00,pass,test,1015.5840317361188,350.65413225128185,0.4011898110839064,3.233473560505357,0.0003620654777285167,1,0
1144,2008-09-28 04:45:00,fail,test,1563.5838495739845,365.16471923240806,0.4606982028429708,6.072329154453797,0.0050983834866788124,1,1
1145,2008-09-28 05:31:00,pass,test,359.6000925777194,169.9738619167466,0.4425053398995797,2.165349974337908,0.002504923889487952,1,0
1146,2008-09-28 06:22:00,pass,test,206.2868353978183,482.6035459483978,0.42370531699070163,2.130116428626913,0.2118885324514895,1,1
1147,2008-09-28 07:38:00,pass,test,304.7876296275179,303.7524542890209,0.4362907817020614,2.353425530711032,0.0007740168628305721,1,1
1148,2008-09-28 07:52:00,pass,test,409.098851516771,304.8683177184396,0.4343093535036234,2.418889404722642,0.0026215436059775373,1,1
1149,2008-09-28 08:40:00,pass,test,570.506268546953,579.4457853934347,0.4241480432126772,3.9134228262727864,0.0005475912428005183,1,0
1150,2008-09-28 08:41:00,pass,test,307.6484908353012,558.441045892325,0.4305877743720787,2.8360454523852248,0.0007252114848154394,1,0
1151,2008-09-28 09:50:00,fail,test,718.8254139317949,505.1270007779751,0.45309046455105734,4.96486300547316,0.02012646412011836,1,0
1152,2008-09-28 17:05:00,pass,test,320.34211988937295,283.4283291829797,0.410029510296197,2.1604028523914454,0.003716483734057512,1,0
1153,2008-09-28 17:06:00,pass,test,136.83249314627474,145.03755181792593,0.40830169238471403,1.2262727791677135,0.015000288814141104,1,0
1154,2008-09-28 17:49:00,pass,test,350.70614402225186,152.23425488882316,0.4278242988145404,1.545143153557757,0.0028243627072862838,1,0
1155,2008-09-28 17:55:00,pass,test,997.3420197608256,404.9780944413926,0.4268145430490484,4.555008636099678,0.0006794945866014785,1,0
1156,2008-09-28 18:34:00,pass,test,336.6844851792895,283.5605778513306,0.4168949023142036,1.8459220885470016,0.004615642541751186,1,0
1157,2008-09-28 18:43:00,pass,test,1485.6232358706332,3695.908929237676,0.4350756857919675,15.469374853333301,0.010459457334507155,1,1
1158,2008-09-28 19:18:00,pass,test,419.8508173385184,319.13250561858473,0.4195264385566551,2.825486058215321,0.00023011429785751753,1,0
1159,2008-09-28 19:29:00,pass,test,250.94313722298583,440.8869683134044,0.42414491264172205,2.5720710411679946,0.0007593141836161748,1,0
1160,2008-09-28 20:02:00,pass,test,435.164459595564,417.53210406143893,0.40554418048795043,3.640435066529829,0.0014836905528228979,1,0
1161,2008-09-28 20:42:00,pass,test,220.00788521226497,471.710941042426,0.42435045237058905,2.409763665246228,0.0007059423992286703,1,0
1162,2008-09-28 21:08:00,pass,test,583.5216277506222,333.14292197064356,0.4175049771844589,2.809008711166906,0.02320490956046023,1,0
1163,2008-09-28 21:27:00,pass,test,580.7958831702427,593.3122321350025,0.42373152411305404,4.0593491358647364,0.0021063316495528203,1,0
1164,2008-09-28 22:44:00,pass,test,406.39338924385106,221.5118421982316,0.423223361996486,2.436499562650072,0.0013820331535567536,1,0
1165,2008-09-28 23:54:00,pass,test,1037.4884231282067,394.25292580935877,0.4227394252556431,4.13308072867087,0.0008247207916042043,1,0
1166,2008-09-29 02:06:00,pass,test,309.5978984511094,169.38260720770057,0.419061108156513,1.6342836398744607,0.0032976702743309433,1,0
1167,2008-09-29 03:07:00,pass,test,1296.0363633019074,3683.0106446845025,0.4332042518115346,13.734960091584266,0.0008064894141390415,1,0
1168,2008-09-29 03:50:00,pass,test,1515.6541568465502,4186.905885612903,0.41782969918562957,16.874101066577065,0.0067270930864584055,1,0
1169,2008-09-29 04:18:00,pass,test,1029.0976596804378,543.5417578998098,0.4300144654598484,5.046147690850097,0.0022237668084928034,1,0
1170,2008-09-29 04:47:00,pass,test,314.1972493917542,215.75229473534523,0.42560270921281135,1.654731415473111,0.00123043731292705,1,0
1171,2008-09-29 05:32:00,pass,test,332.0208482998463,402.87932725450247,0.41711068776481536,2.450405634336098,0.0006738500509162268,1,0
1172,2008-09-29 07:53:00,pass,test,277.1239570822143,442.5308653185643,0.4184137998876514,2.4771425666330336,0.002734939829285028,1,0
1173,2008-09-29 09:15:00,pass,test,259.6973947767486,416.4648338902206,0.42362260451156836,2.5289664345001177,0.006172362507425724,1,0
1174,2008-09-29 11:13:00,pass,test,489.99407840876745,291.26499337899804,0.43569192005922613,3.131924338067871,0.0007574090171425304,1,0
1175,2008-09-29 11:53:00,pass,test,1263.335541527784,4206.1029579622655,0.42571383981275407,14.818992467420653,0.0015244657448935416,1,0
1176,2008-09-29 12:25:00,pass,test,1414.6062561577594,301.05481179318895,0.4091827256184763,5.917262059192783,0.0025537048762595232,1,0
1177,2008-09-29 14:03:00,pass,test,1835.7799843507105,1624.7338221894179,0.4665524498136222,17.031621415063942,0.006055834886026893,1,0
1178,2008-09-29 14:04:00,pass,test,186.98173435713008,481.8224897414691,0.4127719961937584,2.1396375447660843,0.0027620784786918247,1,0
1179,2008-09-29 14:08:00,pass,test,635.8451980143134,172.3547275249207,0.43398816009428703,2.5550120069910776,0.0033987455235793187,1,0
1180,2008-09-29 15:09:00,pass,test,142.55316822089688,168.6127876690418,0.4115424309177801,1.2685406052980852,0.0018516257660682943,1,0
1181,2008-09-29 15:16:00,pass,test,993.3365951872801,1078.1108496122924,0.41691369437358305,6.094955968221258,0.04258116730311612,1,0
1182,2008-09-29 16:27:00,pass,test,563.033218303647,625.7247599375471,0.4136912137126695,4.170266042957282,0.0011330888657325956,1,0
1183,2008-09-29 17:21:00,pass,test,1063.169729813007,1090.1792381752193,0.44000404140751986,5.665793588635658,0.0014313951901380418,1,0
1184,2008-09-29 21:26:00,pass,test,280.78785596930226,197.50375400992522,0.41844533575013815,2.0505428151806777,0.0025328390003873887,1,1
1185,2008-09-29 21:48:00,fail,test,140.53845220354154,664.8268172099175,0.4070688861940464,2.2472946625379437,0.006508716209486946,1,0
1186,2008-09-29 22:13:00,pass,test,1056.2601516319005,555.5249705875964,0.427511663834996,7.1695648871590825,0.000566442238464324,1,0
1187,2008-09-30 01:33:00,pass,test,1012.207929538946,390.92634027699404,0.43846233543974356,4.5564388756543,0.005134265710970587,1,0
1188,2008-09-30 01:36:00,pass,test,163.4968353005947,154.12541258072963,0.43065783194764395,1.3919678301979124,0.0010764689603197488,1,1
1189,2008-09-30 02:44:00,fail,test,255.58061732428433,446.77377399619706,0.4225543139513674,2.3403456642404943,0.055324528454192126,1,1
1190,2008-09-30 04:01:00,pass,test,356.6434938994004,170.97655164112365,0.4328523398625486,1.9337792677664558,0.0007590883685735821,1,1
1191,2008-09-30 04:42:00,pass,test,332.5277271288056,144.73687963651702,0.42173714797365325,2.1602127964602102,0.000386030915009747,1,0
1192,2008-09-30 08:44:00,pass,test,595.1383196476237,692.5039979191042,0.4085143914117864,3.682757475235255,0.0027722270797925536,1,0
1193,2008-09-30 12:31:00,pass,test,2017.2945644121544,3524.392626645126,0.41233468831458164,19.39539128690263,0.01720914739796945,1,1
1194,2008-09-30 13:29:00,pass,test,266.1417700656096,401.53659786929325,0.427982166075338,2.5365671534820575,0.008241099454104249,1,0
1195,2008-09-30 14:20:00,pass,test,273.0000583579837,417.7587531763059,0.44019822678519993,2.525223287128977,0.01065959726872475,1,0
1196,2008-09-30 14:36:00,pass,test,147.09871108505175,304.7204581920221,0.41226802590290185,1.6713524744432973,0.011157646946631282,1,1
1197,2008-09-30 15:16:00,pass,test,1082.1755908108694,1112.6850977963823,0.42299746816825295,6.387179396045625,0.00042409043611127113,1,0
1198,2008-09-30 15:26:00,pass,test,243.59429280272198,244.2884879869473,0.4153150574324398,1.6353707860461757,0.003270205134163688,1,1
1199,2008-09-30 16:13:00,pass,test,294.174517579416,422.347902965007,0.4333458888396108,2.6188886816964616,0.0021970220156036697,1,0
1200,2008-09-30 16:50:00,pass,test,243.73889471581683,180.49856162582591,0.4226171658028718,1.2853484598705551,0.009537573971069918,1,0
1201,2008-09-30 17:27:00,pass,test,521.1296380083343,299.1951442375534,0.4155126115024486,2.419903537147324,0.0010804450289088098,1,0
1202,2008-09-30 19:17:00,pass,test,216.2407284547364,313.1760342238702,0.4324017703465923,1.7687590939250268,0.0708043977628103,1,0
1203,2008-09-30 19:17:00,pass,test,857101.5983377743,2871328.470411264,0.4387206545497518,10401.844191112783,0.006938766675841511,1,0
1204,2008-09-30 21:39:00,pass,test,345.1414489001916,167.24620338881385,0.42067480152181635,1.7861037421043506,0.0038671927060380325,1,0
1205,2008-09-30 21:42:00,pass,test,222.6456614802506,726.1428836737805,0.41821424330668583,3.071470161755814,0.001475810809159984,1,0
1206,2008-09-30 23:34:00,pass,test,248.16398045520813,399.5990221451116,0.4170531953908193,2.2969119817449832,0.0025596171871702083,1,0
1207,2008-09-30 23:58:00,pass,test,355.5842978718612,149.0503726325013,0.4372205213630757,2.198744924969683,0.0037805913596919436,1,0
1208,2008-10-01 00:20:00,pass,test,244.2653068653387,374.56806168754576,0.4155854142807827,2.050970650346807,0.011075828422197781,1,1
1209,2008-10-01 01:11:00,pass,test,320.03083205297173,186.45150375238688,0.4323049825631632,1.7496885304443666,0.011582004183754808,1,0
1210,2008-10-01 02:53:00,pass,test,130.20440013090027,240.37916938033956,0.4202382149877308,1.1536405621306083,0.00578309220802849,1,0
1211,2008-10-01 05:56:00,fail,test,130.51477831935367,312.2190155934217,0.4053963324232577,1.4289201708880774,0.00047885089564261087,1,1
1212,2008-10-01 07:19:00,pass,test,1071.456980000619,557.689157406418,0.40133239384529357,5.07364254366128,0.0004537131836988463,1,0
1213,2008-10-01 07:28:00,pass,test,517.9162332609002,281.6989923472098,0.40722243312808987,2.836886142905444,0.0003277234987466047,1,1
1214,2008-10-01 08:15:00,pass,test,1452.5004334737898,265.01958472108436,0.41626012542455404,5.025593551931706,0.0018477992390426824,1,0
1215,2008-10-01 09:15:00,pass,test,1827.4724172329113,331.59389943215905,0.4268726844181713,5.972690345250086,0.0004922038072824669,1,0
1216,2008-10-01 09:16:00,pass,test,860.5889082187031,326.62920247088095,0.4083921579913944,3.721950556919143,0.00020827592452997274,1,0
1217,2008-10-01 14:22:00,pass,test,1446.7512816458834,296.15835506361066,0.4278681858291914,5.973184047288112,0.009644715427493185,1,0
1218,2008-10-01 15:16:00,pass,test,272.2913849341032,131.96111562139635,0.40215257259253023,1.9945232697307613,0.0005431234994099361,1,0
1219,2008-10-01 16:43:00,pass,test,393.289598540802,308.562699284579,0.4205126923423194,2.55273316208671,0.012148552850732899,1,0
1220,2008-10-01 19:57:00,pass,test,176.65240577307813,93.11382986425397,0.4166596882969711,1.3053446247096105,0.0004406201783478398,1,0
1221,2008-10-01 21:15:00,pass,test,442.3533731174556,260.07962253123645,0.41487312041809804,2.030611909681033,0.004252342093616083,1,0
1222,2008-10-01 21:50:00,pass,test,1439.6154826386985,354.2482032538055,0.42738263004406457,5.924159322983352,0.003979436548959737,1,0
1223,2008-10-01 22:47:00,pass,test,388.02210856375746,351.1478278417623,0.43367287145405525,3.05750771946331,0.0038320377186228088,1,0
1224,2008-10-01 23:34:00,pass,test,1359.3903005906438,324.0934943707498,0.40790995445264117,5.451286471509128,0.0063308752051415155,1,1
1225,2008-10-02 00:21:00,pass,test,468.1137338180182,217.07928784970062,0.42068271438867644,2.113314858557241,0.0032242343369830112,1,1
1226,2008-10-02 00:22:00,pass,test,1437.007412324957,390.7829433771908,0.4145693390976781,5.9805364495933935,0.0017085234583050929,1,1
1227,2008-10-02 03:17:00,fail,test,1481.8363339415623,431.5869624207163,0.4176876137099088,6.684350081044676,0.013222270856742971,1,0
1228,2008-10-02 03:27:00,pass,test,346.0298832131785,154.10991622905007,0.42115068216671814,1.8330725952475704,0.0019247040413000196,1,0
1229,2008-10-02 04:11:00,pass,test,792.0712647373987,199.5371154993099,0.4244958920201137,3.040507865452248,0.003608380431276761,1,0
1230,2008-10-02 04:23:00,pass,test,763.7844505318876,385.00990548043535,0.45522648898048274,6.165184469892452,0.0007030611405188109,1,0
1231,2008-10-02 04:24:00,pass,test,1015.034849229336,399.71014830527986,0.4272101908013646,3.9002920709580104,0.0002778586997867086,1,1
1232,2008-10-02 06:49:00,pass,test,413.29953846316295,206.3534822804655,0.42539971493815654,2.3331962829478305,0.0021887509698387234,1,0
1233,2008-10-02 07:35:00,pass,test,991.3463741516453,1067.9350930228263,0.4236867013432042,6.066130025292672,0.001699952501097503,1,0
1234,2008-10-02 07:58:00,pass,test,880.2378478369682,219.60686776274804,0.42262294953133517,4.28812263803305,0.0005047867686889756,1,0
1235,2008-10-02 08:24:00,pass,test,570.3578870096089,186.46096019184617,0.42399981158546973,2.2280410662890953,0.030603601052043083,1,1
1236,2008-10-02 08:52:00,pass,test,755.2432600448807,486.95787639680225,0.430005292785571,4.051700489067841,0.0008081557632814319,1,0
1237,2008-10-02 08:57:00,pass,test,935.4820279737039,403.41764337865817,0.42252684346408276,4.555291081206786,0.001782936845935305,1,0
1238,2008-10-02 09:10:00,fail,test,435.9024017230821,514.324189967608,0.42508476323946054,2.687533800458475,0.0010701759014339325,1,1
1239,2008-10-02 09:42:00,pass,test,352.9255712434887,203.3857375552803,0.42007281679510555,2.0181223549803113,0.0025220757078655252,1,0
1240,2008-10-02 10:03:00,pass,test,325.40873102104865,227.7984935798555,0.4205817377155729,2.0416900369161732,0.007070358986688227,1,0
1241,2008-10-02 14:07:00,fail,test,368.23625009293244,198.7664222155845,0.4152693487340964,2.0994996704696804,0.009682318021810554,1,1
1242,2008-10-02 14:10:00,fail,test,728.4298664804752,492.4613545495271,0.428844576383978,4.922225782682443,0.007632262368676294,1,0
1243,2008-10-02 14:54:00,pass,test,1405.1820311857928,403.12735331901763,0.4085024003658099,5.743469137196596,0.0025656246954819492,1,0
1244,2008-10-02 15:10:00,pass,test,1491.583465140533,389.06514489458607,0.4218187189733506,6.773584301628723,0.033623775304517586,1,0
1245,2008-10-02 15:44:00,pass,test,998.248770409454,1097.440525961769,0.4463383952727536,6.8860141602592115,0.0007988247928835875,1,0
1246,2008-10-02 15:58:00,pass,test,974.1028145241073,1074.8104442472866,0.4239145507740481,6.051293983747071,0.0017052092380528368,1,0
1247,2008-10-02 16:32:00,pass,test,1356.0177753577493,371.3569939985965,0.43586342366372466,5.491011938696633,0.0007919374158630233,1,1
1248,2008-10-02 16:58:00,pass,test,410.8796295551656,217.55439197776295,0.4131806997558081,2.6594351404421883,0.07649745203241959,1,0
1249,2008-10-02 17:00:00,pass,test,986.4905846547213,1090.4157965627892,0.4193843974803334,5.844677883666874,0.023051714534481436,1,0
1250,2008-10-02 17:19:00,pass,test,1393.2492072943253,387.3202111772899,0.42639331185015444,6.005970483907617,0.003100016410920842,1,1
1251,2008-10-02 19:21:00,pass,test,191.89298253338333,278.6421513038677,0.42105965978885096,1.508173959214735,0.026869966820002086,1,0
1252,2008-10-02 19:25:00,pass,test,1065.6505779216855,350.2964047149343,0.4401720880668639,7.2064322457756385,0.001466308141626423,1,1
1253,2008-10-02 20:54:00,pass,test,1308.9080181455165,517.958066156951,0.41547825699577867,5.299867356547233,0.002530283822548527,1,0
1254,2008-10-02 21:32:00,fail,test,426.9577026103101,307.4680726819257,0.4321982938760581,2.796685511668566,0.0027608732760457436,1,0
1255,2008-10-02 21:33:00,pass,test,149.19546684218506,242.2544598142249,0.42860924380379206,1.4632058130174943,0.03101261661660583,1,0
1256,2008-10-02 22:23:00,pass,test,200.36122272628066,188.8757168414132,0.4130051261218579,1.6486384917905703,0.015897759660865308,1,0
1257,2008-10-02 22:33:00,pass,test,273.4291400067284,377.9394957922052,0.45487620927418215,2.797342856604989,0.013083687071904762,1,0
1258,2008-10-02 23:32:00,pass,test,1486.8818638406103,382.6055899846999,0.4173700925132165,4.8487625518273365,0.0009229312500795608,1,0
1259,2008-10-02 23:32:00,pass,test,378.2228543651301,373.0060360253715,0.43799320968361455,2.973314557496422,0.004336166653078838,1,0
1260,2008-10-03 00:24:00,pass,test,358.7576042336448,418.69311926366447,0.43889427475358117,4.0497871319159895,0.00994598833969707,1,0
1261,2008-10-03 00:55:00,pass,test,410.26366869542295,315.69018305253405,0.4380073870752191,2.5680376243671645,0.003578602578863351,1,0
1262,2008-10-03 02:41:00,pass,test,519.1893291176591,281.55818862392675,0.42729540091294066,2.8595264834816065,0.003235131201478405,1,0
1263,2008-10-03 03:52:00,pass,test,568.7155260757914,320.5703812056422,0.42793122214626655,3.4361424459974916,0.001280167814494679,1,0
1264,2008-10-03 03:56:00,pass,test,1272.8941538752708,915.1212850361383,0.4251373915626764,6.639704976695329,0.0019487443142230392,1,1
1265,2008-10-03 04:49:00,pass,test,1446.6670620965815,384.98068412239434,0.4364881641304181,5.406437602260314,0.0017199706088549549,1,1
1266,2008-10-03 05:01:00,pass,test,1628.0621195391689,436.7100418950306,0.4362529011441674,6.433556211258443,0.00403490708215945,1,1
1267,2008-10-03 05:45:00,pass,test,147.8151494855656,298.3429797428115,0.4416055200424821,1.4339592893394253,0.0017622817893980297,1,1
1268,2008-10-03 06:15:00,pass,test,454.6840173965055,245.75565347381342,0.4328658513691399,2.7053746385499915,0.0004670192454057789,1,0
1269,2008-10-03 08:35:00,pass,test,419.8467304154426,346.73055486337404,0.41795799277216933,2.4910540447414986,0.0033080029171948695,1,0
1270,2008-10-03 09:30:00,pass,test,1101.4861731861286,631.2926440027724,0.4217818613579274,5.2084379378538515,0.0005644939970716452,1,0
1271,2008-10-03 11:40:00,pass,test,573.9213794774082,394.7708602066215,0.40438877115448946,3.349050216234127,0.0034985007892672907,1,0
1272,2008-10-03 12:31:00,pass,test,302.82612105272165,191.41178497736223,0.4184398710692324,1.9978847394173442,0.012334740526921994,1,0
1273,2008-10-03 18:45:00,pass,test,235.35107601623326,147.02438482112836,0.40271830947823073,1.953259053242727,0.0014314289813930677,1,0
1274,2008-10-03 19:23:00,pass,test,380.5288910916889,159.26233355360563,0.43349377376010834,2.240906482391791,0.00187132169517872,1,0
1275,2008-10-03 19:23:00,pass,test,222.48517400027427,663.1290910439087,0.42470384592584903,3.1874028036181943,0.003015066183383189,1,0
1276,2008-10-03 20:11:00,pass,test,711.5981740972221,401.21837950285175,0.42446824077868334,2.973347689633807,0.00046444386733695257,1,0
1277,2008-10-03 20:26:00,pass,test,227.4392153319779,655.3313544308403,0.4132333375198253,2.8973594616905554,0.000757290845875279,1,0
1278,2008-10-03 20:35:00,pass,test,785.335881806666,262.1632893197862,0.42050331797509277,4.180211476848242,0.001030741108079464,1,1
1279,2008-10-03 20:46:00,pass,test,657.8842653572307,232.75615036171004,0.44380220285789984,4.690969728694195,0.0009837051533990618,1,0
1280,2008-10-03 21:15:00,pass,test,1469.3189200494276,415.6534865119523,0.42884487804613225,5.862106315877857,0.011428080134736687,1,0
1281,2008-10-03 21:52:00,pass,test,1241.8624879352058,1032.6681234880716,0.4327144456891313,6.745742656202249,0.0008658079701363607,1,0
1282,2008-10-03 22:08:00,pass,test,1137.0032181302743,561.5720393281084,0.40666937839371214,6.11218809340693,0.0014816221137135864,1,0
1283,2008-10-03 22:53:00,pass,test,1524.124115482652,366.7153713422438,0.44542196576618104,6.014296801080615,0.005242868713121462,1,0
1284,2008-10-03 23:46:00,pass,test,240.87661826078605,145.48694111275182,0.415316955463841,1.6953810784716568,7.10953595645609e-05,1,0
1285,2008-10-04 00:58:00,pass,test,388.9299147973695,192.56442633010943,0.4269322497085655,3.1323655576432174,0.0006980550727137928,1,0
1286,2008-10-04 01:49:00,pass,test,345.584417485583,563.5247182881019,0.414885197392409,2.92629615187974,0.0002230563622879163,1,0
1287,2008-10-04 02:36:00,pass,test,186.5568809702387,147.48598426916737,0.3995526684528304,1.3807632533189842,0.00031775459039841175,1,1
1288,2008-10-04 03:53:00,pass,test,205.7478993775072,136.740232804336,0.3945331035966323,1.3977356730764032,0.00031010715971750886,1,0
1289,2008-10-04 04:12:00,pass,test,1712.5043079248337,436.70863933011196,0.44524324294651396,7.049425646562415,0.000820258887145394,1,0
1290,2008-10-04 04:45:00,pass,test,202.9682995177328,133.4218855130951,0.39749993260655564,1.3943659909010593,0.0025004379317280162,1,0
1291,2008-10-04 09:29:00,pass,test,2562.696582457398,692.835021586083,0.4317139207520022,9.001198578036579,0.0011590282692812736,1,0
1292,2008-10-04 15:16:00,pass,test,814.3615968081155,255.72417453540834,0.43873995199126126,4.037583531562862,0.006517613608120743,1,1
1293,2008-10-04 16:58:00,pass,test,309.89815680773137,241.48803950718664,0.4293848494822347,2.023887422890409,0.003071175787756587,1,0
1294,2008-10-04 18:15:00,pass,test,390.42709027819575,245.28058916033729,0.426281252505393,2.260902208941763,0.004486120668577521,1,0
1295,2008-10-04 18:25:00,pass,test,336.9740042650965,230.494206527271,0.41198771698648645,2.343440214283567,0.008741142141774686,1,1
1296,2008-10-04 18:59:00,pass,test,1332.633226563715,441.9967351233172,0.41297311102793915,5.032486916670489,0.006369373075497049,1,0
1297,2008-10-04 19:12:00,pass,test,610.6070785663904,477.3358535651041,0.4411146890248613,3.4914028129541554,0.0008291668235401255,1,0
1298,2008-10-04 19:47:00,pass,test,666.6681436337244,215.09421158156456,0.4407524655988799,2.9209085975452322,0.0001458605933379174,1,1
1299,2008-10-04 19:54:00,pass,test,361.89542409601313,240.19565045559656,0.417020773780149,2.1307413818264123,0.0006484431996787528,1,0
1300,2008-10-04 20:39:00,pass,test,1151.8304223380565,266.1756649430233,0.4185112204280633,4.14087479440581,0.0010193627432270368,1,0
1301,2008-10-04 22:06:00,pass,test,544.5386432892446,358.8160274375939,0.3999919851899769,3.3335455973596626,0.0007250011438524833,1,0
1302,2008-10-04 23:18:00,fail,test,324.4844336616107,137.45392307071472,0.42806800811383755,2.2670476660677146,0.0011254139839957061,1,0
1303,2008-10-05 00:33:00,fail,test,387.25435073955805,396.18654466608723,0.4375640594918183,3.0257747410523748,0.0004502567463251282,1,0
1304,2008-10-05 00:33:00,pass,test,843696423.1199296,1787482499.126053,0.4232846197924674,8355107.963243841,0.014413775532641072,1,1
1305,2008-10-05 01:35:00,pass,test,1099.2808257536615,579.7246279255086,0.4005566120039307,5.632982084259962,0.0006508045107811566,1,0
1306,2008-10-05 04:01:00,pass,test,405.87596509582323,365.82185465984895,0.4336401185218345,2.917668847635347,0.0011938954929405273,1,0
1307,2008-10-05 04:20:00,pass,test,2169.735058838217,801.7084648992146,0.44405612526946825,10.134830380381581,0.003918980424367824,1,0
1308,2008-10-05 04:48:00,pass,test,491.5635756548957,359.7116247481303,0.4444936127703743,2.8169882726507867,0.00034444550636541176,1,1
1309,2008-10-05 05:31:00,pass,test,432.7343492353055,222.6169085856452,0.43263849979720886,2.3885714211845905,0.0003783779047273601,1,0
1310,2008-10-05 05:53:00,pass,test,472.55242608421696,289.84497029009583,0.42996609120235063,2.585830782076072,0.0031095627012381914,1,0
1311,2008-10-05 06:15:00,pass,test,885.0537321805886,229.97888668692883,0.4303428762258136,3.7341819283038036,0.005356114233200659,1,0
1312,2008-10-05 08:02:00,pass,test,186.5674426241516,684.0636705711786,0.4266579289318683,2.5093456047502674,0.00865923686656495,1,0
1313,2008-10-05 08:40:00,pass,test,554.6438955143398,183.01536778870152,0.4251242446375276,2.749973464283762,0.015178914436819759,1,1
1314,2008-10-05 09:04:00,pass,test,655.9103821719883,967.7507305768322,0.43367900575517077,6.599957961171448,0.0011433453169999589,1,0
1315,2008-10-05 09:47:00,pass,test,590.3536415530405,321.6495394352843,0.41139521491349235,3.152576942814173,0.0007253027531766598,1,0
1316,2008-10-05 10:00:00,pass,test,463.3177948997598,337.4590237142629,0.4221825241348857,2.6265691812723033,0.0009217209597702621,1,0
1317,2008-10-05 10:43:00,pass,test,418.3015055233552,244.95012190193688,0.4117289961955188,2.508376712086418,0.0006905688410104745,1,1
1318,2008-10-05 11:05:00,pass,test,470.9398646982302,322.97202716588345,0.41825556535701763,2.7375181638566524,0.00028299448376258984,1,1
1319,2008-10-05 11:30:00,pass,test,636.5679712483864,929.3047935174104,0.43192792174882194,6.672667947859534,0.010902604680928915,1,0
1320,2008-10-05 12:03:00,pass,test,843742936.9117618,1787470788.8435397,0.4265113502617261,8355210.315793706,0.03541480131360436,1,1
1321,2008-10-05 12:17:00,pass,test,961.7502084883876,1087.9818758660856,0.4010023875272671,6.10649412438489,0.001026662262914597,1,1
1322,2008-10-05 13:49:00,pass,test,3099.929707652164,731.6887762011547,0.4052098663207377,13.980559837904432,0.0005572016598970072,1,0
1323,2008-10-05 14:34:00,pass,test,297.65254288378384,354.4427613863217,0.4372466404444629,2.4854489456420157,0.0012960225060965887,1,0
1324,2008-10-05 15:30:00,fail,test,1876.2089440077052,357.17010092842247,0.4377589355647305,6.7127956502410715,0.006368618208211954,1,1
1325,2008-10-05 15:35:00,fail,test,245.65604653129947,116.55111182657328,0.419996675835975,1.2997393253174174,0.0032271549783816638,1,0
1326,2008-10-05 16:15:00,pass,test,3047.932455501594,761.0175234118652,0.4261962410617355,12.105136721652237,0.05847008077014766,1,0
1327,2008-10-05 16:37:00,fail,test,216.57381101024697,188.8209124100836,0.4099105030375033,1.5445741923321903,0.012833924273670754,1,0
1328,2008-10-05 16:49:00,fail,test,519.3453749179645,343.10293231450896,0.43528910750573546,2.682054160066314,0.10799971721591807,1,0
1329,2008-10-05 18:46:00,fail,test,700.7110204740682,451.4329704276321,0.41466136114475144,4.922623383375098,0.0030214554719414266,1,1
1330,2008-10-05 18:59:00,pass,test,254.5218160470789,545.9026673899117,0.40557058590520545,2.501059420151052,0.010766459870850167,1,0
1331,2008-10-05 19:45:00,pass,test,3564.2080568332944,1116.428838191242,0.4280291337169715,13.470887604072756,0.017851167250085974,1,0
1332,2008-10-05 20:12:00,pass,test,1907.8941023230102,3558.948724155731,0.42776785945972223,20.125019281451344,0.0005255620987112783,1,0
1333,2008-10-05 20:30:00,pass,test,206.99553007016976,590.6535765382229,0.43984832888965825,2.360637357346883,0.005688193344057302,1,0
1334,2008-10-05 22:13:00,pass,test,1432.95117489584,279.69565501181194,0.4168406346168854,5.026760556756696,0.0023966725187079996,1,0
1335,2008-10-06 00:41:00,pass,test,410.75139230782844,153.71719997993216,0.4390579485574841,2.620273598317172,0.0001701802249324934,1,0
1336,2008-10-06 01:25:00,pass,test,356.81896295623324,182.01930949367653,0.4125212524779595,1.9969270765291867,0.0007802618226762382,1,1
1337,2008-10-06 01:27:00,pass,test,1103.6146535332086,481.49690501522673,0.43521838268816926,4.790094734199815,0.003529793043650279,1,0
1338,2008-10-06 01:30:00,pass,test,175.2460497488003,698.2959247244349,0.41463146993802236,2.3133650842082942,0.004267642817180244,1,0
1339,2008-10-06 02:44:00,pass,test,550.3796845331935,170.27642417025444,0.42856720687257416,2.4582077994166154,0.006226523588075414,1,0
1340,2008-10-06 02:49:00,pass,test,552.0057828711224,333.17991477899284,0.408535664653919,3.509645378390905,0.0006916427271387619,1,0
1341,2008-10-06 03:31:00,pass,test,416.58417524626293,134.96008092528754,0.4229557589213241,1.8664436826660464,0.0009687308643275345,1,0
1342,2008-10-06 03:50:00,fail,test,316.9263871007147,138.65347486322332,0.41235061765737147,1.942629472943753,0.0006038959231405717,1,0
1343,2008-10-06 03:57:00,fail,test,561.2036618291896,347.6466916584467,0.44156697459192173,3.7184333832487466,0.0006391172681507368,1,0
1344,2008-10-06 04:26:00,pass,test,183.29305957476325,121.46408361153989,0.4390163328929355,1.3256055705232477,0.013575701681529892,1,1
1345,2008-10-06 05:21:00,pass,test,388.09593767282826,198.9757981354708,0.4260697803529766,2.0692275487110923,0.04308285993150364,1,0
1346,2008-10-06 05:24:00,pass,test,1710.3952171322803,467.42848387435333,0.44155583907855395,6.454817139858821,0.0007351564797753843,1,0
1347,2008-10-06 06:11:00,pass,test,1118.6089546001956,317.95716911346824,0.453372330546013,6.137207052007883,0.0036434447312813953,1,0
1348,2008-10-06 06:26:00,pass,test,472.6591641132084,466.8981784874244,0.41566808364999525,2.340706790562779,0.0002866405943006102,1,0
1349,2008-10-06 06:49:00,pass,test,408.14381352963585,132.22520620613108,0.430715839723836,2.1672643990200617,0.00017881227107988338,1,0
1350,2008-10-06 07:12:00,pass,test,774.166254808307,238.08389399966688,0.41780278948456806,3.127049419235311,0.0015098333143305567,1,0
1351,2008-10-06 07:17:00,pass,test,411.12450374395684,151.9565377757775,0.43729521060921833,1.843415228838589,0.0010353381392245878,1,1
1352,2008-10-06 07:35:00,pass,test,734.3143782283449,244.57774979688904,0.41018809097813147,2.8008826413666523,0.0009870263807639798,1,0
1353,2008-10-06 07:38:00,pass,test,198.11058985690764,729.7522970421587,0.4340448215778555,2.6734925036428123,0.0061429530677148195,1,1
1354,2008-10-06 08:24:00,pass,test,358.06095732330334,220.28791321805562,0.4386600380077139,2.8551647295595957,0.0020979035584142054,1,0
1355,2008-10-06 08:57:00,pass,test,259.7415060275091,326.39171140549985,0.40892294458556466,2.2095082587863404,0.002052966415943148,1,0
1356,2008-10-06 09:11:00,pass,test,1122.810810359937,951.5104801674196,0.4307637987018859,6.076585980043921,0.007684392615230712,1,1
1357,2008-10-06 09:57:00,pass,test,260.9786959960847,549.2183193655294,0.4119940493702898,2.440835606867849,0.0013143776735270003,1,0
1358,2008-10-06 10:07:00,pass,test,1679.745641296481,389.8032888651046,0.43220056493639025,6.533894158259783,0.0001484764757755357,1,0
1359,2008-10-06 11:51:00,pass,test,610.3175970107716,200.0836537185723,0.4158790132586068,2.952807225350013,0.0007979804949721956,1,0
1360,2008-10-06 12:39:00,pass,test,392.19254837606667,149.05775761431403,0.40335294514553166,1.9941734609879824,0.0003158954691912498,1,0
1361,2008-10-06 12:42:00,pass,test,246.24861783931178,659.3742256788179,0.4268144429679226,3.204805711558122,0.002658035691814201,1,0
1362,2008-10-06 13:08:00,pass,test,336.53637083947933,399.8032958196784,0.4265740062481927,2.3675762916303773,0.013066867273336152,1,0
1363,2008-10-06 13:38:00,fail,test,134.79040714881157,222.48366052529786,0.4128168881976372,1.4591377609271965,0.042492269812610964,1,0
1364,2008-10-06 13:55:00,fail,test,900.7288248909222,386.5724723310958,0.4161948226399546,4.466621559763571,0.011212640207847926,1,1
1365,2008-10-06 15:00:00,fail,test,617.5760197902833,377.10333902869206,0.4293804515467843,3.821906278466523,0.0015616375194548108,1,0
1366,2008-10-06 15:01:00,pass,test,296.66578302422846,654.9947038714387,0.4095155791023,3.48611437181927,0.0002880365250459702,1,0
1367,2008-10-06 15:52:00,pass,test,370.02541143634187,284.8921557954134,0.4222596679953034,2.2848373211552393,0.0016320370936255925,1,0
1368,2008-10-06 16:42:00,pass,test,534.5015256915979,480.41743547370857,0.4239423984339905,2.8119832786192,0.0038421560093685166,1,0
1369,2008-10-06 16:50:00,pass,test,565.8553694845467,363.47137297144855,0.40877305186892904,3.385803760937196,0.0017006547611633051,1,0
1370,2008-10-06 17:26:00,pass,test,413.32375305009816,161.61080135449987,0.42956088564064215,2.002134279452934,0.0002244580402297662,1,1
1371,2008-10-06 17:26:00,pass,test,751.768633682729,474.5231395330562,0.41412096677487137,4.99198192904686,0.0007025417600737829,1,0
1372,2008-10-06 17:35:00,pass,test,261.33479512130583,379.882447125196,0.4130419330612155,2.1004804968138524,0.001983882592898248,1,0
1373,2008-10-06 18:54:00,pass,test,448.83713978358685,304.2307028701874,0.4072995003541921,2.3504925608787417,0.002322753781993355,1,0
1374,2008-10-06 18:55:00,pass,test,1675.7635949695195,1305.520735036134,0.43399124009255036,9.42914155468548,0.08453132189291596,1,0
1375,2008-10-06 19:42:00,pass,test,247.97938282812314,627.101446370642,0.4099204650660944,2.939819291119387,0.0004908647578146564,1,0
1376,2008-10-06 20:02:00,pass,test,297.98078045414417,139.98031618963975,0.4215783009391124,2.0817042520697018,0.00028518919369707003,1,0
1377,2008-10-06 20:36:00,pass,test,453.45242816024097,323.99923912609836,0.4135647654526213,2.421878826605445,0.05010772070918843,1,0
1378,2008-10-06 20:47:00,pass,test,1324.7702767145527,1079.241191979711,0.42356617179723005,6.575973174775406,0.0004919525174628004,1,0
1379,2008-10-06 21:46:00,pass,test,286.1716879831385,567.2407983306757,0.4224799491176221,2.4522020571914327,0.002162687908305509,1,0
1380,2008-10-06 21:48:00,pass,test,200.57124656257253,621.7668617010055,0.41374066715164426,2.511906439985875,0.00024209820094878945,1,0
1381,2008-10-06 22:37:00,pass,test,1355.6932443481141,301.1137930877374,0.41307637298375527,5.061536048217532,0.006849227744737713,1,0
1382,2008-10-06 23:03:00,pass,test,783.2368782168598,203.4044841456675,0.4091256371405363,2.8987432213065523,0.01372130804638371,1,0
1383,2008-10-07 01:46:00,pass,test,423.1255309738673,233.33228935633034,0.43911983496299806,3.1667779825896205,0.0008756110736753313,1,0
1384,2008-10-07 03:29:00,pass,test,385.4210181768276,738.6203618640204,0.44750906076653457,4.528745081428033,0.00026525838935650725,1,0
1385,2008-10-07 03:39:00,pass,test,1302.4036455369983,894.2973147008936,0.42669242691074716,7.293556515968376,0.03878649890143306,1,0
1386,2008-10-07 07:32:00,pass,test,380.9228697006716,367.4596117604964,0.42019121482076655,2.873970450305936,0.004411924035859106,1,0
1387,2008-10-07 07:41:00,pass,test,714.2680784035944,754.5826203413915,0.4346579470182168,3.615961931753538,0.0002149738415178214,1,1
1388,2008-10-07 08:25:00,pass,test,223.09913591599476,651.2201396133157,0.4112890247061239,3.0706608044842243,0.001214255094998535,1,1
1389,2008-10-07 08:26:00,pass,test,716.283157026029,427.8257255182542,0.4166727829559779,3.6366017084329982,0.0002344193565374626,1,1
1390,2008-10-07 09:11:00,pass,test,172.79102823414138,650.5982484659916,0.4316988293094784,2.451795427464096,0.02624767507625448,1,1
1391,2008-10-07 09:20:00,pass,test,505.1541375818507,447.62567070090347,0.41718469284088056,2.9107042766930418,0.0003145948815465946,1,1
1392,2008-10-07 09:59:00,pass,test,1727.4580391985203,707.5930487035047,0.41970743923814935,8.410069696878553,9.796342659717467e-05,1,1
1393,2008-10-07 10:04:00,pass,test,250.8736540902012,147.1960586166793,0.4050652108525919,1.7342607170715958,0.0004978070565792708,1,1
1394,2008-10-07 10:10:00,pass,test,827.3119546722919,206.334718496734,0.4100247971262648,3.468244352607309,0.00036244909146701743,1,1
1395,2008-10-07 10:51:00,pass,test,315.3479519800554,662.8664769550038,0.40840602704113144,3.0020163916855656,0.0009023401483988867,1,1
1396,2008-10-07 11:15:00,pass,test,381.60000249610783,232.53594446270728,0.43565380471195553,2.2755503152099186,0.0015186685794476166,1,1
1397,2008-10-07 11:16:00,pass,test,483.21052611889206,1249.8721553805074,0.4648175165555833,6.131265417298245,0.005705766290709993,1,1
1398,2008-10-07 11:36:00,pass,test,699.7139150332591,454.1818100763699,0.42165870518072873,3.320379155540024,0.0011680064728874528,1,1
1399,2008-10-07 12:40:00,pass,test,656.6281324414401,504.22447406048354,0.40255114857189506,3.4946962817823133,0.004694404981940516,1,1
1400,2008-10-07 13:10:00,fail,test,684.9992460959386,632.7465663564668,0.41929336423699026,5.337524833358431,0.0004390531629476558,1,0
1401,2008-10-07 13:48:00,pass,test,339.1990536412862,323.64311187263064,0.41829945193207163,2.1711646511625795,0.00029413856513621386,1,1
1402,2008-10-07 14:35:00,pass,test,323.9680314333599,185.0462616520517,0.4396816402013554,2.294055271685814,0.0005249337798166364,1,1
1403,2008-10-07 16:32:00,pass,test,781.1066580174876,459.64805865478627,0.4262254057816898,3.799362951292629,0.0004120797625931329,1,1
1404,2008-10-07 17:06:00,pass,test,1442.106439683641,1172.0539694840381,0.439592122263801,9.061893726001282,0.0021857170290329963,1,0
1405,2008-10-07 17:28:00,pass,test,878.7463198187087,433.9320310243508,0.4072666326601561,4.220457893468657,0.0013897946080837274,1,1
1406,2008-10-07 18:39:00,pass,test,275.278746782586,150.5314668287415,0.4289179392593744,2.0343423095867874,0.00023492098842235897,1,0
1407,2008-10-07 19:24:00,pass,test,1691.3125194696133,755.0366873734407,0.42055009329029386,8.577907808960143,0.0004547234353021555,1,1
1408,2008-10-07 20:19:00,pass,test,495.1665221414471,589.9468789940116,0.42769673259863084,2.9491648270291315,0.03439105051416209,1,1
1409,2008-10-07 20:39:00,pass,test,188.80548213784218,632.4123839658746,0.4258201718918856,2.6327066843830247,0.00035502887164276064,1,0
1410,2008-10-07 20:48:00,pass,test,811.8975862906319,240.78389474200276,0.4341361499986552,3.3087045394884376,0.0005622371642729498,1,1
1411,2008-10-08 04:47:00,pass,test,1709.2684375744936,731.9984480948601,0.42150589408615957,8.509950214166714,0.0004472651735447212,1,1
1412,2008-10-08 05:35:00,pass,test,307.26759871580634,209.43296440716352,0.41891559443996795,1.8787423329464257,0.00022425723541805325,1,0
1413,2008-10-08 05:38:00,pass,test,1138.7570242776148,477.364303037072,0.4088076848013532,4.852474172192637,0.00021692486822800987,1,0
1414,2008-10-08 06:25:00,pass,test,736.6433888343341,233.07996914122316,0.40317892439448627,3.2039320642518776,0.005688156187132331,1,0
1415,2008-10-08 07:10:00,pass,test,290.8749583574038,347.5703626579543,0.4245642853140694,2.365843385325943,7.987923898052036e-05,1,0
1416,2008-10-08 07:13:00,pass,test,1715.391433348064,777.0592732681818,0.4398187976557421,9.591720045211048,0.0002133751532144626,1,0
1417,2008-10-08 07:16:00,pass,test,217.83233093547713,643.8702047879278,0.4354093665117105,2.548758958553766,0.0004419873170384602,1,0
1418,2008-10-08 09:01:00,pass,test,494.23545690455336,964.7388534604263,0.46543466864617666,5.598085343711456,0.0004786729244882297,1,0
1419,2008-10-08 09:06:00,pass,test,721.2492273162181,743.2088134396929,0.41632311125275395,4.115042800744066,0.0009589669311633346,1,0
1420,2008-10-08 10:37:00,pass,test,821.7983713375696,288.51423841972974,0.39936486343812233,3.062625842230223,0.00010410785706563134,1,0
1421,2008-10-08 12:11:00,pass,test,128.4561238612307,550.9794924993222,0.4182437218352896,2.4310144954290607,0.00010701723130412715,1,0
1422,2008-10-08 13:35:00,pass,test,321.66992835455846,269.31446353109834,0.43587730540500963,2.3260376780033156,0.004390180379656744,1,0
1423,2008-10-08 13:38:00,pass,test,274.3370775654999,211.49596750375218,0.41864526846412337,1.6816653948791715,0.000136011103734933,1,0
1424,2008-10-08 14:48:00,pass,test,289.26511265473397,210.2180163013565,0.42155781084438954,2.1705045458254286,0.0008400017635742336,1,0
1425,2008-10-08 15:37:00,pass,test,810.3635827413286,420.26859150595084,0.4304685972766273,3.8582254187137672,0.003594228461578175,1,0
1426,2008-10-08 16:26:00,pass,test,1505.408246647112,315.264615598456,0.40729423158420536,4.719628530823651,0.0007845206499670649,1,0
1427,2008-10-08 17:14:00,pass,test,367.3486068831993,376.45236107954236,0.4528199024910601,3.3964244409533255,0.00010190493627140232,1,1
1428,2008-10-08 17:31:00,pass,test,196.75471513273504,641.0506687350916,0.41989446051118273,2.6435158117860205,0.00022465907225260455,1,0
1429,2008-10-08 17:41:00,pass,test,535.9404504320869,1484.518097884597,0.44944619068035563,6.298336980880367,0.0001430575180231333,1,1
1430,2008-10-08 18:22:00,pass,test,150.59041551154942,603.4066861329118,0.42768536379505717,2.084868602646495,0.00010912132422633598,1,0
1431,2008-10-08 20:27:00,pass,test,1697.3145012070968,683.8277382475756,0.41638974898782916,9.13168645758021,0.0004914457848908205,1,0
1432,2008-10-08 21:19:00,pass,test,548.7487996804776,370.92833385369227,0.4056802904218625,3.0405865058332187,0.00028949570245319866,1,0
1433,2008-10-08 21:45:00,pass,test,135.29788012262142,542.8928722897505,0.41284078183372086,1.9418365290762847,0.001291644180563067,1,1
1434,2008-10-08 22:08:00,pass,test,393.9442741938207,190.9531832300269,0.4207293924463768,2.0122900013477225,0.00027140069386851097,1,1
1435,2008-10-08 23:13:00,pass,test,174.92114208752264,732.8017841128153,0.4370228894112792,2.7339866200479483,0.011223142934095457,1,0
1436,2008-10-08 23:50:00,pass,test,1709.222190762686,446.60259878995595,0.4127970087950368,7.699566392500924,0.0009528597307132595,1,0
1437,2008-10-09 00:23:00,pass,test,1740.148466727055,621.9923097467143,0.42635860930214714,9.004898539628796,0.0001229308285960003,1,0
1438,2008-10-09 04:34:00,fail,test,279.6209853876663,285.40145712980814,0.4165160706502729,1.7559729030948033,0.00034248303542046743,1,1
1439,2008-10-09 06:06:00,pass,test,340.86316733733173,290.8879378992601,0.41866033566711264,2.7626118244392885,0.0009348446706131323,1,0
1440,2008-10-09 07:38:00,pass,test,843.7049702459279,671.82111308023,0.41724924908137484,5.844566095865919,6.441266433429728e-05,1,0
1441,2008-10-09 14:15:00,pass,test,899.4765567695748,728.8763202790134,0.41271839275169486,6.361545829522243,0.001815714308449257,1,0
1442,2008-10-09 15:04:00,pass,test,340.53022178036315,249.05495573638206,0.40774948677638057,2.575386690365268,0.0005241172718254508,1,0
1443,2008-10-09 15:55:00,fail,test,408.65251369630937,851.9545978399846,0.4269497149777871,3.7604941399516667,0.00033470552241248965,1,0
1444,2008-10-09 15:56:00,pass,test,1144.508146787435,650.8120904071195,0.43728706298128966,6.794028090685201,0.0011175796042677602,1,0
1445,2008-10-10 10:05:00,pass,test,786.8830772224336,454.98446983631345,0.4350735436041438,3.6699908243302923,0.0012068161505563633,1,1
1446,2008-10-10 10:46:00,pass,test,843308954.043172,1787082319.8812635,0.4431234185084868,8351531.875226004,0.0006397968775344009,1,0
1447,2008-10-10 10:53:00,pass,test,256.4120709469472,225.5943500182537,0.4078690253181749,1.8534061747150323,0.0003647710962883854,1,0
1448,2008-10-10 12:30:00,pass,test,1077.593208490337,3256.400136187354,0.410245502410786,12.61430775857784,0.0006476942550094802,1,0
1449,2008-10-10 15:33:00,pass,test,276.61660380532146,232.60678891220118,0.40889811289769623,1.9721187819716177,0.0006223183167721329,1,1
1450,2008-10-10 15:50:00,pass,test,1440.477083258586,330.4078399873704,0.41361638677439805,5.500970675125708,0.09729715680941664,1,0
1451,2008-10-10 20:02:00,pass,test,1126.939890906772,665.3573694458919,0.41652681266729324,7.5497770346300594,0.0014697285910918055,1,0
1452,2008-10-10 21:03:00,pass,test,304.7452838467295,249.37342840850846,0.42495884607615636,2.451206911152629,0.0006424138161859411,1,0
1453,2008-10-10 21:07:00,pass,test,346.9842661900905,817.4849414942926,0.42433482496156827,3.685276902313036,0.0016720128072229817,1,0
1454,2008-10-10 21:16:00,pass,test,350.6361943352525,348.8557310542077,0.44618150705391113,2.8814296604143452,0.0002793732773040282,1,0
1455,2008-10-11 02:55:00,pass,test,114.25720487399671,554.1984199527087,0.4376629016928898,2.092129690000314,0.0005062996332991515,1,0
1456,2008-10-11 06:56:00,pass,test,843547476.2260082,1787874686.6333375,0.4476875903461741,8352335.456315343,0.0009759925139363434,1,0
1457,2008-10-11 07:38:00,pass,test,109.79299329252551,561.4932668289127,0.42076730721702243,2.212672085324827,0.00041833233248880384,1,0
1458,2008-10-11 07:39:00,pass,test,3840.534472676923,5432.897638466565,0.5012276462153268,51.07271319246752,0.012499440078760235,1,1
1459,2008-10-11 07:42:00,pass,test,1190.4199763268577,3719.3153812301634,0.41791284087400216,15.016988451981458,0.004427000775601579,1,0
1460,2008-10-11 08:27:00,pass,test,965.5925022844251,3297.7489971195046,0.4001570367305495,12.123678988348901,0.0007323668687021541,1,0
1461,2008-10-11 14:43:00,pass,test,2746.8020664515193,3518.879657545359,0.43588320856407936,17.54268517332192,0.0777740880471607,1,0
1462,2008-10-11 15:33:00,pass,test,276.6186022872188,247.9296782652269,0.42056050587019644,2.318323508328952,0.0003102277891273965,1,0
1463,2008-10-11 16:25:00,pass,test,235.29310200556372,216.70892408157914,0.40745954529910783,1.92094200601346,0.00025370051369075046,1,0
1464,2008-10-11 23:16:00,pass,test,487.8648307351132,309.01005332087425,0.424848171291838,3.66242598179632,0.0028521951427759066,1,0
1465,2008-10-11 23:58:00,pass,test,203.7918936283444,298.7880468973841,0.4115325397608694,1.7003723462618159,0.0003064175313562914,1,0
1466,2008-10-12 00:57:00,pass,test,284.8693880295108,282.9783449763734,0.4285873071022028,2.0674967406582416,0.0004191846743789708,1,0
1467,2008-10-12 01:50:00,pass,test,942.2052855875057,3288.299350483736,0.42060664428839273,11.985120222995656,0.001968671900299009,1,0
1468,2008-10-12 02:59:00,pass,test,573.9326549349125,364.99680478388257,0.42330040977101335,5.2092310158965205,0.0009004618205814215,1,0
1469,2008-10-12 03:21:00,pass,test,1632.0497023237224,3191.2242280031155,0.42238585883468455,15.882278258844748,0.002647921341894608,1,0
1470,2008-10-12 03:28:00,pass,test,525.5561354995107,219.5926105226505,0.41950457135474273,2.4445340854886104,0.0025480447658304036,1,0
1471,2008-10-12 08:19:00,pass,test,502.4395286940505,235.9505895589886,0.43517971033944325,3.705965040686983,0.0011064398992017023,1,0
1472,2008-10-12 18:47:00,pass,test,448.3480092395012,275.6504424941586,0.4187303847175478,2.231540750760844,0.002930956541180777,1,0
1473,2008-10-13 03:34:00,pass,test,551.8524061355544,579.8542915114026,0.4360584273066167,3.3461147212126363,0.0077539883094436,1,1
1474,2008-10-13 03:53:00,pass,test,339.6151603443443,228.6812931046512,0.4321338466693351,2.456178378348696,0.0017224760766128464,1,1
1475,2008-10-13 11:27:00,pass,test,501.37089193142566,559.3481275822005,0.4262678404288688,2.8802729253958805,0.0005513607776797649,1,0
1476,2008-10-13 12:18:00,pass,test,285.8997881284695,264.0231121694621,0.43274160529413463,2.18186060030482,0.000362196957406291,1,1
1477,2008-10-13 14:06:00,pass,test,740.357492389902,226.2962546408454,0.43335600904203664,3.4293710622080753,0.00019429418553530537,1,1
1478,2008-10-13 14:29:00,pass,test,942.2505935623618,560.5481283951838,0.4377794779650017,5.436212685929965,0.001733707214376861,1,0
1479,2008-10-13 14:30:00,pass,test,680.0645588141304,354.1901457961799,0.4121417046623811,3.7299415253319754,0.006327908052656104,1,0
1480,2008-10-13 14:55:00,pass,test,1429.198776083474,494.16447170239337,0.4050808387087595,5.924522425219662,0.00037525932061915624,1,0
1481,2008-10-13 15:42:00,pass,test,888.3453770222807,211.29158780462583,0.4207930489654062,3.286077801230125,0.002744826474630486,1,0
1482,2008-10-13 15:42:00,pass,test,259.33890602122943,656.7751371070196,0.45645248802680216,2.915891932494787,0.008644280602682802,1,0
1483,2008-10-13 16:13:00,pass,test,1429.5699900229833,473.40226444457915,0.41769541355708456,6.189845895907978,0.0007325585963459619,1,0
1484,2008-10-13 19:17:00,pass,test,268.6629625826184,235.91076977587983,0.4173418815551795,1.7696668638289523,0.003644719563050651,1,0
1485,2008-10-13 19:36:00,pass,test,387.6801147615723,206.51449025234731,0.43028957379754007,2.5858309497069665,0.0043682816766497535,1,0
1486,2008-10-13 19:40:00,pass,test,949.3092206719622,533.749998718085,0.44264665926123115,5.330446788023693,0.0001897836931698315,1,0
1487,2008-10-13 20:10:00,pass,test,798.7265203812776,244.90071867720144,0.42346091265491576,3.2023921055619993,0.0011022495060445338,1,0
1488,2008-10-13 20:30:00,pass,test,241.6637289343448,362.9043163954749,0.4614394809571823,4.129704321796642,0.007298260602902183,1,0
1489,2008-10-13 20:53:00,pass,test,602.577018925338,570.4111023978755,0.4716760496500558,4.892674246885483,0.001939494238320349,1,1
1490,2008-10-13 21:20:00,pass,test,1765.9965426239987,366.02774650581694,0.42851570843996156,7.633385659752293,0.004190364442513874,1,0
1491,2008-10-13 21:47:00,pass,test,2982.582464229121,487.4908784660605,0.4486729315411417,13.196318578655157,0.00034398678716332005,1,0
1492,2008-10-13 21:57:00,pass,test,219.75982575974987,328.5328107112198,0.4247635119124132,2.1476285889449427,0.00158790923779477,1,0
1493,2008-10-13 22:48:00,pass,test,674.4590482030319,498.61463367131023,0.4192964537452335,4.570783924008942,0.008251097764319086,1,0
1494,2008-10-13 22:54:00,pass,test,464.3786347432983,341.3948616088498,0.42612174382871976,2.688936602202168,0.00032842283677953833,1,0
1495,2008-10-14 00:35:00,pass,test,1125.0164340965691,678.2596344017159,0.42859857413564034,7.270767415563263,0.001443111854880761,1,0
1496,2008-10-14 03:21:00,pass,test,768.548730032427,245.01934599769828,0.41414876874152573,2.6189070728281476,0.0014793348387408928,1,0
1497,2008-10-14 03:28:00,pass,test,458.43411028381934,363.90442956948027,0.4278615393939001,3.5765313388511526,0.0016419263809164981,1,0
1498,2008-10-14 03:35:00,pass,test,291.2312549557253,201.63338060882967,0.4272258323353644,2.103951995488321,0.0022887410031107776,1,0
1499,2008-10-14 13:13:00,pass,test,939.1567744706981,359.42067518674537,0.44587543122933904,4.859760046480624,0.01247968413164337,1,1
1500,2008-10-14 13:16:00,pass,test,917.743464940009,586.3114773198919,0.42470274202289016,5.712144886344972,0.0007355678987752226,1,1
1501,2008-10-14 14:07:00,pass,test,402.296066522045,309.05785356761726,0.43702825076175805,2.7916475260457423,0.0004832221770364044,1,1
1502,2008-10-14 14:15:00,pass,test,565.9895246750908,544.3739778719754,0.42037321441672826,3.2649485997874237,0.0008014967768245694,1,0
1503,2008-10-14 14:43:00,pass,test,879.2238812039012,338.9306605669617,0.43668314060598384,2.9529775079189857,0.0012655855193003484,1,1
1504,2008-10-14 17:36:00,pass,test,569.8423241478132,458.1445047688102,0.40784302102161213,3.6354587247361545,0.003019767107916736,1,1
1505,2008-10-14 19:15:00,pass,test,368.78727722313147,199.15322552948973,0.4149656431516724,2.0717677413354725,0.035261388637117086,1,1
1506,2008-10-14 20:01:00,pass,test,570.1824709022703,190.66985638281722,0.44200349362808505,3.0695064494755697,0.01816161862164747,1,1
1507,2008-10-14 20:30:00,pass,test,319.50238321146185,349.06269692877004,0.4216557432970666,2.197201878410729,0.023614588635425756,1,1
1508,2008-10-14 20:48:00,pass,test,849.702032055406,531.6408373018251,0.4128468272480451,4.763272971409858,0.0051222312175793275,1,1
1509,2008-10-14 21:36:00,pass,test,636.0577254177497,382.3452295758879,0.43412496336642886,4.276125536459175,0.011498098948276895,1,0
1510,2008-10-14 23:07:00,pass,test,172.02477341941707,128.0637328708866,0.43217580506410297,1.824523345527997,0.0044592136310525055,1,1
1511,2008-10-15 00:03:00,pass,test,225.50387946007623,374.1349747002257,0.43466686444169117,2.219029593399515,0.009228454767708854,1,1
1512,2008-10-15 00:27:00,pass,test,488.24847983536125,477.44652142811276,0.4317489454993634,3.147738613832928,0.00038723905704978145,1,0
1513,2008-10-15 00:47:00,pass,test,871.9911441650096,336.09539508264993,0.4187478137653148,3.903675487395704,0.010696858557576754,1,1
1514,2008-10-15 01:52:00,pass,test,501.95704613433196,375.6185132663081,0.43038727079017197,3.849172613453393,0.002136250870038887,1,1
1515,2008-10-15 01:52:00,pass,test,345.54095178292033,148.39285917389384,0.4315447399163254,2.053119534816651,0.0005016368090809968,1,1
1516,2008-10-15 01:52:00,pass,test,258.2659120728399,139.46852272098693,0.4302389776044629,1.4928118798162653,0.0002840713283233127,1,1
1517,2008-10-15 02:40:00,pass,test,388.4807360169174,438.33447658036084,0.43533890256402014,3.0530906031941663,0.001712856338592615,1,1
1518,2008-10-15 02:40:00,pass,test,924.6193770578539,511.26851619329733,0.4333338716932759,5.430428572995837,0.005817893985822209,1,1
1519,2008-10-15 02:42:00,fail,test,526.9061996466685,807.878751532478,0.4359288964770385,4.5542123917531905,0.005603967300239572,1,1
1520,2008-10-15 03:24:00,pass,test,1216.2262990251882,726.5889214959864,0.4396991554961823,4.816748109572256,0.001828289700892265,1,1
1521,2008-10-15 04:08:00,pass,test,938.3504059831416,579.2462358865291,0.4274352019936498,5.741149000230933,0.02376702309477699,1,1
1522,2008-10-15 05:13:00,pass,test,311.91627011016385,285.1347781948956,0.4267091034035158,2.218834674947444,0.0014138949138805428,1,1
1523,2008-10-15 05:16:00,pass,test,786.0223895047702,248.71228807694263,0.43993666823515554,2.6797154253414264,0.00039205242931438037,1,0
1524,2008-10-15 06:49:00,pass,test,778.200881500756,230.26600793236832,0.4284463590231639,2.9108965293396247,0.0011654604603457564,1,0
1525,2008-10-15 07:36:00,pass,test,505.9403832501829,380.8858843599862,0.4430380701276922,3.8827729257934687,0.006365781104376246,1,0
1526,2008-10-15 07:55:00,pass,test,1145.8966370874004,699.9612269799018,0.4208964201978963,5.482463417923677,0.0024157404420522732,1,0
1527,2008-10-15 08:21:00,pass,test,892.8601062110528,470.5632978299798,0.4343464076128388,5.279091674752471,0.0005608138921644324,1,0
1528,2008-10-15 09:11:00,pass,test,952.2314025053295,323.8979106748171,0.44454490401390256,3.9863987555004914,0.0007549722219454101,1,1
1529,2008-10-15 10:00:00,pass,test,523.7901830016372,221.05777024625812,0.4292691165650716,3.1834354858797926,0.0009473386587225397,1,0
1530,2008-10-15 12:53:00,pass,test,277.54387765137534,281.21554815174,0.4276544666872105,2.200070166267989,0.0016828373054418601,1,0
1531,2008-10-15 13:14:00,pass,test,358.4007782929562,222.12038148921044,0.428973383466912,2.388652191826158,0.0006570697952830623,1,1
1532,2008-10-15 13:16:00,pass,test,526.5237284389291,576.1855946133311,0.41739654757640365,3.265524051143623,0.003162726505337365,1,1
1533,2008-10-15 14:08:00,pass,test,619.3364497596119,636.9446582216804,0.45568825726319234,6.248053950608713,0.004932525221209272,1,0
1534,2008-10-15 15:11:00,pass,test,555.6369159344268,441.3419459814284,0.42296947204252405,3.2872889447838824,0.0013639090113496538,1,0
1535,2008-10-15 16:24:00,pass,test,421.9464457297553,415.5981516936364,0.43802247259898763,2.869668324553433,0.001154434523176851,1,0
1536,2008-10-15 17:19:00,pass,test,466.06666766074363,1057.2819140566621,0.4358022087816881,4.875189445196677,0.001767503550053993,1,0
1537,2008-10-15 18:16:00,pass,test,182.58754573222956,150.23158971024606,0.42389385789548606,1.3555236533462005,0.00049783518150904,1,1
1538,2008-10-15 19:15:00,pass,test,239.10749144924108,85.75969883467518,0.42993511177270927,1.4153883457876872,0.000585699437376991,1,0
1539,2008-10-15 19:24:00,pass,test,1607.3542723677335,312.49028201422266,0.4492278336875269,6.570650675022641,0.0014372004110532366,1,0
1540,2008-10-15 21:44:00,pass,test,596.7927553417918,194.98913843782321,0.43192843941554687,2.851294796258973,0.0006375418167760515,1,0
1541,2008-10-15 22:45:00,pass,test,199.46298182908484,296.3083483898073,0.4216603851971749,3.1709711332710038,0.001256176032157667,1,1
1542,2008-10-15 22:54:00,pass,test,710.6927140677362,692.7987814494232,0.41881743270602395,3.5382864580375135,0.10605189167078061,1,1
1543,2008-10-15 23:00:00,pass,test,720.1982115651693,743.6786116982839,0.4197224195456442,3.632010850785524,0.0011817441775606044,1,1
1544,2008-10-15 23:45:00,pass,test,756.4154854684913,730.0958649746257,0.43074070423505423,3.9131885889532088,0.008446184624107636,1,1
1545,2008-10-16 02:16:00,pass,test,169.86492264944675,142.90252051115718,0.43091294782225625,1.2517470643222004,0.0020024756990009033,1,1
1546,2008-10-16 02:16:00,pass,test,634.4753570781251,132.6325750305577,0.4048069206756404,2.343975578031886,0.0025017794305346426,1,1
1547,2008-10-16 02:17:00,pass,test,309.9992137374073,254.9090235083171,0.4124226744901234,2.186752636690802,0.02863526614716666,1,1
1548,2008-10-16 02:22:00,pass,test,169.61633596123636,149.57971113901462,0.42461813240748386,1.357947403428844,0.0010838303661611427,1,1
1549,2008-10-16 02:55:00,pass,test,957.9266734935488,299.0015441413432,0.411396239278304,4.699487510961968,7.281490501638484e-05,1,0
1550,2008-10-16 03:56:00,pass,test,859.3059071062124,276.2375847385769,0.4323857028357488,3.6930170022349946,0.0019869053549690712,1,1
1551,2008-10-16 04:02:00,pass,test,808.623534473784,257.3963468159906,0.40417605842439597,3.1163453394565397,0.0004206944615256659,1,1
1552,2008-10-16 04:02:00,pass,test,376.3336807712978,237.9225387348211,0.4258035469495692,3.083671926504578,0.0002081304077291411,1,1
1553,2008-10-16 04:04:00,pass,test,283.328102328836,388.39794987712355,0.41427758609052273,2.3102968931332306,0.0011133042244426386,1,1
1554,2008-10-16 04:47:00,pass,test,277.65768760295697,188.97848770001684,0.41866558810816684,1.6462401073186668,0.0008113164226368436,1,1
1555,2008-10-16 04:50:00,pass,test,622.0096461782368,355.6738375131878,0.44196020465117425,3.384490752348012,0.03235243046143118,1,1
1556,2008-10-16 04:54:00,pass,test,675.9017656994342,365.03331680906524,0.4200654737779439,4.444377849632204,0.0006325576165227,1,1
1557,2008-10-16 05:08:00,pass,test,770.3360786763392,405.75028132739357,0.4207028284719371,3.941322779259076,0.0010125211764184427,1,1
1558,2008-10-16 05:13:00,pass,test,155.71233744610055,110.35046922453898,0.4061903060496046,1.0452731477496935,0.00034149110847059695,1,0
1559,2008-10-16 05:44:00,pass,test,334.69816515742787,197.25270327084013,0.437279591113163,2.23284996134002,0.0010537559198001273,1,0
1560,2008-10-16 05:58:00,pass,test,636.0521495322948,302.7599088270738,0.41657946955447767,4.501305969295476,0.003492732096561327,1,1
1561,2008-10-16 15:02:00,pass,test,153.1518252399791,129.31883243780797,0.4116079615362507,1.1392316587944162,0.005219208241787591,1,0
1562,2008-10-16 15:13:00,pass,test,895.5900112649706,266.4297541431722,0.43088450032912873,3.389841664984037,0.002714075318021172,1,1
1563,2008-10-16 20:49:00,pass,test,512.8656901316782,574.843103949563,0.41996713964804067,3.1121377465971563,0.0012745760244940484,1,1
1564,2008-10-17 05:26:00,pass,test,181.91667026479703,153.9372539129504,0.3872686395035803,1.025578105414021,0.19271106560067056,1,0
1565,2008-10-17 06:01:00,pass,test,797.0402084511089,261.71744661214115,0.42007196081612674,2.8362474653836136,0.0015233198454798439,1,0
1566,2008-10-17 06:07:00,pass,test,201.55630835245185,115.28061866007843,0.4191032935212967,1.5042415888553542,0.005045700823697443,1,0
